target_word_unique,avgRT_related,avgRT_unrelated,avgZ_RT_related,avgZ_RT_unrelated,seRT_related,seRT_unrelated,seZ_RT_related,seZ_RT_unrelated,target_sample_keep_related,target_sample_keep_unrelated,avgRT_prime,avgZ_prime
ling,738.4001326,552.2808269,0.164600966,-0.477839712,24.04122957,24.99941911,0.085705689,0.081982963,98,104,-186.1193057,-0.642440678
stupid,615.1422026,524.87275,-0.217179984,-0.594131779,10.19857326,7.563228118,0.035120403,0.02487866,385,384,-90.26945259,-0.376951795
alien,654.7332369,582.6823461,-0.011758078,-0.329533537,9.335570704,9.78795316,0.032429678,0.032738693,363,341,-72.05089086,-0.317775458
fingerprint,681.580567,622.1710853,0.060881977,-0.208716476,10.75137916,9.661621248,0.036776615,0.027043925,358,375,-59.40948169,-0.269598453
video,602.2281507,545.4933257,-0.265138741,-0.511410743,9.349971308,9.930090643,0.034151478,0.031369919,385,350,-56.73482493,-0.246272002
cynical,754.6116702,713.0663345,0.308952817,0.221260749,15.1388104,13.18208167,0.048602597,0.045475295,282,284,-41.54533571,-0.087692068
star,549.7284611,509.0354504,-0.468223616,-0.596393206,8.029716167,7.72851792,0.028286135,0.027345976,360,333,-40.69301065,-0.12816959
greet,591.599238,553.7946686,-0.308394283,-0.447907657,11.10769422,9.332955647,0.036873514,0.031082724,353,350,-37.80456939,-0.139513374
easy,539.3568182,504.0796313,-0.520244705,-0.653402546,9.261438127,7.467747977,0.030995237,0.026493531,385,358,-35.27718691,-0.133157841
gift,542.0047346,508.5647475,-0.504687356,-0.614090815,8.516717179,8.065590463,0.03011272,0.026482052,358,400,-33.43998715,-0.109403459
family,551.3804568,520.2138489,-0.498469212,-0.603380953,8.708877351,8.286782943,0.029931794,0.026390313,359,331,-31.16660789,-0.104911742
stop,530.6490419,502.3925733,-0.564205682,-0.651902751,7.923111637,7.275256954,0.027458326,0.025935371,382,382,-28.25646859,-0.087697069
tragic,567.9059537,541.1238545,-0.420412949,-0.486843873,10.41230123,8.148063478,0.032974657,0.02799771,367,385,-26.78209914,-0.066430924
subject,529.5907333,502.8911355,-0.544316378,-0.607637281,9.86582967,7.214917733,0.03302932,0.025133001,330,310,-26.69959783,-0.063320903
cap,583.1445707,556.6943244,-0.371573652,-0.422029905,10.37148608,8.897763515,0.033436603,0.033078641,368,332,-26.4502463,-0.050456254
forever,560.8075555,535.2829445,-0.485941142,-0.535542436,10.22844008,9.012543027,0.031470695,0.030058811,360,360,-25.52461109,-0.049601294
reply,571.6045972,547.0510811,-0.403649495,-0.481589551,10.92366754,8.352703518,0.034271682,0.030267436,360,345,-24.55351608,-0.077940055
challenge,557.9418429,534.8166264,-0.465168487,-0.53634123,9.436967444,8.46558829,0.029435509,0.028606545,382,356,-23.12521652,-0.071172743
loan,575.3938575,552.4080743,-0.357796834,-0.449962017,8.628920181,7.877216717,0.030376892,0.02861415,365,350,-22.98578325,-0.092165183
patrol,608.0202817,585.2018295,-0.279894508,-0.321440764,11.8982758,9.47940725,0.038255739,0.032940979,323,352,-22.81845219,-0.041546256
valley,593.6520484,571.1400924,-0.323062661,-0.378056962,10.61267534,9.314343468,0.033082811,0.031630552,351,357,-22.51195599,-0.054994301
audience,563.2587566,541.8465581,-0.424012886,-0.496212506,8.1034746,7.578407618,0.02741254,0.024900015,378,353,-21.41219854,-0.072199621
test,553.5023704,532.3092487,-0.481495507,-0.567996995,10.17391963,8.791440396,0.032412316,0.027365131,351,378,-21.19312169,-0.086501488
meeting,546.8322397,525.7535854,-0.483286411,-0.563364676,8.092960139,7.682213775,0.028823844,0.027491742,363,369,-21.07865431,-0.080078265
duty,592.3115027,571.5286415,-0.302028495,-0.388340812,10.08315708,9.887823925,0.032124382,0.034293278,372,332,-20.78286114,-0.086312316
disappointment,651.7511631,631.2954852,-0.110433432,-0.137547706,10.62938704,10.84782415,0.030565777,0.032027083,374,338,-20.45567789,-0.027114274
computer,535.347126,515.2505584,-0.574290702,-0.623782335,7.920368657,8.30847465,0.025152088,0.025419468,381,351,-20.0965676,-0.049491633
demonstration,687.80149,667.7146166,0.036534062,-0.002941253,12.12301542,10.11486152,0.037781205,0.029942299,349,373,-20.08687335,-0.039475315
army,571.1706,551.1355573,-0.417655788,-0.460096593,9.963647551,8.919232108,0.032298384,0.028480282,355,384,-20.03504271,-0.042440805
injection,613.7846593,594.0917521,-0.251865576,-0.327269018,10.93502809,9.53644917,0.032259225,0.027946227,364,363,-19.69290728,-0.075403442
crazy,530.6642546,511.5727014,-0.551613845,-0.637620038,8.309295632,7.811816883,0.028233308,0.024807589,346,365,-19.09155324,-0.086006193
ceremony,606.4736077,587.458967,-0.252370292,-0.347940108,10.13614962,8.977644711,0.030915963,0.029081638,390,333,-19.01464072,-0.095569816
electricity,590.4273536,571.5578581,-0.323003611,-0.365665831,10.90433004,8.787151554,0.031334399,0.030110975,379,303,-18.8694955,-0.04266222
assistance,599.1350425,580.398702,-0.279549947,-0.323382023,9.313485644,8.877718474,0.029928999,0.028492773,400,349,-18.7363405,-0.043832076
promise,570.3720418,551.751659,-0.438772666,-0.513179615,8.985422383,8.476225702,0.028647495,0.026936489,359,349,-18.62038275,-0.074406949
rope,568.2036647,549.6625502,-0.438313382,-0.464767136,9.367237655,8.880854718,0.032836129,0.030720626,334,349,-18.54111452,-0.026453754
effect,556.9643447,539.0241638,-0.464272852,-0.470112752,9.966029582,9.682525602,0.034762512,0.034351191,383,342,-17.9401809,-0.0058399
possibility,594.6372751,577.1027665,-0.338759315,-0.381430883,9.683413553,9.640310701,0.030302228,0.029732963,378,364,-17.53450867,-0.042671568
faithful,590.5975601,573.1958886,-0.393504891,-0.36091665,12.35328834,9.803494028,0.035980662,0.030865016,316,350,-17.40167156,0.032588241
confess,592.536997,575.2750633,-0.36470252,-0.344364014,12.18705301,8.763645904,0.035211228,0.033520631,336,332,-17.26193376,0.020338507
lover,546.4051994,529.3527826,-0.518784697,-0.584862518,9.444735833,7.772071861,0.028902465,0.027287655,351,368,-17.0524168,-0.066077821
camping,576.9259076,559.9149223,-0.39245173,-0.417557739,9.574359125,9.598421119,0.030629723,0.031847344,357,373,-17.01098529,-0.025106009
happen,539.5751509,522.7204484,-0.548690357,-0.576932581,9.918027293,7.567971745,0.031096285,0.027353253,371,368,-16.85470256,-0.028242224
likely,551.3104786,534.5245315,-0.486645953,-0.518109942,9.236145966,8.758883358,0.028569219,0.02874751,374,365,-16.78594709,-0.031463989
accusation,710.8953343,694.1548856,0.129277397,0.107046738,11.98415444,12.39872953,0.037423094,0.043158035,335,306,-16.74044873,-0.022230659
expect,558.7597618,543.0015748,-0.442511625,-0.498346962,9.58170903,9.046115669,0.033480976,0.029654753,361,341,-15.75818699,-0.055835337
eventually,577.019128,561.2789248,-0.385304621,-0.425272892,9.652407376,9.376334562,0.032626364,0.031781218,375,306,-15.74020317,-0.039968271
teenager,560.5879853,544.9316955,-0.435723295,-0.466697417,10.29243957,7.891412457,0.033413016,0.02811689,340,358,-15.65628977,-0.030974123
definition,582.8752229,567.7165809,-0.350141738,-0.427544328,9.540002443,8.465115271,0.030651282,0.027693608,323,346,-15.15864196,-0.077402589
truck,546.4695308,531.3140658,-0.512660032,-0.565233364,8.722638587,7.577970557,0.026763373,0.025907927,373,365,-15.15546508,-0.052573333
people,521.4670815,506.4241743,-0.618734642,-0.644208981,7.412562043,6.763324128,0.023718723,0.023925631,356,350,-15.04290718,-0.025474339
pressure,568.1709471,553.1490812,-0.403615816,-0.473473346,9.337139176,8.5764192,0.030218851,0.02768117,359,394,-15.02186585,-0.06985753
literature,602.1785745,587.1971038,-0.289664592,-0.320009468,10.78190471,8.458528619,0.030992816,0.029198838,369,337,-14.98147069,-0.030344876
fantasy,581.4393559,566.6331772,-0.402735599,-0.433261089,11.33690027,9.180206856,0.034878451,0.02850571,354,350,-14.80617878,-0.030525489
traditional,579.3310574,564.6067265,-0.375102469,-0.404173518,9.081716834,8.290766121,0.028411594,0.027175217,366,362,-14.72433085,-0.029071049
hammer,594.660274,580.0551529,-0.320941997,-0.312091542,9.563577488,9.664918952,0.029008209,0.033916211,354,340,-14.60512108,0.008850455
huge,554.0693826,539.4791357,-0.45296716,-0.513144269,9.078796912,8.215552419,0.031612565,0.028752086,371,376,-14.59024697,-0.060177109
shelter,593.8648481,579.4360177,-0.299498974,-0.366234247,10.26419684,9.599422977,0.033208531,0.032703402,349,338,-14.4288304,-0.066735272
failure,571.0990854,556.7792127,-0.38791715,-0.434745382,10.15660531,9.200521756,0.033955532,0.030388423,363,362,-14.31987268,-0.046828232
remain,579.2492493,565.0333051,-0.367504242,-0.402469602,10.75817114,8.093915393,0.035507187,0.028458595,365,354,-14.21594423,-0.03496536
surgery,564.4667892,550.4377165,-0.462785212,-0.471375626,9.845863059,7.866379918,0.029969117,0.027160448,370,395,-14.02907273,-0.008590414
legal,537.7270668,523.8377922,-0.549086071,-0.537646878,8.351837481,8.772799533,0.028174253,0.029944993,374,361,-13.8892746,0.011439193
steel,553.7781104,540.162379,-0.451097898,-0.475823647,9.267862635,8.103315993,0.032968108,0.031770667,346,343,-13.61573136,-0.024725749
really,525.8874945,512.3266168,-0.598881705,-0.646215628,8.929475159,8.759249696,0.029725108,0.02680407,362,334,-13.56087771,-0.047333924
disease,600.504662,586.948744,-0.306944125,-0.35754118,11.28793556,9.123580981,0.03487201,0.029005809,355,375,-13.55591796,-0.050597055
trial,564.0532267,550.5502436,-0.439783989,-0.478308019,8.411506218,9.089787893,0.029923698,0.029612992,397,390,-13.50298312,-0.038524029
informant,698.5939184,685.1226934,0.100697363,0.076555788,14.44531681,13.00982128,0.046724489,0.04745461,331,349,-13.47122501,-0.024141575
event,556.5878609,543.3213529,-0.434620608,-0.481407982,9.29793811,9.320262343,0.032043326,0.031808816,345,340,-13.26650793,-0.046787374
happy,514.1954801,500.9479209,-0.616961024,-0.658667138,8.208596999,6.975127364,0.029794758,0.025383044,377,379,-13.24755926,-0.041706114
vision,558.4513451,545.2512095,-0.439970647,-0.483382528,7.992273058,7.993574435,0.02701736,0.028538708,368,377,-13.20013556,-0.043411881
save,530.8615,517.8485657,-0.566815022,-0.61434401,8.807521263,7.833530841,0.02819893,0.027814102,380,327,-13.01293425,-0.047528987
stroll,626.4778127,613.5420378,-0.207460149,-0.192342562,11.41446887,11.15404337,0.03716865,0.038170824,363,344,-12.9357749,0.015117587
captain,545.6775026,532.8948693,-0.508712401,-0.514473265,9.544134952,7.947942153,0.026280167,0.026206259,380,352,-12.78263331,-0.005760864
dawn,585.61108,572.8601649,-0.354416115,-0.414322393,10.48850317,9.52632115,0.036566932,0.032501601,350,379,-12.75091506,-0.059906278
specialist,608.4817367,595.8370128,-0.243053193,-0.269152902,9.362031948,9.426902415,0.030771017,0.032264898,357,313,-12.64472392,-0.026099709
fly,543.9765057,531.5259377,-0.498183374,-0.523528178,8.461943183,7.440185445,0.029853006,0.025153794,348,353,-12.45056806,-0.025344804
suspect,574.4882149,562.1949257,-0.42454783,-0.421887588,10.60529102,8.808219461,0.032856248,0.031108079,335,404,-12.29328918,0.002660242
hiv,722.2011338,710.3744571,0.173911655,0.143797612,19.03956293,29.66099255,0.057319104,0.092804109,227,70,-11.82667671,-0.030114042
very,525.7056649,513.8916282,-0.55249325,-0.632841511,8.504639169,7.39874043,0.030324495,0.025576712,373,347,-11.81403665,-0.080348261
triangle,567.8722581,556.1561176,-0.395210729,-0.433962198,8.936828663,7.935091672,0.029877661,0.026742798,372,425,-11.71614042,-0.038751469
fraud,633.9768252,622.2960526,-0.124518763,-0.191577511,9.481218306,9.106028918,0.037135771,0.032686199,349,342,-11.68077259,-0.067058748
signature,561.973404,550.5074237,-0.429612496,-0.460625515,8.111301173,8.517267223,0.025939056,0.027397761,349,380,-11.46598035,-0.031013019
car,514.6244936,503.1595646,-0.62514713,-0.6617151,7.039621724,7.314424926,0.024386742,0.025591156,393,356,-11.46492904,-0.03656797
brave,520.2047688,508.7954274,-0.588037397,-0.625130278,8.226970598,6.966107387,0.028321254,0.026681324,385,351,-11.40934147,-0.037092881
sign,554.4891633,543.3326234,-0.460693324,-0.495501596,9.396619169,9.132755848,0.032084366,0.030875204,392,385,-11.15653989,-0.034808272
mistake,553.4615577,542.5616282,-0.467471209,-0.525772026,8.756416466,7.81669485,0.029563938,0.026152619,355,350,-10.89992954,-0.058300817
need,562.6984466,552.0107929,-0.456226038,-0.463823634,10.50591344,9.873823791,0.032660282,0.033948951,365,367,-10.68765365,-0.007597596
injury,565.2112179,554.6092861,-0.412398548,-0.413894084,9.354267189,6.895944763,0.028196519,0.025873349,358,367,-10.60193176,-0.001495536
amazing,527.7098608,517.1581349,-0.582333746,-0.570299876,7.966716098,7.849538594,0.025971935,0.026967993,395,378,-10.55172584,0.01203387
problem,538.6034665,528.0871662,-0.53626089,-0.527900427,9.757786989,9.015836608,0.030024613,0.030553116,358,325,-10.51630032,0.008360463
world,544.1775571,533.7975302,-0.523011221,-0.546602583,8.657894697,9.362440477,0.028046777,0.031155878,359,364,-10.38002687,-0.023591361
period,534.4420981,524.2739544,-0.568677091,-0.595955866,7.80849999,7.959908807,0.024257469,0.026523059,387,329,-10.1681437,-0.027278775
accompany,630.461383,620.4186356,-0.149520667,-0.206979043,10.22546769,9.338277641,0.035164742,0.028780851,329,376,-10.04274735,-0.057458377
normal,530.7145877,520.8109922,-0.54425644,-0.594352934,9.627556519,8.056004907,0.033320401,0.028538926,325,386,-9.903595473,-0.050096493
transfer,582.4665259,572.6097311,-0.361675499,-0.374243942,10.3027195,8.838766753,0.031018348,0.029373079,367,357,-9.856794794,-0.012568443
funeral,568.8324073,558.997938,-0.412122051,-0.433796711,9.138911058,8.844158288,0.029009527,0.028465276,356,371,-9.834469273,-0.02167466
performance,594.3727879,584.7357564,-0.307299466,-0.352868758,9.754138726,8.793881112,0.030014687,0.027160194,363,349,-9.637031418,-0.045569292
structure,569.7473132,560.1540974,-0.398489149,-0.410059698,8.864908537,7.16405676,0.026187894,0.025430443,364,421,-9.593215791,-0.011570549
danger,541.5194333,531.9634535,-0.528059949,-0.538176461,10.04701434,8.11272607,0.034177252,0.026127387,330,366,-9.555979797,-0.010116512
confidence,564.1791847,554.717074,-0.402143137,-0.43599292,9.096786726,9.368986794,0.02747783,0.029827579,352,338,-9.462110696,-0.033849783
statue,604.341015,595.020057,-0.28693495,-0.296278935,12.26137153,10.75250289,0.03668486,0.036132478,334,351,-9.320958,-0.009343985
spirit,544.485903,535.3042374,-0.526292647,-0.52937144,7.939323723,9.0410786,0.025911561,0.030233699,361,358,-9.181665613,-0.003078793
attempt,558.6925932,550.0590303,-0.447159474,-0.471733825,8.024852897,8.308285877,0.027415561,0.027342001,381,330,-8.633562871,-0.024574351
nation,570.0633876,561.7595611,-0.438579455,-0.407673335,9.242859165,9.077732602,0.02962029,0.031885815,387,385,-8.303826541,0.03090612
mirror,538.1360102,530.0001203,-0.531110455,-0.530969207,8.38463697,8.164029839,0.027467708,0.028754064,393,349,-8.135889845,0.000141249
beer,516.7224118,508.606317,-0.604265331,-0.630043085,7.630758925,9.130451019,0.026404135,0.029426655,374,306,-8.116094806,-0.025777754
ugly,551.0103983,543.1159917,-0.476150584,-0.525666037,8.443880184,9.220786832,0.02705737,0.028122897,477,361,-7.89440664,-0.049515453
dream,531.8844773,524.0033372,-0.545254551,-0.575059534,8.588859394,7.899145613,0.030706667,0.026541919,352,347,-7.881140081,-0.029804983
machine,548.8575055,541.011,-0.502326361,-0.530230018,9.400000544,8.84940106,0.02996889,0.030000046,364,353,-7.846505483,-0.027903657
democracy,618.2585486,610.4338511,-0.177903486,-0.207833043,9.359929501,8.003529846,0.031995963,0.024570781,381,376,-7.824697507,-0.029929558
break,519.2191132,511.4368132,-0.593723017,-0.609346072,7.634667553,7.937714988,0.027661447,0.028107981,362,348,-7.782300035,-0.015623055
capitalism,620.5769721,612.8921,-0.198613109,-0.188680187,10.42400644,10.56951478,0.034769236,0.032939216,323,360,-7.684872144,0.009932922
fatal,610.728188,603.1644438,-0.267264153,-0.263681865,9.873809508,9.863516497,0.031006168,0.033782315,367,365,-7.563744165,0.003582288
elegant,604.3777369,596.9970453,-0.27185741,-0.279046592,10.27550379,9.943062896,0.034023814,0.033827876,361,353,-7.380691522,-0.007189181
classic,533.2535706,526.2878735,-0.560961296,-0.568333189,10.52702118,8.95716834,0.033157016,0.028257728,340,324,-6.96569712,-0.007371893
speed,546.0324048,539.0747514,-0.537514456,-0.529390935,11.55216547,9.565792387,0.033433344,0.030430874,331,358,-6.957653438,0.008123521
mercy,561.7812251,554.8322546,-0.430732202,-0.451057855,10.53224552,9.001503365,0.032257558,0.029857286,342,377,-6.948970504,-0.020325653
magazine,580.1963327,573.2567337,-0.437116634,-0.401660792,9.87820471,9.724301465,0.027837321,0.032164228,376,368,-6.93959903,0.035455843
soda,565.5786322,558.6683701,-0.452135925,-0.433425429,10.35204146,8.335947441,0.030823244,0.029520776,367,335,-6.910262007,0.018710496
authority,601.9933134,595.1990504,-0.297245697,-0.310758721,10.19977919,9.516608637,0.030895971,0.028711124,351,377,-6.794263001,-0.013513024
vote,539.6185802,532.8275588,-0.519647503,-0.553262311,7.831440251,8.267999097,0.026692591,0.02749474,374,374,-6.791021375,-0.033614808
advise,580.4356905,573.7722336,-0.313607668,-0.379169384,10.59663827,9.311539606,0.037948078,0.031804756,387,351,-6.663456836,-0.065561716
passport,562.0197802,555.3587373,-0.422495719,-0.481575364,8.748814574,8.092700112,0.027304929,0.026189324,373,354,-6.661042873,-0.059079645
hell,543.3398242,536.7632104,-0.489222855,-0.546880987,7.550412047,10.69741722,0.027481171,0.033647366,421,347,-6.576613853,-0.057658133
remarkable,639.5419227,633.3006156,-0.130656606,-0.141062445,10.87945174,8.75570155,0.03393504,0.029437745,375,333,-6.241307049,-0.010405839
believe,528.543787,522.3304135,-0.57949064,-0.571156492,9.524418059,8.68778007,0.028661811,0.026647921,338,341,-6.213373488,0.008334148
knew,548.8804958,542.7090217,-0.455170397,-0.507389747,8.759617127,8.998081762,0.03156779,0.030775589,359,323,-6.171474147,-0.05221935
romantic,551.4512265,545.3177207,-0.470479632,-0.443307769,8.432352021,8.201898833,0.028937076,0.027155752,415,376,-6.133505767,0.027171863
exaggerate,665.169189,659.0561474,-0.021554764,0.008071997,11.12328056,10.12929513,0.035791034,0.033682271,344,346,-6.11304157,0.029626761
passion,571.4425283,565.4568912,-0.37923938,-0.404197783,8.496747442,9.527790288,0.03110194,0.03279248,371,340,-5.985637114,-0.024958403
joy,526.2622459,520.3892568,-0.579735591,-0.555553382,7.294949218,7.607404868,0.02736226,0.027669116,362,366,-5.872989041,0.024182209
airport,550.6601563,545.0449973,-0.48100712,-0.498319026,8.802078533,9.551151114,0.029112367,0.028061303,339,369,-5.615159055,-0.017311907
strange,567.736082,562.1296164,-0.422396173,-0.449527875,9.613829315,10.16666417,0.030264489,0.030230971,366,391,-5.606465605,-0.027131702
woman,526.2220705,520.6766459,-0.550659461,-0.593486719,8.079961308,8.040294276,0.029044237,0.029440631,312,370,-5.545424572,-0.042827259
product,537.9565146,532.4406793,-0.516980783,-0.520638927,7.840936042,8.128564904,0.028441455,0.027380824,377,343,-5.515835306,-0.003658143
emotional,547.6977328,542.245654,-0.461620894,-0.511749745,8.503884081,8.17491264,0.029379406,0.023863942,363,367,-5.452078825,-0.050128851
minister,608.9315186,603.4874873,-0.248135253,-0.231510995,9.17008473,9.693749947,0.031369756,0.03294942,349,355,-5.444031282,0.016624258
phrase,590.1686338,584.7481035,-0.332962616,-0.329990427,9.938257064,10.73709813,0.031762022,0.03377554,355,348,-5.420530344,0.002972189
professional,586.0769312,580.6653395,-0.345912222,-0.359701578,9.335630277,10.62285454,0.02887215,0.032547718,378,324,-5.411591721,-0.013789356
ironic,594.8329484,589.4653646,-0.327788191,-0.306839918,11.01189609,9.976274093,0.034157077,0.033923156,368,384,-5.367583788,0.020948272
bacon,564.1875561,558.9400443,-0.428109236,-0.429772958,9.366817541,9.68227768,0.031639748,0.031932277,374,361,-5.247511812,-0.001663722
detective,589.4088185,584.1991684,-0.347833398,-0.352376765,8.168545089,9.615164288,0.024294986,0.0289928,358,392,-5.20965008,-0.004543366
invest,585.7238346,580.5242402,-0.362488415,-0.355172458,9.802277784,10.12714122,0.031882608,0.032783103,387,358,-5.199594388,0.007315958
amount,555.8042853,550.723362,-0.439567381,-0.485422547,9.602430593,9.291270938,0.031133831,0.032820515,361,326,-5.080923343,-0.045855167
convent,683.5730833,678.4988509,-0.007695068,0.024570367,14.23554354,13.69896753,0.044848793,0.047318683,324,322,-5.074232399,0.032265435
description,599.838808,594.9746022,-0.290124443,-0.306648693,8.92542459,8.677684193,0.027613658,0.029238994,349,372,-4.864205869,-0.01652425
different,565.7442166,561.1361225,-0.457139984,-0.432649842,11.24658288,9.839065525,0.031920884,0.033435373,337,351,-4.608094108,0.024490142
outcome,567.9364254,563.366678,-0.399204685,-0.418954783,8.827287546,9.471284154,0.028270683,0.031478902,362,354,-4.569747459,-0.019750099
flour,549.7266011,545.2335878,-0.487298647,-0.484252567,8.671299416,7.960105098,0.02902918,0.027402567,366,393,-4.493013305,0.00304608
compassion,586.4302066,582.062462,-0.358847653,-0.343786972,9.210064115,9.507980423,0.029503831,0.030956746,380,303,-4.367744553,0.015060681
timer,592.9684945,588.629345,-0.311787431,-0.301943473,9.469338714,10.25490245,0.032337754,0.032704656,364,371,-4.339149486,0.009843958
dress,534.1165066,529.9084364,-0.556320608,-0.571929724,8.491137525,8.133944565,0.029450239,0.027783955,377,401,-4.208070226,-0.015609116
poem,593.4099716,589.2388011,-0.307497733,-0.294015822,9.785688662,9.260154226,0.032888978,0.030915041,378,362,-4.17117048,0.013481911
wizard,565.3076491,561.2607437,-0.48286055,-0.445033369,10.04925871,8.308927318,0.027182329,0.029540807,379,359,-4.046905353,0.037827181
funny,513.7485092,509.7546789,-0.604568109,-0.620681098,7.633743411,8.21926601,0.02797588,0.028566941,328,327,-3.993830241,-0.016112988
additional,579.1398416,575.236643,-0.380385801,-0.398041264,9.606220136,9.218111165,0.028622645,0.02834489,385,409,-3.90319854,-0.017655464
length,533.7691989,529.9713244,-0.5394343,-0.523015081,9.051475843,8.127423781,0.028645108,0.029732699,372,373,-3.797874525,0.016419218
sufficient,625.0430718,621.3199157,-0.226801724,-0.200065915,9.688661972,10.80366162,0.031477134,0.031913625,390,332,-3.723156153,0.026735808
actor,539.2355014,535.5152692,-0.495686143,-0.514810843,8.269815707,8.961791444,0.032031605,0.029644157,355,338,-3.7202322,-0.0191247
silence,553.2378571,549.5321755,-0.503984035,-0.45233865,8.632084259,9.451377546,0.028855511,0.031004763,371,376,-3.705681611,0.051645385
sermon,708.0945311,704.4820882,0.178777953,0.103142393,14.16109032,15.89444312,0.047794657,0.051872567,273,238,-3.612442909,-0.075635559
medal,573.3696394,569.8892443,-0.378560515,-0.3814065,10.27436633,10.09247768,0.033824048,0.034786254,366,348,-3.480395084,-0.002845985
depression,584.7079657,581.3977642,-0.356248458,-0.358320404,9.756946386,9.655068547,0.033080359,0.028583214,321,369,-3.31020152,-0.002071946
sabotage,662.7000932,659.4542277,-0.000417209,-0.012184531,10.37943847,9.913577908,0.035319951,0.03471076,322,325,-3.245865464,-0.011767322
stone,526.963728,523.7245738,-0.584031024,-0.604043271,8.605432599,8.43412302,0.029347049,0.026959435,375,359,-3.239154167,-0.020012247
surface,564.5810515,561.3487016,-0.403917006,-0.442001765,8.522123093,8.930948249,0.028728953,0.029632277,388,372,-3.232349919,-0.038084759
bruise,584.0724892,580.9631096,-0.342869383,-0.3300659,10.93547392,9.539927315,0.033184085,0.030516813,370,356,-3.109379623,0.012803483
nervous,541.8145405,538.7136578,-0.473255581,-0.506759117,8.496421769,7.839846502,0.028879464,0.025683037,370,377,-3.100882714,-0.033503536
talent,552.2694416,549.3230451,-0.489472036,-0.525890399,9.565813546,8.755880467,0.030191147,0.026758677,360,377,-2.946396544,-0.036418364
indicate,651.9467841,649.0083994,-0.07376939,-0.089400724,10.16119678,11.79183195,0.034022166,0.040097483,352,333,-2.938384677,-0.015631335
scientist,580.0797224,577.3704805,-0.379007548,-0.382980713,9.169722737,10.38999975,0.027664103,0.033387705,353,333,-2.709241897,-0.003973165
repair,560.4054098,557.93175,-0.433740025,-0.417343348,8.165459325,8.679897764,0.027614984,0.02829082,388,412,-2.473659797,0.016396677
apartment,571.6812121,569.2326557,-0.39824366,-0.378608151,9.618454461,8.877376221,0.030958987,0.029945943,330,366,-2.44855638,0.019635509
district,587.4724127,585.1287863,-0.339537906,-0.345708843,9.620769686,9.733469934,0.030824828,0.031170731,378,365,-2.343626379,-0.006170937
highness,605.322129,602.9957325,-0.295220785,-0.250389897,13.03272166,10.24686287,0.037545537,0.031866418,341,385,-2.326396564,0.044830888
tunnel,566.6975561,564.3893446,-0.398777732,-0.387544036,8.990135364,8.571238815,0.031041108,0.028265299,374,354,-2.308211509,0.011233697
thank,547.4699682,545.2447622,-0.507763426,-0.489880729,10.03755689,8.93401409,0.033162166,0.030602008,346,349,-2.22520604,0.017882698
excuse,559.6074884,557.4313314,-0.471801799,-0.46625892,10.42071466,10.18316651,0.030662159,0.030919841,344,338,-2.176156998,0.005542879
build,553.7622507,551.6155894,-0.453326869,-0.464729307,9.593100963,9.876796721,0.03060355,0.031859652,339,358,-2.146661351,-0.011402438
heavenly,614.0882292,612.1146455,-0.24061735,-0.213572693,12.01142796,10.74274811,0.034860577,0.035513783,336,347,-1.973583641,0.027044657
shoe,546.1807878,544.2183494,-0.476905407,-0.487321039,9.272293345,10.15861588,0.032751323,0.032457381,344,352,-1.962438363,-0.010415633
great,528.6626743,526.7314404,-0.54791673,-0.580826116,9.298477384,9.218758034,0.031400525,0.028682106,367,361,-1.9312339,-0.032909386
disappearance,647.6653837,645.8664561,-0.067366359,-0.071191462,11.05750528,12.10903169,0.03651199,0.037070112,344,353,-1.798927637,-0.003825104
maintenance,632.3273561,630.5861166,-0.168723541,-0.120454046,10.1499888,9.320003291,0.031420442,0.032233246,351,326,-1.741239562,0.048269494
telephone,569.2113182,567.5675672,-0.403365526,-0.393443982,9.779409797,8.519023632,0.029839532,0.027944409,352,372,-1.643750985,0.009921544
price,531.1560577,529.5324846,-0.545159112,-0.558224378,8.20820267,8.105670888,0.027623688,0.029052111,381,357,-1.623573147,-0.013065266
privacy,558.9963701,557.4178483,-0.444420257,-0.441225113,9.795505542,8.14852385,0.031419653,0.027635786,381,356,-1.578521769,0.003195145
pregnancy,567.8796154,566.3332927,-0.419762236,-0.376293873,7.881539706,8.034014294,0.023164651,0.027794525,377,345,-1.546322667,0.043468363
light,532.4679022,530.9525337,-0.537137035,-0.535197945,9.197139845,8.837360438,0.029126443,0.031014755,368,371,-1.515368456,0.001939091
coffee,517.6324676,516.1409848,-0.616053923,-0.587042649,7.164973619,7.813795403,0.024044102,0.02861015,370,373,-1.491482756,0.029011274
assumption,616.1542997,614.7227138,-0.193077581,-0.186324132,10.28715691,9.056138227,0.032193551,0.029478312,367,311,-1.431585896,0.006753449
writer,548.6661589,547.2507938,-0.518723966,-0.461425447,9.26244571,7.925099605,0.027119861,0.029482831,365,388,-1.415365091,0.057298519
leader,537.4552615,536.0869802,-0.544431226,-0.518862669,8.111139609,8.06425189,0.026526024,0.028111028,371,353,-1.368281293,0.025568557
package,574.0848262,572.8688518,-0.386177761,-0.381025818,8.760738472,8.812720805,0.028841009,0.028378813,374,351,-1.215974375,0.005151943
win,535.7080922,534.6942688,-0.548831722,-0.538081011,9.322494261,8.918874662,0.033417277,0.029328147,347,372,-1.013823389,0.010750711
letter,537.454093,536.5075457,-0.51798861,-0.533187966,9.175807841,8.342664495,0.028627349,0.02840273,387,361,-0.946547313,-0.015199356
beauty,523.5725519,522.7812757,-0.616400156,-0.56121724,8.68404083,9.064468863,0.025930494,0.029630865,395,330,-0.791276139,0.055182916
evening,545.2071606,544.5172405,-0.498272983,-0.489534103,8.661484944,8.373371286,0.029193033,0.029018843,386,341,-0.689920132,0.008738881
dance,512.4887469,511.8493355,-0.599379035,-0.573933665,8.224115753,8.625766298,0.028505291,0.029855729,363,310,-0.639411395,0.02544537
artificial,637.324907,636.6867386,-0.113439406,-0.138751665,10.77428934,10.35145119,0.033160114,0.032194625,355,371,-0.638168486,-0.025312259
map,525.5378203,524.9310896,-0.550345848,-0.577984071,8.54575281,8.180271798,0.030672884,0.029180301,345,346,-0.606730699,-0.027638223
lovely,510.2678995,509.7099972,-0.645414308,-0.606709617,8.836614637,6.938997065,0.027794423,0.024371792,368,361,-0.557902222,0.038704691
team,532.9991745,532.4916055,-0.553392903,-0.55737712,8.029239044,9.683743828,0.029474453,0.030693149,384,365,-0.507569021,-0.003984218
education,555.6824391,555.2863411,-0.451523807,-0.457193391,8.683548261,8.302188721,0.029029019,0.02781496,353,384,-0.396097944,-0.005669584
snake,549.15604,548.8708938,-0.514023198,-0.46400647,10.16576985,10.03684262,0.031979148,0.032089367,375,386,-0.285146206,0.050016728
attract,553.9981205,553.7457744,-0.473063428,-0.477923422,9.407791582,8.415630344,0.031058497,0.027821606,332,359,-0.252346106,-0.004859994
silver,550.6967026,550.9256043,-0.492424042,-0.482623237,9.30215342,8.225709813,0.029201826,0.028145694,366,374,0.228901695,0.009800805
succeed,561.5030936,561.817282,-0.421875352,-0.428315049,10.15723341,9.974667873,0.029343061,0.028794691,374,351,0.314188467,-0.006439697
work,502.589691,502.9091686,-0.66454746,-0.643604612,8.458110469,7.884670466,0.030128787,0.027781739,356,350,0.319477578,0.020942848
simple,539.5984986,539.9411866,-0.510709894,-0.55627327,9.812006401,9.302683772,0.033604687,0.03026291,365,359,0.342688003,-0.045563376
fog,580.0055061,580.44593,-0.352684184,-0.318609097,9.636283174,8.296551805,0.033880415,0.030016655,326,357,0.44042385,0.034075087
put,560.7767904,561.2305,-0.430582327,-0.448933698,9.518348353,9.540605932,0.032065993,0.034840042,377,348,0.453709551,-0.018351371
finish,531.3417199,531.8419551,-0.536363079,-0.551903992,8.559128044,8.795102599,0.029581152,0.029495561,332,356,0.500235179,-0.015540913
hungry,530.7944564,531.2997392,-0.553824366,-0.550391403,9.077838775,9.254397306,0.028593943,0.028690663,344,348,0.505282786,0.003432962
van,578.6211364,579.2375595,-0.343278302,-0.33133695,8.986189975,9.914857691,0.030860672,0.037587421,352,311,0.616423118,0.011941352
honest,536.1708466,536.9035861,-0.562136283,-0.554988494,9.509036172,8.16580333,0.028516464,0.026940225,352,389,0.732739513,0.007147789
contrary,680.9512702,681.912922,0.062700857,0.06051656,13.78204041,13.34173252,0.045148466,0.043772129,322,346,0.961651786,-0.002184297
friend,554.3166201,555.4437186,-0.505436451,-0.465119448,10.11261721,9.121380843,0.031657694,0.029352926,358,366,1.127098454,0.040317003
prohibit,657.7178743,658.9415875,-0.086276285,-0.019800568,11.80406788,10.64776567,0.038407912,0.037376946,342,337,1.223713255,0.066475717
criminal,566.4407536,567.6834227,-0.439505094,-0.411820377,9.439691117,8.22792881,0.030202776,0.026402009,354,388,1.24266907,0.027684717
prize,560.8790223,562.2740251,-0.41486463,-0.414059725,9.096386541,9.838234173,0.031022116,0.035481877,404,359,1.395002788,0.000804905
headquarters,670.4222153,671.8291351,-0.000943609,-0.014413211,10.41300514,12.41580404,0.033805967,0.036165159,353,333,1.406919838,-0.013469602
escape,552.1103305,553.5937061,-0.451631447,-0.431842874,9.103082188,7.331787656,0.030894261,0.027726276,354,330,1.483375546,0.019788573
bullet,568.1315155,569.6700815,-0.424994541,-0.440350208,8.321293944,10.36892506,0.0277815,0.032662327,355,356,1.538565974,-0.015355667
financial,592.0368556,593.5885459,-0.320657215,-0.319471359,10.67806573,10.35577815,0.033127943,0.030673201,367,381,1.551690348,0.001185856
go,526.1571243,527.96425,-0.572876974,-0.563165214,9.471026814,7.96151756,0.030415361,0.028270753,346,372,1.807125759,0.00971176
closed,542.5205945,544.3341757,-0.51599104,-0.501619252,9.308731376,7.91112273,0.031699397,0.026807086,365,387,1.813581186,0.014371788
justice,545.7975879,547.6888816,-0.467884731,-0.486442636,9.10316621,9.518437168,0.029173715,0.02932922,381,380,1.891293668,-0.018557906
prepare,551.6406843,553.7003492,-0.483900671,-0.442149934,9.37884454,8.889145867,0.027082291,0.02769205,358,358,2.059664808,0.041750737
electric,568.4784011,570.5513159,-0.423152845,-0.37812597,11.60182596,10.01932638,0.034678081,0.034458376,349,316,2.072914744,0.045026874
kingdom,553.1307014,555.2311841,-0.448380445,-0.440695319,9.81578363,9.33361608,0.028869552,0.029084911,345,353,2.100482689,0.007685126
mixture,578.8075409,581.0033205,-0.363334014,-0.356213999,9.272926802,9.231582038,0.031693912,0.028567749,355,365,2.195779691,0.007120015
bed,535.7497386,538.0429879,-0.563278343,-0.532979673,10.0695639,8.229266675,0.034118303,0.027412416,329,331,2.293249316,0.030298671
honesty,532.1929378,534.5189865,-0.548673365,-0.524643842,7.236512812,7.066169489,0.025314936,0.025244381,370,369,2.326048617,0.024029523
battalion,755.6985909,758.0376018,0.31864933,0.406348865,18.41194291,17.011776,0.057092702,0.061936292,198,216,2.339010939,0.087699534
hard,509.5118095,511.877478,-0.613749426,-0.621133792,7.563820092,8.13557631,0.027442962,0.028684559,378,346,2.365668527,-0.007384367
professor,566.4437688,568.8837196,-0.421847646,-0.379452409,8.396339609,8.994895894,0.028353734,0.028542911,373,378,2.439950771,0.042395237
opponent,614.1397961,616.6098179,-0.217097391,-0.198585227,11.40156461,9.830240383,0.038100882,0.034153508,358,346,2.470021826,0.018512163
accept,506.1974386,508.6773693,-0.60043433,-0.625265032,9.640023961,7.376773932,0.030290144,0.025144417,171,371,2.479930654,-0.024830702
creature,546.2259263,548.7355646,-0.518534441,-0.470447711,8.555467347,8.66216677,0.029066399,0.028683101,380,356,2.509638282,0.048086729
rarely,585.5690108,588.1905514,-0.354868498,-0.31787334,9.46814633,9.39906471,0.03061246,0.032456292,397,370,2.621540564,0.036995158
location,559.2152667,561.857481,-0.444320342,-0.41307884,8.737230577,7.948200427,0.0283071,0.025840154,345,368,2.642214309,0.031241502
fence,583.9773906,586.6673567,-0.335332023,-0.304548629,8.865020696,9.662807154,0.030064813,0.032909003,402,328,2.689966153,0.030783395
garbage,558.1380173,560.8640145,-0.438915454,-0.430924687,8.98595894,8.741973836,0.030059297,0.028588343,347,344,2.725997246,0.007990767
substitute,631.5128547,634.2951055,-0.210798658,-0.138106409,10.92159769,10.94967485,0.03158446,0.03542101,351,360,2.782250849,0.072692249
eat,527.5609662,530.3677597,-0.615673318,-0.519511544,9.689404066,8.360556348,0.028933332,0.029077497,355,362,2.806793461,0.096161774
child,513.4812296,516.3266028,-0.648949544,-0.627039793,9.047410129,7.61169713,0.028805962,0.025822514,331,360,2.845373156,0.021909751
medallion,725.5876358,728.748221,0.23853096,0.251396928,13.74268559,16.29399499,0.045550328,0.052619093,313,267,3.160585192,0.012865968
correct,522.0037557,525.3629405,-0.581782757,-0.583169835,8.865229292,9.541046205,0.030617926,0.029855567,352,353,3.359184824,-0.001387078
generous,582.5605078,585.9951584,-0.358364723,-0.297964138,9.503526805,10.76677198,0.027948642,0.032741757,384,341,3.434650546,0.060400585
juice,536.9181914,540.4085,-0.533424758,-0.543787138,9.540690998,9.889710499,0.027415519,0.02524071,397,396,3.490308542,-0.010362379
angry,534.3839341,538.3579165,-0.53147868,-0.530591404,8.944072063,8.513802944,0.028469324,0.026660559,364,383,3.973982392,0.000887276
television,563.5600487,567.5840919,-0.401094614,-0.381943402,7.935012517,8.736117359,0.02629116,0.030615092,390,359,4.024043198,0.019151211
investigate,616.2411628,620.2703906,-0.239360416,-0.219041126,10.64447843,10.75995789,0.031656614,0.032842045,344,337,4.02922786,0.02031929
sport,520.5624987,524.6220083,-0.59934495,-0.583041085,8.823389809,8.08804399,0.029302511,0.026397377,385,360,4.059509634,0.016303866
doctor,536.2780812,540.3427619,-0.549690549,-0.542120191,9.764497624,7.933593268,0.032476925,0.027259792,357,399,4.064680683,0.007570358
find,527.3613047,531.5024441,-0.591860753,-0.558802575,8.94365368,8.353511474,0.03206469,0.031232151,338,367,4.1411394,0.033058178
planning,553.0101178,557.226997,-0.468665827,-0.423108672,10.43475353,8.563282556,0.033235419,0.030329171,348,334,4.21687918,0.045557155
dignity,608.2979568,612.5419514,-0.264143453,-0.236983328,9.398803483,9.538172605,0.031486737,0.03258437,345,348,4.243994671,0.027160125
dark,526.6683269,530.9772737,-0.551101908,-0.52217212,7.717768409,7.7559531,0.027528171,0.030521364,364,358,4.308946818,0.028929788
press,538.6351581,542.957941,-0.535956454,-0.513192917,8.498063943,9.337612981,0.030444332,0.029832297,329,356,4.32278294,0.022763537
news,538.9538984,543.3158742,-0.514322649,-0.500867507,8.614051479,10.92361726,0.030073318,0.034393743,364,334,4.361975888,0.013455142
address,533.6907948,538.1181259,-0.576561362,-0.531013184,8.344622649,7.995456098,0.02576792,0.025185851,346,405,4.427331111,0.045548178
still,526.8667541,531.2984651,-0.585487082,-0.571641129,9.267400278,8.983577385,0.029719625,0.028187965,366,344,4.431711029,0.013845954
fight,534.0024768,538.5795098,-0.515496717,-0.525047253,8.445783866,9.422080446,0.030053955,0.029348159,344,408,4.577033027,-0.009550536
carpet,574.2470355,578.9409877,-0.421673746,-0.375555108,10.69243522,10.18057519,0.033759991,0.032785818,366,325,4.693952164,0.046118638
inform,582.0765066,586.8480396,-0.380146679,-0.324814388,10.42892702,10.12256114,0.035019452,0.034999459,377,354,4.771532922,0.055332292
judge,527.5946161,532.5164919,-0.564444201,-0.536943358,8.867300012,9.544902112,0.028618307,0.029458174,336,370,4.921875828,0.027500844
password,549.1895044,554.1358938,-0.483603696,-0.434995935,8.039176638,7.759422727,0.026107785,0.024543139,372,386,4.946389405,0.048607761
fax,616.3285761,621.3188953,-0.191490474,-0.126058159,10.04663929,12.43333623,0.037060151,0.04668431,335,296,4.990319143,0.065432315
income,545.1804071,550.1863869,-0.482609461,-0.428577296,7.49467458,8.359712336,0.027719136,0.030308563,366,367,5.005979796,0.054032165
sensitive,559.0512665,564.0580296,-0.428606698,-0.44734462,8.749461491,8.602707105,0.027820396,0.029585845,394,371,5.006763145,-0.018737922
copy,540.1182275,545.2459865,-0.519881393,-0.506175822,8.116314566,8.785276652,0.026532137,0.030882338,378,369,5.127758951,0.01370557
think,510.7352563,515.8689404,-0.588526545,-0.605989296,7.983506286,7.225060584,0.027271732,0.02618014,359,369,5.133684119,-0.017462751
funding,576.7217533,581.9026862,-0.377803063,-0.328769912,9.776830865,10.18889702,0.032822075,0.036969338,361,341,5.180932903,0.049033151
style,540.5264114,545.7718025,-0.513198939,-0.486255973,9.421206906,9.509504673,0.030391836,0.034362256,333,324,5.245391066,0.026942966
baseball,555.8756065,561.1427265,-0.489472217,-0.440447612,9.573977331,8.794508359,0.028371906,0.028488078,371,351,5.267120025,0.049024605
drunk,525.9070242,531.2870092,-0.570891967,-0.548862976,8.566320824,8.608236578,0.02856581,0.029822606,372,326,5.379984998,0.022028991
bait,612.7120014,618.2380252,-0.215554941,-0.167760138,10.5052108,10.30250878,0.037394906,0.038815312,346,317,5.526023841,0.047794802
defend,563.4797956,569.1007549,-0.416324449,-0.392207645,8.821858815,8.85310776,0.029105508,0.029944233,367,355,5.620959282,0.024116804
game,496.9010235,502.6907445,-0.686651514,-0.653593778,7.640768791,7.356534919,0.026677575,0.026463307,340,411,5.78972102,0.033057736
driver,541.943081,547.7349265,-0.518393763,-0.496706555,8.570632351,9.679361702,0.029295487,0.028356181,321,381,5.791845505,0.021687207
calculate,579.9876317,585.7858462,-0.363592688,-0.329016266,8.848978928,9.396501083,0.028824111,0.029711114,391,370,5.798214456,0.034576422
arrest,563.0838926,569.0113876,-0.431333812,-0.443605917,9.563915467,9.470059993,0.030090941,0.029694612,363,356,5.927495078,-0.012272105
plastic,550.228727,556.4773551,-0.462753714,-0.458261131,7.725486305,8.231737075,0.027467117,0.029124737,348,378,6.248628069,0.004492583
merchant,618.2729122,624.6050612,-0.167749802,-0.175157169,10.24802015,9.121755307,0.034356419,0.031518225,319,376,6.332148946,-0.007407366
comedy,543.1722752,549.516373,-0.522203398,-0.474241594,7.743671566,8.385185012,0.025923449,0.028284304,338,378,6.344097868,0.047961804
emergency,549.7062807,556.1384416,-0.492164472,-0.434281481,8.701821079,8.904716222,0.025176922,0.029688627,367,317,6.43216099,0.057882991
signal,548.898079,555.3631031,-0.473739929,-0.443242484,8.320470969,8.140713354,0.029560518,0.028083019,405,388,6.465024082,0.030497445
voter,622.8153902,629.3881239,-0.18672937,-0.163862792,12.70403068,10.68824447,0.04133632,0.037703579,305,347,6.572733747,0.022866578
salary,545.7978184,552.3840966,-0.505661158,-0.469528533,9.105978636,9.119445507,0.02894087,0.027438913,366,352,6.586278219,0.036132625
study,506.651328,513.2893324,-0.630259559,-0.59584242,6.925369733,7.024305766,0.022869274,0.025725411,378,364,6.638004375,0.034417139
fish,511.3590165,518.012723,-0.64337715,-0.597089279,8.685148155,8.296146949,0.02713325,0.029486309,363,343,6.653706507,0.046287871
photo,525.3938163,532.0648347,-0.577537148,-0.560019991,9.040668588,9.695686712,0.031455796,0.031386167,332,363,6.671018414,0.017517157
blue,489.3625365,496.084619,-0.673971121,-0.662934408,6.735190209,7.126446357,0.024817815,0.024946646,384,420,6.722082594,0.011036713
race,525.3740059,532.149944,-0.566678897,-0.516592387,7.882450536,8.21745219,0.027593805,0.027363183,342,375,6.775938137,0.050086511
execution,629.2506011,636.0265665,-0.161860522,-0.176235024,10.38895003,12.79789306,0.034498224,0.038531534,371,346,6.775965381,-0.014374503
garage,570.8555243,577.70505,-0.404824508,-0.380945932,9.654350767,10.02372953,0.030198129,0.031415732,349,337,6.849525673,0.023878576
knife,534.0783526,540.9351689,-0.552824264,-0.498519974,8.618310516,8.005311361,0.029005399,0.028224833,380,367,6.85681632,0.054304289
ultimate,594.5472599,601.4553737,-0.341587116,-0.294706124,10.32216195,10.28843537,0.02793008,0.031364138,354,380,6.90811378,0.046880992
device,576.1298095,583.040404,-0.361453545,-0.347960229,10.52690676,9.204005057,0.035330247,0.031789669,336,396,6.910594507,0.013493316
local,558.2287259,565.1945702,-0.473566064,-0.482184049,9.673518196,11.64509543,0.031713348,0.034922431,343,342,6.96584424,-0.008617984
wealth,557.3816491,564.3828149,-0.456700124,-0.428464368,8.534391672,9.737350785,0.03100756,0.031300079,342,335,7.001165822,0.028235755
meal,517.6305405,524.707649,-0.633306481,-0.603705575,8.980231053,8.743157329,0.029988134,0.031880541,346,359,7.07710856,0.029600906
friendship,552.8103398,559.8927676,-0.493934479,-0.416733719,9.613924034,8.115897189,0.03047536,0.027535986,359,370,7.08242777,0.07720076
offend,590.1606477,597.2780955,-0.327059095,-0.335082377,9.710942094,11.25286848,0.033523115,0.034073126,369,335,7.117447827,-0.008023282
usual,563.0924831,570.291349,-0.41136935,-0.41472744,9.100652366,9.094108591,0.031261269,0.030692759,354,361,7.198865968,-0.003358089
destiny,570.8618983,578.1497469,-0.393622782,-0.35474506,9.33400075,9.39739347,0.029281071,0.032177834,354,324,7.287848602,0.038877722
holiday,540.2601337,547.5788409,-0.557114504,-0.509908337,9.28091329,8.488528843,0.028077594,0.02824502,359,377,7.318707142,0.047206166
weak,532.3501382,539.73873,-0.56280308,-0.536307121,8.764150962,8.461656675,0.029198381,0.028948424,369,400,7.388591797,0.026495959
mayor,576.0449944,583.4461806,-0.362262692,-0.307443664,10.88343095,9.665844571,0.035920258,0.032382716,360,360,7.401186131,0.054819028
prosecutor,698.2085072,705.6121262,0.044427873,0.168792773,12.16720935,11.66674964,0.035108454,0.039977623,349,325,7.403618991,0.1243649
station,554.6238287,562.045715,-0.461221547,-0.405808764,9.83778463,8.665193258,0.028257262,0.030345871,388,393,7.421886303,0.055412784
collapse,587.2237038,594.7380229,-0.327134245,-0.310214716,9.519913972,9.51278811,0.029516555,0.030764822,341,349,7.514319094,0.016919529
fighter,553.1290919,560.6472181,-0.473948954,-0.42551898,9.649008484,10.48786199,0.030664893,0.034516205,359,298,7.518126193,0.048429974
young,529.2731892,536.818639,-0.567885193,-0.519501442,8.031813707,8.316282081,0.028363246,0.027936445,370,337,7.545449801,0.048383751
player,542.81925,550.4254072,-0.519744664,-0.498868641,9.216803896,9.845128098,0.030473474,0.030162149,340,388,7.606157199,0.020876023
shoot,526.3477573,533.9654636,-0.556843159,-0.581027946,7.820368261,8.127279738,0.026473246,0.02741579,379,343,7.617706304,-0.024184787
development,571.7551595,579.3746686,-0.344338055,-0.325812775,7.439106449,8.417815038,0.028473082,0.031878718,351,341,7.619509094,0.01852528
legend,546.1087718,553.7304172,-0.47745829,-0.467572722,8.506815945,8.671712478,0.028659431,0.029935403,355,366,7.621645344,0.009885568
spend,553.3046439,561.0311295,-0.453091247,-0.406149676,9.464209542,9.152775216,0.03308114,0.032703911,351,363,7.726485605,0.046941572
unique,573.1747407,580.9527822,-0.373884478,-0.388826039,8.731910839,11.16287323,0.031953807,0.031651983,375,371,7.778041483,-0.014941561
friendly,528.4686296,536.2600718,-0.55493555,-0.537112783,7.583420352,8.844157841,0.026418971,0.02664878,378,376,7.791442196,0.017822767
owner,553.1673882,560.966227,-0.472922998,-0.43976483,9.404119434,8.553786991,0.030776184,0.028855895,340,392,7.798838813,0.033158167
temperature,562.6658475,570.5219453,-0.43817052,-0.417744703,8.943791278,8.390729617,0.027417458,0.024345333,341,347,7.856097757,0.020425817
disgusting,587.0359513,595.1000703,-0.301739227,-0.314964891,9.456656026,9.808026204,0.03106072,0.030431579,370,370,8.064118923,-0.013225664
connection,552.7706345,560.9312758,-0.463815871,-0.398999759,8.264647749,9.959461584,0.027581926,0.030616399,342,330,8.160641257,0.064816113
group,518.8520558,527.0159503,-0.589148047,-0.564471452,6.808478258,8.476398712,0.024066908,0.028135681,394,342,8.163894468,0.024676595
cheese,519.3614622,527.5261163,-0.590697282,-0.553590137,7.532602144,8.197046161,0.027233855,0.028516009,357,301,8.16465409,0.037107145
community,555.5008539,563.7632759,-0.461693304,-0.432794166,8.239375138,8.244830097,0.027913692,0.027368768,356,377,8.26242191,0.028899138
mountain,534.7134112,543.046607,-0.498777127,-0.478306549,7.255420794,7.393158719,0.024344731,0.027289083,394,374,8.333195775,0.020470578
interesting,565.7182151,574.1359535,-0.434222558,-0.379891881,10.1652116,8.845789884,0.030262117,0.030687894,358,387,8.417738404,0.054330677
devil,537.6571877,546.0829614,-0.519551533,-0.491589607,9.103427889,8.892791287,0.031151585,0.030766154,341,363,8.42577375,0.027961925
wolf,511.208306,519.6746121,-0.586711185,-0.588571718,7.229469109,8.218404038,0.028174481,0.027659661,353,348,8.466306104,-0.001860533
nephew,583.9392908,592.4529972,-0.373337255,-0.316811722,10.23531072,9.076419252,0.031101101,0.030554739,368,363,8.513706489,0.056525533
fishing,547.5964406,556.1805959,-0.517775918,-0.453201194,9.256878031,9.606014455,0.03099654,0.030575738,345,344,8.58415536,0.064574724
candle,546.4786274,555.1250173,-0.516746379,-0.436598176,9.270140499,8.28537828,0.029984896,0.02810968,365,346,8.646389941,0.080148203
system,521.4816534,530.197595,-0.555540583,-0.535889533,7.344681207,8.212443363,0.026348831,0.028755767,352,363,8.715941623,0.01965105
match,532.0638187,540.7841805,-0.563585527,-0.510743986,8.753809312,8.869358121,0.027770528,0.030109224,353,349,8.720361831,0.05284154
assist,568.8803094,577.815995,-0.394263793,-0.343022015,9.185451525,8.76892218,0.029811333,0.030600425,320,402,8.935685653,0.051241778
understand,555.940527,564.9545865,-0.458690971,-0.420267354,8.51940847,8.917932422,0.027168833,0.028512798,370,370,9.014059481,0.038423617
rent,553.224952,562.325891,-0.464057979,-0.421744847,8.856385263,10.40593132,0.029776848,0.034274457,396,312,9.100939003,0.042313132
analysis,594.2804023,603.5424783,-0.280606367,-0.246658549,8.271427423,8.313937589,0.029023561,0.027087037,348,368,9.262075959,0.033947818
rabbit,532.718011,542.0351479,-0.537745798,-0.502211279,7.534774821,7.409410364,0.026438831,0.025496361,365,372,9.317136887,0.035534519
plausible,710.9910769,720.4040221,0.183749322,0.165062709,11.57033406,13.12875256,0.037251018,0.039846762,325,317,9.412945171,-0.018686613
scar,569.062361,578.4923127,-0.390837735,-0.353313361,8.978366575,9.388825502,0.030030973,0.031158043,385,371,9.429951625,0.037524374
clinic,583.9887849,593.7284,-0.383380752,-0.330045718,9.126954667,8.856398405,0.029877063,0.028547619,372,405,9.739615063,0.053335034
cheap,543.4869017,553.2269298,-0.485253184,-0.486250208,9.023738619,9.00810019,0.030188905,0.0299089,356,342,9.74002816,-0.000997024
feeling,534.1597322,543.9217294,-0.529817364,-0.536662304,8.949232011,8.86117707,0.030028781,0.028013636,310,340,9.761997174,-0.006844941
chase,559.976919,569.7543787,-0.439042811,-0.41247347,8.730885967,11.26597621,0.032018283,0.035820664,395,338,9.777459728,0.026569341
savior,609.5875882,619.3746012,-0.269109512,-0.200457793,12.26543742,13.43826488,0.0371295,0.041395591,357,331,9.787012956,0.068651719
remember,541.44892,551.3057459,-0.51765881,-0.48950043,8.19299047,9.07532652,0.029054151,0.029460833,363,362,9.856825839,0.028158381
lake,532.1004765,542.0719288,-0.573281531,-0.50574573,9.237829459,8.081540128,0.028297606,0.028477296,405,379,9.971452224,0.067535801
urine,611.894914,621.8724849,-0.254104794,-0.201016856,10.28201458,10.04345933,0.032315605,0.032180719,349,332,9.9775709,0.053087938
president,565.0010657,575.0299174,-0.435274881,-0.400386591,8.985255122,10.05850232,0.027696113,0.030420947,350,351,10.02885167,0.03488829
kill,547.4227904,557.4863227,-0.487947222,-0.43552319,9.174441007,9.190036416,0.033115971,0.033020361,334,354,10.06353232,0.052424032
select,536.6425836,546.7675029,-0.559156753,-0.484064491,10.96695259,8.57478497,0.032777736,0.031974858,340,350,10.12491923,0.075092262
joke,509.8457253,520.0332803,-0.639576767,-0.555030168,7.452133305,8.407161544,0.025419513,0.030669887,364,371,10.18755505,0.084546599
music,500.1091454,510.3513711,-0.66433905,-0.643068554,7.46251165,8.060451687,0.025737681,0.028095739,399,353,10.24222574,0.021270496
sale,550.4357881,560.8231947,-0.481262976,-0.459197189,10.26831369,9.249362633,0.032831698,0.030035135,332,375,10.38740653,0.022065786
delicious,574.7140363,585.119312,-0.405759043,-0.390261146,9.285563876,10.21334037,0.029997082,0.030528693,386,343,10.40527567,0.015497897
complete,546.8381258,557.2487753,-0.470011024,-0.468637616,9.797615159,8.710336135,0.033741125,0.027962955,326,356,10.41064951,0.001373407
exercise,553.7891657,564.2249193,-0.469603281,-0.412750601,9.92638956,9.672437683,0.031903327,0.033354284,338,322,10.43575358,0.05685268
maintain,578.2741484,588.8373578,-0.336329936,-0.291454495,9.252319099,9.367236008,0.034665963,0.033471847,337,341,10.56320939,0.044875441
musician,575.5106564,586.2286297,-0.406365991,-0.30158212,10.39204087,9.64706375,0.031016882,0.031683094,358,370,10.71797329,0.104783871
flower,514.745665,525.4841174,-0.610698461,-0.565523502,8.017507519,8.730147755,0.026878911,0.028084159,400,394,10.73845245,0.045174959
close,514.0468449,524.8680057,-0.596280856,-0.595949259,8.992607231,9.587786112,0.032230415,0.030990706,361,353,10.82116078,0.000331598
wish,527.5402209,538.5945972,-0.572048024,-0.516726725,8.470309331,8.936769834,0.031681322,0.030011274,344,355,11.05437625,0.055321299
painter,570.4986785,581.6573703,-0.40884098,-0.319662788,10.44831875,9.572016917,0.034872875,0.034903653,339,343,11.1586918,0.089178192
survive,529.5438172,540.8048448,-0.558626367,-0.50236968,8.050892285,7.933571889,0.024467412,0.028541938,361,351,11.26102758,0.056256687
wash,526.2649545,537.5301565,-0.573234644,-0.530037194,8.937805817,7.661718974,0.031509592,0.029852047,330,377,11.26520196,0.04319745
mission,545.14933,556.4155056,-0.494774314,-0.496782428,8.953097466,9.470510965,0.029284615,0.030412009,375,356,11.26617566,-0.002008114
approval,553.8858217,565.2625871,-0.463690457,-0.399001738,9.057708421,8.3172277,0.02880395,0.027136786,359,327,11.37676541,0.064688719
accident,541.0680661,552.4916973,-0.516389684,-0.479066149,9.446232693,7.676420358,0.029010905,0.025075961,348,370,11.42363119,0.037323535
proof,546.2932901,557.7477697,-0.495771234,-0.456398513,9.098884493,8.670964886,0.028188243,0.029912239,362,356,11.4544796,0.039372722
door,511.443819,522.9082535,-0.633935673,-0.570191456,7.935307039,9.269910758,0.029379765,0.028612252,348,343,11.46443452,0.063744216
centimeter,652.5164985,664.0436018,-0.092364666,0.004642251,11.51833673,10.09256452,0.032959047,0.034120106,343,339,11.52710324,0.097006917
symbol,559.3742017,570.9384293,-0.415561913,-0.412680345,8.919211623,8.289559759,0.029442903,0.026914138,347,417,11.56422753,0.002881568
yesterday,542.9183914,554.5702261,-0.52695338,-0.479092264,9.662514994,9.850349905,0.029237349,0.029765217,373,345,11.65183465,0.047861116
wire,567.9975405,579.678559,-0.423464051,-0.328542885,10.5597716,8.830202905,0.034582472,0.034708582,346,356,11.68101853,0.094921166
remove,543.4050172,555.1097072,-0.512475964,-0.454386091,9.28068421,10.29033869,0.029583848,0.032710095,350,362,11.70469003,0.058089873
office,517.869836,529.6545983,-0.583147006,-0.556313789,7.705861527,8.222937459,0.025636071,0.029143652,372,356,11.78476231,0.026833217
uniform,552.2542347,564.0424877,-0.463826335,-0.410129581,9.566628822,8.257737622,0.030020846,0.029230636,375,367,11.78825308,0.053696754
beard,553.9051707,565.7939107,-0.460921173,-0.38148682,8.544219752,9.168806724,0.029084915,0.032808451,375,347,11.88873999,0.079434353
childhood,554.3170088,566.2814804,-0.474564123,-0.421447457,9.375365234,9.014200644,0.029139069,0.02803842,342,383,11.96447162,0.053116666
continue,523.760986,535.754942,-0.583360886,-0.549461748,7.611419836,8.743404263,0.027084315,0.026870492,358,345,11.993956,0.033899138
colonel,675.2516397,687.2882268,0.024954272,0.055448972,12.55455302,11.79405465,0.045930863,0.039250554,297,313,12.03658709,0.0304947
salad,526.0768027,538.1285128,-0.580310204,-0.517240113,7.424175599,8.187015791,0.025671136,0.025533614,375,390,12.05171015,0.063070091
effective,556.2829443,568.3401733,-0.432760697,-0.395158552,9.011700738,9.250615751,0.027849156,0.028567718,341,375,12.05722905,0.037602145
concentrate,623.0574678,635.1148963,-0.218728528,-0.16260855,11.76099018,11.47861858,0.033281764,0.034765322,357,357,12.05742857,0.056119978
technique,579.1599559,591.2401185,-0.326603923,-0.326357066,9.610331981,8.794058733,0.032825838,0.029184914,340,371,12.0801626,0.000246857
energy,519.800371,531.9142917,-0.558249267,-0.545765197,7.465387648,8.474842081,0.027617031,0.029474509,372,336,12.1139207,0.01248407
blackmail,623.1098491,635.3067984,-0.185553345,-0.14404527,11.02795366,11.15290907,0.031412954,0.032483442,338,367,12.19694925,0.041508075
important,551.2459284,563.4621559,-0.464787583,-0.398576683,8.320820919,9.336012154,0.030005878,0.030990354,377,340,12.2162275,0.066210899
cancer,528.4344653,540.6567307,-0.586340624,-0.522679487,8.828814225,7.60123265,0.029787063,0.027374222,346,375,12.22226534,0.063661137
inside,532.7626607,545.0226994,-0.580653768,-0.544949757,8.955941015,11.34645977,0.028779659,0.030959324,333,336,12.26003874,0.035704012
sleep,515.9549189,528.2297662,-0.622999619,-0.581209962,8.268985398,10.09270474,0.027382448,0.031897521,370,355,12.27484727,0.041789657
disturb,592.5814039,604.8907692,-0.308413778,-0.235811666,10.38291362,10.62923513,0.034946356,0.033460092,359,351,12.30936533,0.072602112
reduce,577.6139533,589.997938,-0.359428246,-0.312400301,10.09479038,10.31081522,0.033329026,0.032071208,385,355,12.38398476,0.047027945
landlord,588.2626712,600.6587419,-0.304827208,-0.283660095,8.789074915,10.02894895,0.028533658,0.028975638,365,341,12.3960707,0.021167114
refresh,561.2196456,573.6733115,-0.450584946,-0.394213313,7.901960402,9.609451242,0.026621173,0.031042632,412,341,12.45366584,0.056371633
building,548.3077014,560.7894045,-0.492043868,-0.426839031,9.278462167,8.752494134,0.030335476,0.02924432,355,356,12.48170311,0.065204838
title,532.0817778,544.6370094,-0.556478974,-0.523634501,7.811713613,8.144301984,0.025358899,0.026351452,362,363,12.55523163,0.032844472
hide,529.9069945,542.5322486,-0.54834131,-0.52189111,8.357065512,10.81107121,0.028886864,0.034099653,363,350,12.62525408,0.0264502
bird,528.2828787,540.9527453,-0.57026615,-0.530244037,8.526985667,8.398664131,0.025943739,0.025891881,404,377,12.66986664,0.040022113
bus,525.4803333,538.1505952,-0.57001565,-0.521290826,8.153125628,7.328019029,0.027075483,0.025799909,372,373,12.67026184,0.048724825
heal,552.4889621,565.192849,-0.456526798,-0.387407182,9.005034606,8.584325452,0.031241756,0.031007632,369,371,12.70388698,0.069119616
rome,637.4787335,650.1925623,-0.11143052,-0.062935935,10.11899237,11.97523031,0.034641525,0.041899186,364,329,12.71382879,0.048494585
psychology,597.9710919,610.7470225,-0.289683493,-0.183774561,10.0645723,8.815357592,0.030069774,0.031825453,381,356,12.77593061,0.105908932
religion,566.7948563,579.5847447,-0.407890291,-0.330055935,9.332402667,9.838833882,0.030561855,0.032477226,355,310,12.78988841,0.077834356
modest,578.4732939,591.2914058,-0.361501616,-0.33232716,10.28291569,9.675696232,0.033852898,0.032298082,347,345,12.81811185,0.029174456
act,533.6416017,546.5121976,-0.512626509,-0.5036242,9.384137237,9.841157739,0.030422636,0.031048988,344,329,12.87059583,0.009002309
sentence,552.2570428,565.1716905,-0.444881708,-0.40633635,7.996686426,7.836379545,0.026453571,0.026872736,397,378,12.91464767,0.038545358
tooth,514.9134546,527.8473176,-0.595599186,-0.56867327,7.215636163,8.824471466,0.026873201,0.031063046,385,359,12.933863,0.026925915
know,504.6903226,517.7393264,-0.643103004,-0.638026339,8.151671071,8.500014686,0.027036095,0.027488382,372,386,13.04900384,0.005076665
explosion,577.4526015,590.6326813,-0.3983974,-0.320011633,9.957891189,10.29971825,0.029154892,0.031797808,399,364,13.18007981,0.078385767
strawberry,549.3179974,562.5199418,-0.469714986,-0.421728319,8.519981459,9.883273017,0.029653318,0.031107522,378,361,13.20194449,0.047986667
atmosphere,608.3467677,621.6184059,-0.255029462,-0.146443181,9.319079908,8.973150186,0.031298211,0.031070468,353,372,13.27163818,0.108586281
reactor,626.6768654,639.9681478,-0.22534663,-0.122177395,11.6889889,11.55982944,0.039343631,0.037467435,327,373,13.29128234,0.103169236
past,535.7100543,549.0950798,-0.528630416,-0.491522947,9.264258664,10.0096545,0.033361853,0.03380163,350,351,13.38502548,0.037107468
cotton,536.9762051,550.3861662,-0.536686855,-0.508130005,8.67356693,9.472666726,0.028046761,0.029608093,356,373,13.40996115,0.02855685
muscle,536.1636934,549.5816961,-0.528039451,-0.468587147,7.618333227,9.969491745,0.027227339,0.030231195,362,362,13.41800277,0.059452304
physical,544.3116853,557.7655439,-0.504744157,-0.453540156,8.574948173,9.246822571,0.027835189,0.028620567,359,342,13.4538586,0.051204001
alibi,761.8853493,775.344645,0.349410079,0.402285115,16.37938878,15.92938853,0.049617816,0.047815403,209,231,13.45929575,0.052875035
thunder,572.7459253,586.3076006,-0.424565169,-0.321738711,11.08531882,9.309640282,0.030105212,0.032715928,348,358,13.56167528,0.102826458
idiot,548.2604548,561.8699802,-0.459858971,-0.420591172,9.4324228,9.685784983,0.031541013,0.029459463,398,354,13.60952545,0.039267799
defeat,573.7539067,587.3951171,-0.395130825,-0.374258965,8.627782831,8.839839176,0.029146533,0.030740765,375,350,13.64121049,0.02087186
beautiful,518.9917188,532.7054368,-0.593095274,-0.5343573,7.632020914,7.629496313,0.025753171,0.02779246,377,380,13.713718,0.058737974
directly,557.1337889,570.8570536,-0.459035014,-0.429845667,8.605756546,9.982278183,0.029136093,0.029626518,379,392,13.72326466,0.029189347
determination,662.6017507,676.3385177,-0.067361872,0.043169073,11.73337444,10.55023782,0.033646956,0.033360107,345,367,13.73676699,0.110530945
weapon,555.5518379,569.3697721,-0.478711074,-0.428914071,8.061480844,10.32295198,0.026951451,0.029765184,364,373,13.81793423,0.049797004
confusion,560.7930161,574.6206431,-0.441748441,-0.377177347,8.977309929,9.651654462,0.025664473,0.03015125,373,353,13.82762699,0.064571093
laugh,522.804775,536.7637923,-0.573937779,-0.5258779,8.850221444,7.843325036,0.029032704,0.026722607,360,366,13.95901735,0.048059879
perspective,618.9755628,632.9534012,-0.191622999,-0.187782488,9.428521229,10.71834108,0.033112122,0.03397346,350,334,13.97783835,0.003840512
free,503.8852177,517.9105378,-0.676202939,-0.590679178,8.907894413,8.429264665,0.02552063,0.02879477,372,370,14.02532009,0.08552376
radiation,614.7710234,628.7978169,-0.241860613,-0.133887617,9.879969302,9.368528752,0.032428433,0.030733368,342,366,14.02679355,0.107972996
father,504.2212318,518.4672429,-0.684612033,-0.577248483,7.258179956,7.91314831,0.025162035,0.027767923,358,354,14.2460111,0.10736355
sun,515.8068886,530.0555637,-0.628523988,-0.524089421,8.939446038,8.360889974,0.030650961,0.029843814,350,314,14.24867513,0.104434567
noon,549.1839356,563.4557829,-0.460964383,-0.449698537,8.850295933,10.29720488,0.032295865,0.034178207,357,350,14.27184727,0.011265845
winner,527.6457414,541.9192982,-0.583396163,-0.549828149,9.501947899,10.47703011,0.02640157,0.028299871,379,335,14.27355677,0.033568014
confirm,531.6510805,546.0352401,-0.544587866,-0.499201087,8.27596357,7.923526162,0.02620541,0.024801605,385,379,14.38415959,0.045386779
catch,529.8126831,544.3473079,-0.579966001,-0.479403346,7.871269056,8.266411758,0.027376652,0.02885157,385,393,14.53462477,0.100562655
ship,517.5528531,532.1044167,-0.589201319,-0.550632742,9.28938368,8.926776612,0.03310762,0.029832342,320,384,14.55156355,0.038568577
song,524.1516757,538.7380483,-0.596004281,-0.50494792,8.472217209,8.669629985,0.028765732,0.031735782,367,352,14.58637255,0.091056361
gratitude,610.2951985,624.9040203,-0.246640996,-0.181546784,10.14004764,9.481845672,0.032173041,0.033143931,398,345,14.60882178,0.065094212
birthday,547.439432,562.0931484,-0.51420306,-0.438412969,9.06218514,9.304207102,0.02802722,0.029430601,375,384,14.65371645,0.075790091
order,545.3729711,560.0825066,-0.507547327,-0.454615778,9.217820086,9.062885293,0.029641617,0.029627617,380,381,14.70953551,0.052931549
cigar,587.8127909,602.5520447,-0.309508097,-0.19923263,8.913788009,7.984550542,0.031282143,0.031187276,373,380,14.73925386,0.110275467
nose,511.5042476,526.3073789,-0.586219805,-0.542700316,7.156238237,7.887219448,0.025960678,0.028739701,355,380,14.80313133,0.043519489
neck,534.7054258,549.5286332,-0.53176827,-0.499286039,8.084510359,8.231439517,0.028531474,0.026369527,357,379,14.82320747,0.03248223
ride,517.0333193,531.8575517,-0.608076547,-0.574353822,8.278593949,9.815833443,0.02804404,0.029987685,357,377,14.82423241,0.033722725
empire,565.9182526,580.7470814,-0.434045036,-0.377991428,9.335130486,9.41580193,0.031056649,0.02841596,392,393,14.82882888,0.056053608
write,511.2708624,526.1957225,-0.606093386,-0.600690554,7.938352784,8.534188684,0.026886493,0.026879426,356,364,14.92486015,0.005402832
pleasant,559.3437391,574.337339,-0.443431917,-0.411387818,9.095523207,10.72352972,0.029567195,0.031486047,345,354,14.99359987,0.032044099
circus,561.6010395,576.6190572,-0.418615858,-0.368960848,9.729444049,10.55847392,0.032712814,0.03486214,329,367,15.01801769,0.049655011
party,543.9366551,559.0932747,-0.520345032,-0.461832431,8.924303381,10.64144654,0.0303098,0.034935759,345,375,15.1566196,0.058512602
prisoner,584.9811409,600.1556687,-0.338980033,-0.27233208,9.561621228,10.94187473,0.029923192,0.033943644,355,338,15.17452779,0.066647953
guilty,559.284347,574.480505,-0.444828203,-0.391294105,8.856732738,8.784593484,0.028237222,0.029271475,366,398,15.19615804,0.053534098
force,542.9989033,558.258651,-0.486522156,-0.433438043,8.860644927,8.840254043,0.030424321,0.031359889,393,361,15.25974765,0.053084113
fear,521.6961127,536.9828255,-0.576265429,-0.555331542,9.808378661,9.260057827,0.031428474,0.028142004,346,361,15.28671275,0.020933887
festival,553.371124,568.6742528,-0.459852873,-0.404404941,9.208955038,9.114220036,0.029650197,0.030274744,355,352,15.30312889,0.055447932
museum,582.365258,597.7771429,-0.344788393,-0.310241948,10.20726011,11.16873262,0.03454594,0.035406519,376,350,15.41188488,0.034546445
heavily,564.4547701,580.1051022,-0.435878554,-0.356999522,11.29650163,9.947527748,0.034442501,0.03157119,335,362,15.65033206,0.078879032
restaurant,579.186697,594.8436939,-0.388947213,-0.294722932,8.980861817,10.25848785,0.030110608,0.034697394,363,343,15.65699691,0.094224281
individual,563.1238789,578.9124877,-0.413667255,-0.355204467,8.842134492,8.686971326,0.028398943,0.029875773,322,365,15.78860877,0.058462789
bright,526.0841483,541.9202149,-0.555107656,-0.516555001,8.360163233,8.53418877,0.028169702,0.026892513,391,363,15.83606654,0.038552656
skull,547.76425,563.6113566,-0.473665281,-0.412596621,9.503995226,8.096944183,0.028725729,0.028042819,368,373,15.84710658,0.06106866
ministry,622.9636058,639.0267671,-0.186678783,-0.092168559,10.72942246,11.28111315,0.034275443,0.036657633,345,352,16.06316125,0.094510224
produce,546.7176083,562.8052747,-0.477675602,-0.408965463,7.897685259,8.675612523,0.027572405,0.028042102,360,375,16.08766633,0.068710139
politician,590.260376,606.3731667,-0.313303608,-0.247713826,9.201824292,8.774503044,0.030174439,0.03021569,359,348,16.11279061,0.065589782
perfect,519.9029918,536.0274417,-0.624356481,-0.530814065,7.748960466,8.529275385,0.023695289,0.028283816,367,360,16.12444985,0.093542417
production,574.3505172,590.5337067,-0.363300445,-0.280700445,7.864198799,8.138339524,0.02639859,0.02817585,348,375,16.18318942,0.0826
lobster,572.6884701,588.8719955,-0.369297457,-0.275564673,8.27526683,8.166265519,0.029529277,0.029092677,351,349,16.18352536,0.093732784
protocol,663.7330683,679.9498163,-0.015879154,0.066708021,11.27925778,11.78961725,0.037544979,0.035627308,337,332,16.21674801,0.082587176
corpse,631.2195134,647.5140525,-0.166404049,-0.104642249,10.62765485,11.99250473,0.034204186,0.035257154,372,362,16.29453904,0.0617618
small,500.0434582,516.365911,-0.664712906,-0.605769892,9.023310601,9.029125444,0.028405926,0.031844445,371,292,16.32245273,0.058943014
ransom,677.4929317,693.8676822,0.070271244,0.078097288,12.8057178,12.09090887,0.041903369,0.04442403,322,321,16.37475056,0.007826045
intelligent,588.1834682,604.5829808,-0.324582502,-0.277942699,10.30389971,11.1280866,0.032297287,0.029253275,346,365,16.39951261,0.046639802
ability,553.8674757,570.297031,-0.444362761,-0.401472779,7.340627333,8.840758688,0.026455853,0.027749578,370,387,16.42955534,0.042889982
traitor,571.167297,587.6393839,-0.386476142,-0.328896791,8.098509739,10.54409802,0.028354259,0.034435529,367,323,16.47208688,0.057579351
element,557.7460599,574.2604036,-0.444961836,-0.381191611,8.479122957,8.726818031,0.027530818,0.029633254,384,384,16.51434375,0.063770225
cartel,700.0248854,716.7363186,0.134691356,0.203612903,13.26216187,12.86140386,0.044144913,0.046966202,308,295,16.71143325,0.068921547
organize,568.4729667,585.2401494,-0.423557718,-0.323912813,8.958026704,10.05801534,0.027486792,0.036046122,391,348,16.76718267,0.099644904
cause,545.9433902,562.7861178,-0.493864256,-0.41742815,9.340550127,9.764824768,0.032036234,0.031500334,369,365,16.84272757,0.076436106
perfume,547.3484216,564.3142472,-0.453338285,-0.433051016,9.304800663,9.313574664,0.030897979,0.028107889,370,364,16.96582562,0.020287269
cake,522.8154647,539.8406435,-0.601925138,-0.509560091,7.952887586,8.725884425,0.026916472,0.031270684,368,332,17.02517882,0.092365047
government,581.8085583,598.9556724,-0.371415685,-0.269782132,10.42410933,10.01416428,0.032840449,0.032925274,360,351,17.14711403,0.101633554
sauce,536.3348234,553.5076393,-0.542950545,-0.489492524,9.041138846,7.755875414,0.031588574,0.027484191,368,366,17.17281598,0.053458022
tennis,546.7864005,564.0055818,-0.476799052,-0.469256886,8.623440041,8.704684615,0.028674613,0.027498732,367,385,17.21918128,0.007542165
boat,535.6045512,552.8551766,-0.521223795,-0.453939059,8.240213249,9.897174168,0.029743599,0.033003051,361,368,17.25062538,0.067284737
safety,536.3298605,553.7333124,-0.552355706,-0.457268471,8.901660907,8.310850013,0.029834954,0.028351225,344,380,17.40345191,0.095087235
freeze,536.3787696,553.7951639,-0.542009731,-0.494867706,8.339941429,9.431827308,0.02762982,0.029917729,374,360,17.41639427,0.047142025
robbery,577.6872849,595.1324214,-0.325090294,-0.274608171,7.783065659,8.047765829,0.02887799,0.029673771,358,356,17.44513643,0.050482124
selfish,546.7104199,564.2021755,-0.511764678,-0.439725329,8.386319835,10.04673901,0.024740768,0.029162853,362,376,17.49175564,0.072039348
donation,579.9596667,597.5684101,-0.333898391,-0.303457091,8.081230814,7.876206448,0.029190201,0.02777581,357,375,17.60874339,0.0304413
often,515.8161211,533.4875198,-0.583921054,-0.521174274,6.973580966,8.905435231,0.029090111,0.031430461,355,354,17.67139864,0.06274678
state,525.5309357,543.2388701,-0.5544245,-0.478720022,7.118965579,8.580778382,0.024443356,0.028279467,389,385,17.7079344,0.075704478
alpha,610.3460055,628.1510373,-0.246963115,-0.172401124,8.736937416,11.19618187,0.030518319,0.03678912,362,322,17.80503175,0.074561991
inspection,617.9011727,635.7081545,-0.263125491,-0.149278052,10.46867377,10.48314257,0.031342638,0.032851917,359,369,17.8069818,0.113847439
liberal,588.7366563,606.826262,-0.341882842,-0.246087312,8.86733227,11.25121364,0.029818167,0.036056475,384,332,18.08960579,0.09579553
cemetery,624.5238846,642.7344941,-0.175627841,-0.110522194,10.1645254,10.84432282,0.03271326,0.034434456,338,338,18.21060949,0.065105647
flame,531.5997179,549.8791932,-0.550759333,-0.445673869,8.0326684,9.267102915,0.026812446,0.031091602,351,352,18.27947525,0.105085464
strategy,589.2844182,607.7166934,-0.314994714,-0.255780766,9.882369695,9.398914469,0.032290961,0.033347065,373,349,18.43227518,0.059213947
document,560.7168933,579.3884368,-0.444685855,-0.381474045,8.487356015,9.479775627,0.02666813,0.028365085,356,364,18.67154358,0.06321181
honor,559.8412991,578.51725,-0.451893329,-0.379238863,10.38330506,10.09076097,0.032302197,0.033854905,351,360,18.67595085,0.072654466
gentle,542.8496134,561.5626023,-0.513270915,-0.44349846,8.577112648,9.799421632,0.02846654,0.033134247,344,342,18.71298896,0.069772456
alley,619.5281059,638.3323846,-0.18717159,-0.112721263,9.441253911,11.40554323,0.033416731,0.037625958,340,338,18.80427874,0.074450327
artillery,710.020316,728.9328047,0.168922622,0.25767343,12.72826985,13.24868398,0.040926471,0.042613597,307,297,18.91248877,0.088750808
speak,523.6900586,542.6362075,-0.624902873,-0.543143565,8.095857833,9.366734365,0.025976127,0.030463625,406,347,18.94614893,0.081759309
engine,563.0144056,581.9846564,-0.426864393,-0.363737217,10.50324186,10.36578775,0.031600592,0.035317789,355,358,18.97025079,0.063127177
psychological,666.589861,685.5883096,0.0039646,0.045397268,11.18384051,11.92165595,0.036823392,0.037263383,367,365,18.99844855,0.041432668
castle,541.4951917,560.600441,-0.495655491,-0.444571571,7.934132516,8.186677423,0.028869688,0.028147799,339,390,19.10524929,0.051083919
book,513.636405,532.7962419,-0.617838957,-0.54542933,8.417592679,8.597652079,0.028990375,0.03164745,358,357,19.15983687,0.072409627
bedroom,533.9244692,553.0986028,-0.547447536,-0.454540561,8.309204563,8.818984242,0.02686662,0.030580207,373,360,19.17413362,0.092906976
activity,534.5118641,553.7065127,-0.521898744,-0.457973171,8.659386226,9.360505992,0.026491318,0.031223705,390,316,19.19464856,0.063925573
pain,526.3505056,545.6052226,-0.584521365,-0.504049323,8.736721217,10.62821932,0.027236787,0.033373297,360,328,19.25471701,0.080472042
calm,528.767015,548.1636981,-0.544566005,-0.456781915,8.610445393,9.603045186,0.029208447,0.030457129,334,361,19.39668307,0.08778409
probably,529.181742,548.6411961,-0.551140313,-0.475995854,7.574133386,9.268435642,0.024819614,0.031804733,372,357,19.45945413,0.07514446
something,536.0008192,555.4797844,-0.547878928,-0.480152872,8.552131948,10.71063042,0.028010082,0.032028827,343,320,19.47896513,0.067726055
crisis,589.5801365,609.1119706,-0.325472569,-0.226834609,8.16330765,10.6305079,0.027624869,0.032048538,337,340,19.53183409,0.09863796
hole,537.0603334,556.812142,-0.534352699,-0.461544278,8.880448866,9.287059308,0.029114716,0.031969608,398,331,19.75180854,0.072808422
whistle,570.4595634,590.24762,-0.408418896,-0.337304805,9.911548039,9.969141039,0.032328087,0.032663622,355,350,19.78805663,0.071114092
personality,561.7482913,581.5632239,-0.414904196,-0.340412368,8.751632198,9.266536663,0.030431509,0.032900608,381,335,19.81493253,0.074491828
worthy,571.2291892,591.0488098,-0.389041181,-0.335545767,10.27160328,9.775924325,0.032235165,0.033740833,370,368,19.8196206,0.053495414
galaxy,560.4566339,580.2869204,-0.424804198,-0.315520942,8.29247433,8.861649781,0.028272169,0.032567783,366,377,19.83028655,0.109283256
orbit,631.4867131,651.39271,-0.181481856,-0.050118249,9.315849579,10.20637278,0.032011009,0.038814523,359,331,19.90599688,0.131363607
pathetic,591.9152183,612.0137553,-0.315373302,-0.215991336,9.494058587,11.74629376,0.031755948,0.037119777,371,376,20.098537,0.099381966
dead,519.8226432,539.9573472,-0.612436574,-0.488052652,8.241490857,9.299700397,0.028658075,0.032603137,356,337,20.13470393,0.124383921
left,522.1696921,542.3867471,-0.588249202,-0.49776061,9.116949293,8.668293475,0.032169648,0.030257471,354,344,20.21705503,0.090488591
tree,507.8185418,528.0992344,-0.64008999,-0.578764419,7.982287961,8.025584029,0.025898534,0.027687583,371,401,20.28069265,0.061325571
full,512.8660959,533.2274729,-0.616862335,-0.542692003,8.581303159,8.680586794,0.029852595,0.029887779,365,351,20.36137703,0.074170332
necklace,569.0110817,589.3960841,-0.379791816,-0.344014281,10.72493354,10.12291325,0.031222766,0.031028915,318,350,20.38500234,0.035777535
street,518.6897655,539.1407812,-0.58431055,-0.514997914,6.951385583,9.225294996,0.026185775,0.030032257,371,361,20.45101566,0.069312636
up,505.7196035,526.1889767,-0.643838555,-0.505647852,7.847970818,7.360283816,0.027493509,0.026484899,338,343,20.46937314,0.138190703
communication,578.2364701,598.8470744,-0.334268978,-0.256251756,8.430329682,10.31326599,0.027946063,0.034099259,351,336,20.61060431,0.078017222
devotion,655.3308121,676.004745,-0.055702834,0.026279813,11.66855102,11.77961224,0.038880681,0.039473161,346,349,20.67393285,0.081982647
worker,524.2714395,544.9760176,-0.582037413,-0.487549246,7.886097855,8.848548227,0.027534633,0.030093055,380,398,20.70457813,0.094488167
ventilation,725.5467203,746.2906013,0.212506032,0.301507058,11.06998847,12.21297727,0.035936258,0.041736908,366,321,20.74388095,0.089001026
famous,527.2126026,548.1075235,-0.545775306,-0.480640944,7.974017643,8.969323394,0.028071089,0.028933468,390,394,20.89492091,0.065134362
unknown,567.7737263,588.6714896,-0.374372447,-0.284750528,8.794666272,8.926084496,0.031645531,0.033289456,369,356,20.89776328,0.089621919
impress,568.6708525,589.650962,-0.392257205,-0.332821106,8.008275358,10.81587844,0.028029623,0.033977733,373,342,20.98010945,0.059436099
chocolate,545.78462,566.7838659,-0.519798353,-0.432552643,9.717574624,10.15670995,0.02886398,0.032852084,320,358,20.9992459,0.08724571
reward,539.3706533,560.4785407,-0.528126599,-0.452829386,8.297526172,8.624592694,0.028122682,0.02904952,349,344,21.1078874,0.075297213
election,579.0076466,600.121411,-0.369181795,-0.298757306,10.44558637,9.753830994,0.032828103,0.030574028,382,382,21.11376439,0.070424489
option,558.1207389,579.2747404,-0.449532754,-0.376421505,10.21858275,9.362022737,0.034991214,0.031257372,333,389,21.15400145,0.073111249
alarm,533.7286658,554.9995242,-0.559294997,-0.478272813,8.569348007,8.890836334,0.028023932,0.029657956,383,351,21.27085843,0.081022185
satellite,641.616856,662.9232082,-0.112860566,-0.032730159,10.3666917,10.99949553,0.033206376,0.035947337,375,317,21.3063522,0.080130407
chair,520.3703618,541.7494073,-0.593680311,-0.494815615,8.704350125,8.453176348,0.030479419,0.031046187,340,356,21.37904551,0.098864695
oxygen,559.0675299,580.4650178,-0.43422026,-0.344013033,7.119319139,9.565627225,0.02225759,0.029649899,381,337,21.39748787,0.090207227
wide,523.4795972,544.9700544,-0.584567621,-0.489276004,7.483929564,9.923397881,0.027567038,0.034290493,350,368,21.49045719,0.095291617
concert,542.9680892,564.4838376,-0.498758627,-0.411895755,7.611359767,8.887974691,0.026901374,0.030626614,370,351,21.51574842,0.086862872
assistant,557.6624086,579.2431055,-0.460068115,-0.344068337,9.653346685,7.615231394,0.03053443,0.026051352,372,360,21.58069695,0.115999778
worry,539.5373867,561.1221794,-0.501911076,-0.407850364,8.993194765,9.704822859,0.030229885,0.035282725,375,340,21.58479275,0.094060712
murder,532.3930233,554.0120965,-0.559677324,-0.468519259,8.788545553,10.37552278,0.02637425,0.028634104,344,342,21.61907323,0.091158065
secure,562.0207778,583.6533561,-0.394684993,-0.394202825,9.263967498,9.726735997,0.033359456,0.028902805,360,337,21.6325783,0.000482167
school,502.6057278,524.2594633,-0.653152783,-0.58539304,8.124137073,8.233181408,0.027895969,0.026361045,360,382,21.65373555,0.067759743
warrior,529.930534,551.6203453,-0.598182358,-0.476808466,9.204692055,8.815252863,0.029514889,0.028728526,367,352,21.68981127,0.121373891
boss,524.7854932,546.5513499,-0.551304132,-0.492049026,7.964796466,8.794041057,0.029868183,0.029336035,365,343,21.7658567,0.059255106
helicopter,578.3754516,600.1754472,-0.35735347,-0.29537308,9.401713626,9.727511911,0.028172923,0.031462603,414,369,21.79999554,0.061980391
entrepreneur,713.2345015,735.1104211,0.14095695,0.247416076,12.58224143,14.07828603,0.037820019,0.038542781,335,323,21.87591957,0.106459125
lady,513.050718,534.9671505,-0.631797639,-0.522796239,9.148846215,8.238009679,0.029055991,0.030637596,344,372,21.91643252,0.1090014
swim,511.2570739,533.235034,-0.647314817,-0.525463608,7.159812261,7.767537831,0.022390431,0.026161042,406,383,21.97796006,0.121851209
sunday,508.1447354,530.1293434,-0.659674523,-0.532081181,7.500327694,8.339957879,0.027382552,0.028935978,359,348,21.98460801,0.127593342
divine,600.6713079,622.6568453,-0.283649636,-0.20206206,9.384793052,10.29084283,0.031067341,0.034454394,393,362,21.98553741,0.081587576
wedding,540.0312759,562.0351325,-0.531581798,-0.401967274,8.570661901,10.2723911,0.027161308,0.033634479,406,317,22.00385664,0.129614523
information,569.8973433,591.9065311,-0.383963232,-0.302078073,7.759401993,9.738783088,0.025924991,0.029370556,367,337,22.00918782,0.08188516
gather,568.7924587,590.8195193,-0.415021243,-0.335830071,8.903457072,11.54095954,0.028580489,0.033329258,375,362,22.02706068,0.079191172
horrible,517.096955,539.2087439,-0.598532412,-0.515456016,8.206880817,8.195006541,0.026394238,0.02793518,378,371,22.1117889,0.083076396
winter,507.6827887,529.924368,-0.625277165,-0.542821213,9.775313196,9.940147914,0.030183177,0.032998264,388,356,22.24157933,0.082455953
agency,581.6621927,603.9170218,-0.342296745,-0.283065083,9.38436032,9.929684623,0.030106256,0.033196875,357,321,22.25482906,0.059231663
strike,525.1475112,547.430625,-0.558859955,-0.48781837,7.577156484,8.334248076,0.025016462,0.027393832,368,352,22.28311378,0.071041586
butter,508.3347333,530.6688579,-0.632217223,-0.553467664,8.301941072,7.297114289,0.027200766,0.024935408,375,359,22.33412461,0.078749559
fantastic,550.9441447,573.2948617,-0.523329229,-0.40032086,9.268645672,9.856362234,0.028502217,0.029327315,394,376,22.35071704,0.123008369
do,539.5534795,561.9349806,-0.535464213,-0.418897055,8.390207503,9.209252764,0.029206167,0.030769683,365,361,22.38150116,0.116567159
three,509.283513,531.6964726,-0.663595201,-0.549498213,7.989968725,7.679791298,0.025884234,0.027251538,384,347,22.4129596,0.114096988
position,535.4378484,557.8697578,-0.520313579,-0.423189291,7.788572805,9.01198524,0.026897986,0.029510034,343,351,22.43190943,0.097124288
appreciate,569.6515805,592.2767429,-0.382255484,-0.319431147,8.068841873,9.857752648,0.02811217,0.028250807,379,350,22.62516238,0.062824337
wet,512.2717209,535.0162047,-0.649863809,-0.543216998,7.553214567,8.717574603,0.026510826,0.027436736,412,342,22.74448379,0.106646811
zone,549.1610559,571.9253555,-0.544420194,-0.381390377,11.40492424,9.154089309,0.032354216,0.031212455,358,346,22.76429964,0.163029817
ask,529.9233696,552.7076667,-0.533801944,-0.447392312,9.92395217,8.911932175,0.031746458,0.030763688,303,354,22.78429703,0.086409631
theater,535.0884203,557.9259365,-0.478253211,-0.42217068,7.798351284,9.285033681,0.030003134,0.032215977,345,372,22.83751618,0.056082531
band,537.5385,560.4071176,-0.505151394,-0.436810293,7.750653303,10.23648498,0.02891567,0.031748154,380,350,22.86861757,0.068341101
request,544.8325792,567.7445132,-0.480370661,-0.383209805,8.165870889,10.04958923,0.029335147,0.034868318,385,341,22.91193398,0.097160856
agreement,551.3709843,574.2836842,-0.449923346,-0.378942765,7.875279969,7.772148891,0.026645561,0.024485875,318,399,22.91269992,0.070980581
dust,548.1855537,571.1570113,-0.433078238,-0.409037916,7.575803473,9.072234634,0.028808573,0.03121544,410,355,22.97145761,0.024040322
dangerous,547.1445376,570.1187151,-0.481731402,-0.403072115,8.207235468,9.663687377,0.027235414,0.030413082,359,351,22.97417751,0.078659287
dispute,660.4149385,683.4133969,-0.077090212,0.047935778,10.70796475,11.94510702,0.035200022,0.039003143,374,325,22.99845842,0.12502599
constantly,599.2818795,622.4213912,-0.289123953,-0.180181954,9.505966015,11.0640334,0.031642126,0.03478879,357,363,23.13951163,0.108942
meet,507.0884339,530.2333303,-0.684491867,-0.569013896,7.71482571,8.610588985,0.024359349,0.028701803,348,327,23.14489637,0.115477971
fast,495.3648062,518.5898061,-0.695053945,-0.628542021,7.516144059,8.386977189,0.027504525,0.028558691,356,361,23.2249999,0.066511924
handkerchief,762.0000909,785.2274898,0.384136299,0.421031951,15.31607258,18.22512828,0.049200562,0.055203741,264,245,23.22739887,0.036895652
prison,534.8473608,558.1555882,-0.538807975,-0.433616952,8.217993885,7.637488493,0.026375408,0.025030088,388,391,23.3082274,0.105191022
corporation,656.890217,680.4089054,-0.069823938,0.091400352,11.18785267,11.82621546,0.035259946,0.039077542,364,349,23.5186884,0.16122429
tie,549.5245385,573.1257123,-0.498061078,-0.338744483,8.175600245,8.453797425,0.027536863,0.029765441,377,365,23.60117388,0.159316595
bar,509.9053615,533.6034261,-0.636814042,-0.548926284,8.034601366,8.40619328,0.029195627,0.031024814,380,345,23.69806455,0.087887758
absence,578.5772727,602.3196639,-0.381933288,-0.25216359,9.40120602,8.619071532,0.029513706,0.030868997,385,366,23.74239125,0.129769698
lizard,547.5450865,571.3455939,-0.484833245,-0.420684138,8.72668616,9.438453884,0.030857835,0.030910607,393,362,23.80050741,0.064149108
activate,567.7078863,591.5544269,-0.424250566,-0.348698752,9.18035557,10.29557702,0.029921661,0.033624915,396,342,23.84654055,0.075551814
lock,526.4409154,550.2943661,-0.593870477,-0.482401903,8.241597738,10.02110012,0.029009972,0.032760025,390,366,23.85345073,0.111468574
liver,530.0934024,553.9642876,-0.541133562,-0.454566931,9.444163899,8.642358356,0.033910074,0.028932004,333,379,23.87088519,0.086566632
statement,577.008537,600.8818646,-0.390451551,-0.279924932,9.548271017,10.48105735,0.029993977,0.032114818,365,362,23.87332767,0.110526619
married,526.8860388,550.7619318,-0.581678196,-0.4802497,8.263277076,9.990841072,0.028578985,0.029780158,309,352,23.87589299,0.101428496
dollar,519.9659086,543.8894548,-0.583394278,-0.5045083,7.615751942,9.837465731,0.026051513,0.02978778,350,376,23.92354622,0.078885977
photographer,592.2814536,616.2525143,-0.324877104,-0.225263004,9.526592017,9.688901655,0.030567446,0.031451668,377,350,23.97106069,0.099614101
deaf,558.3794569,582.3798799,-0.460810515,-0.346244254,9.529959566,10.17231604,0.030084396,0.032536783,383,358,24.00042298,0.11456626
money,492.433618,516.4571583,-0.697348183,-0.644628191,7.915907818,8.908641858,0.02589821,0.029317723,322,360,24.02354033,0.052719992
newspaper,568.1237427,592.1516923,-0.389121887,-0.293552795,8.575586801,9.209356164,0.030471533,0.031855359,377,377,24.02794961,0.095569093
highway,557.0665989,581.2393424,-0.430139112,-0.363243483,9.686421383,8.276082003,0.031635063,0.02883185,349,406,24.1727435,0.066895628
client,551.1596767,575.343853,-0.460783952,-0.384223476,9.16741728,9.911138887,0.028592269,0.034118804,365,374,24.18417625,0.076560477
program,546.1244778,570.3643005,-0.462004192,-0.398498282,9.144738263,10.23429845,0.028842742,0.030624969,383,386,24.2398227,0.06350591
sound,511.5206062,535.8310056,-0.607640127,-0.544146251,9.248732736,9.342154922,0.031935505,0.03114777,353,355,24.31039941,0.063493876
senator,639.1926055,663.5064846,-0.133780228,-0.052095355,10.28447379,13.12070127,0.034119741,0.039116035,365,324,24.31387909,0.081684872
vitamin,557.9829765,582.3202794,-0.476439794,-0.336148465,9.37428194,10.19691089,0.029288093,0.034501739,383,311,24.33730293,0.140291329
lunch,514.7564941,539.1588091,-0.62270355,-0.531153677,7.666925996,9.235665748,0.024323999,0.029771945,342,372,24.402315,0.091549874
cute,506.5471143,531.0154323,-0.613661164,-0.561330491,7.146329743,8.1879429,0.025766712,0.026136845,446,347,24.46831793,0.052330673
official,555.256352,579.799415,-0.456051093,-0.310849715,10.96299023,9.321020495,0.034890445,0.034202496,321,359,24.54306302,0.145201378
son,526.3390202,550.8915437,-0.549011313,-0.449136606,7.621044781,9.163620199,0.029196768,0.031704739,346,355,24.55252342,0.099874707
village,553.3075054,577.8935308,-0.508851369,-0.361374926,10.59178441,9.921445796,0.031216597,0.033999271,368,341,24.58602535,0.147476444
creativity,555.8564109,580.4738392,-0.451433212,-0.34575078,8.949590981,10.78613002,0.03016977,0.032230892,331,342,24.61742829,0.105682431
early,504.1353802,528.7559011,-0.639172171,-0.571707861,6.785351346,9.00239463,0.024285791,0.028729496,334,364,24.62052087,0.067464309
far,516.1743198,540.8908088,-0.615659695,-0.51361412,7.351953575,9.027342999,0.026248434,0.029563824,394,387,24.71648899,0.102045575
human,503.7146099,528.4505943,-0.643287305,-0.591934944,7.324892968,8.788015053,0.024850207,0.029514644,405,350,24.73598441,0.051352362
solar,557.5142411,582.4693061,-0.458163509,-0.352443107,8.309265968,9.458121142,0.027934419,0.032533615,365,379,24.95506495,0.105720402
biology,537.3389524,562.3937237,-0.505700795,-0.433260611,7.25794202,7.88456875,0.026234884,0.024737074,357,380,25.05477129,0.072440185
abduct,653.590427,678.6638601,-0.080772933,0.085360133,11.20289184,11.68423833,0.037037182,0.039083243,349,336,25.07343316,0.166133066
entrance,559.2841203,584.5132087,-0.454647693,-0.364857798,9.365768578,9.509717534,0.030135839,0.030331453,351,369,25.22908833,0.089789894
improvement,589.7185905,614.9792486,-0.293042106,-0.23006629,8.27360041,11.06575947,0.028134788,0.033471614,359,366,25.26065811,0.062975817
wallet,531.0747468,556.3995683,-0.545164091,-0.489476464,8.034403368,9.726529722,0.027873211,0.029477159,387,365,25.3248215,0.055687626
hose,608.433798,633.7735705,-0.22997174,-0.131172872,11.63258473,12.17879585,0.041738256,0.043488373,297,319,25.33977257,0.098798868
express,532.3064394,557.8225634,-0.516885431,-0.414909348,8.42035202,9.199970066,0.02845562,0.031999403,355,339,25.51612399,0.101976082
negative,552.7192588,578.2501599,-0.496215131,-0.342704217,10.20498992,9.455666163,0.033668873,0.034102767,334,369,25.5309011,0.153510914
flight,541.3511429,566.9365493,-0.523478076,-0.408075026,9.604371888,10.56669384,0.030373718,0.033329226,322,355,25.58540643,0.11540305
let,527.9048761,553.505165,-0.555051911,-0.444246239,7.559291085,8.583835527,0.02780101,0.0281826,355,388,25.60028891,0.110805672
vaccine,568.6055171,594.2207705,-0.41472168,-0.335379631,7.921130501,9.249112724,0.026033747,0.029066656,352,339,25.61525345,0.079342049
priest,596.0685032,621.7065628,-0.276466717,-0.171337226,10.63319407,10.24529097,0.035553838,0.034614725,316,366,25.63805967,0.105129491
about,513.793103,539.579953,-0.624846022,-0.525905709,8.33674315,7.792780479,0.028700014,0.029721368,340,383,25.78685005,0.098940313
intention,594.5162126,620.3484623,-0.298491602,-0.208886489,9.391565148,11.43877542,0.030441675,0.037101103,381,331,25.83224965,0.089605113
mayonnaise,641.5897943,667.6072522,-0.137399652,-0.009174577,11.27174761,11.52888071,0.034264448,0.033658074,350,341,26.01745793,0.128225075
walk,512.4189643,538.5249121,-0.645214196,-0.524318097,8.730237296,9.615565958,0.030450022,0.033749583,364,364,26.1059478,0.120896099
gate,556.0746075,582.2259775,-0.444518375,-0.329559162,9.523739454,9.639209097,0.030465823,0.031820677,400,356,26.15137002,0.114959213
send,516.056186,542.2615506,-0.604775791,-0.483899879,8.30696324,8.792203748,0.0280971,0.032105966,344,336,26.20536454,0.120875911
explode,551.3407115,577.5650617,-0.462303742,-0.362674183,9.286322355,8.982906888,0.030961997,0.029831859,357,340,26.22435021,0.099629559
political,535.5079227,561.8542554,-0.527054762,-0.430230332,8.176571086,8.638765127,0.029179287,0.027246642,388,368,26.34633276,0.09682443
civilization,635.8683697,662.3793269,-0.150367575,-0.066624427,9.606676749,11.0162614,0.032055189,0.033104044,357,364,26.51095718,0.083743148
primary,533.6950576,560.3376354,-0.551618877,-0.410824709,7.835576265,8.742939756,0.02640386,0.027628596,382,362,26.64257777,0.140794167
syndrome,595.122641,621.9204349,-0.26025033,-0.175677866,9.125955962,10.37456877,0.030466645,0.033663635,351,315,26.79779389,0.084572464
ear,517.9187829,544.8175487,-0.591898797,-0.501677096,8.605623525,7.630637632,0.030648554,0.025119594,304,359,26.89876585,0.090221701
sail,563.2910488,590.2541576,-0.427356564,-0.30897186,8.834563966,10.55046935,0.03057442,0.036393719,369,349,26.96310881,0.118384704
commissioner,687.282725,714.2975271,0.047782589,0.191346103,12.09128626,13.32717872,0.037991079,0.040616969,343,313,27.01480217,0.143563514
recently,555.4177339,582.4639534,-0.430736751,-0.35889144,8.757116404,9.229116986,0.031609329,0.030915039,342,369,27.04621951,0.071845311
cargo,612.6939008,639.8112427,-0.23532516,-0.122451714,8.440533635,9.327931007,0.030527917,0.032632158,363,375,27.11734183,0.112873446
jewel,554.0306205,581.1697912,-0.516635255,-0.355897557,10.27072867,9.698121161,0.029277749,0.034451241,361,340,27.1391707,0.160737698
cigarette,562.80369,589.9833659,-0.429284804,-0.311029856,8.785586644,8.736218581,0.029621107,0.028100814,371,328,27.17967584,0.118254949
breakfast,526.5915836,553.8689015,-0.546589461,-0.473095184,7.874588486,9.218064718,0.024112557,0.027670495,389,345,27.2773179,0.073494277
verify,570.506099,597.8430327,-0.383614465,-0.284154664,8.704933402,10.1171939,0.029778234,0.034834322,384,335,27.33693373,0.099459801
turtle,539.0985263,566.5605804,-0.488501987,-0.435290209,8.758807502,9.978657935,0.029668596,0.033233333,380,336,27.46205403,0.053211777
faith,535.5270321,563.0516561,-0.546711259,-0.466865332,8.114105194,9.197319949,0.028613808,0.028609088,374,378,27.524624,0.079845927
bury,607.0252265,634.8101926,-0.213507268,-0.12808248,9.855370629,12.31068477,0.035122424,0.040192016,340,322,27.78496608,0.085424788
discussion,565.3192886,593.1079438,-0.395071386,-0.295987822,9.536510254,10.15528078,0.031010608,0.031756257,343,356,27.78865517,0.099083565
departure,595.1492554,623.0162368,-0.298265702,-0.231347367,8.842162608,9.192693366,0.028782847,0.028769687,372,342,27.86698146,0.066918336
weekly,527.4479237,555.3158674,-0.56649448,-0.47265363,8.111322868,8.856662253,0.027105572,0.028186638,393,377,27.86794372,0.093840851
exhibition,619.3357059,647.3427682,-0.211315963,-0.111888466,9.033591821,11.25221119,0.028876666,0.034318741,357,315,28.00706235,0.099427497
unexpectedly,658.7605933,686.9639413,-0.045327938,0.055472157,11.01013367,11.77525564,0.036365174,0.033593421,359,358,28.20334801,0.100800096
recording,555.2182961,583.4688409,-0.430276707,-0.327264685,8.32685471,9.460781327,0.030907585,0.031475216,358,370,28.2505448,0.103012022
attacker,589.8221142,618.0824265,-0.341534146,-0.266607929,11.60657062,11.08806097,0.033464425,0.034790635,354,354,28.26031235,0.074926217
drug,516.5972231,544.9377353,-0.612803407,-0.472691177,7.240120533,8.133932447,0.022534916,0.026975839,372,350,28.34051223,0.14011223
microphone,594.0204763,622.4853,-0.296934548,-0.195409524,8.490867918,9.98354201,0.026743073,0.029826726,359,360,28.46482366,0.101525025
gun,542.2447147,570.7247566,-0.510015759,-0.390001479,9.140276072,9.311101017,0.029659863,0.031486969,361,382,28.48004187,0.12001428
microscope,585.8191791,614.3256779,-0.368225366,-0.17136777,8.527596554,8.085662994,0.028635336,0.028407332,363,374,28.50649887,0.196857596
america,531.5174945,560.0414865,-0.550803023,-0.411956447,8.412071897,10.36418985,0.02546085,0.032692565,368,370,28.52399193,0.138846576
die,529.3875082,557.9566236,-0.566479593,-0.406351639,7.358737734,8.85707906,0.025786829,0.032989439,366,372,28.56911544,0.160127953
FALSE,530.3603501,559.0027486,-0.528327159,-0.42964459,8.55472223,10.12426567,0.029011428,0.032921767,377,358,28.64239848,0.098682569
marriage,517.761393,546.4333782,-0.581124525,-0.494710505,7.41103616,8.224729279,0.023182696,0.025892242,397,357,28.6719852,0.086414021
schedule,565.9687564,594.6456712,-0.388530803,-0.301829832,8.151619101,9.860728085,0.030701531,0.031289825,349,368,28.67691476,0.086700971
university,533.4429805,562.1366374,-0.524888834,-0.39922286,6.737685088,8.660627182,0.02429709,0.032416244,359,342,28.69365692,0.125665975
around,521.5261217,550.2642228,-0.584078908,-0.473931559,8.258041895,9.764827114,0.028302051,0.031857265,377,377,28.7381011,0.110147349
tornado,577.1772901,605.9848436,-0.364123811,-0.248574097,8.272504604,9.940073562,0.030774981,0.033174839,362,358,28.80755351,0.115549714
quality,546.8688492,575.9168453,-0.44117787,-0.369128162,8.702930321,8.870891679,0.033109505,0.029261399,358,368,29.04799618,0.072049708
monitor,575.6251513,604.6921047,-0.398088831,-0.289303365,10.1442332,10.19968045,0.031508148,0.033840722,357,344,29.06695338,0.108785466
poker,572.9737731,602.0512,-0.395755453,-0.292803377,9.225146996,10.64426203,0.029190404,0.034139597,392,360,29.07742694,0.102952076
cousin,567.7187872,596.8819115,-0.420615117,-0.303969921,9.966715587,10.69689779,0.034179236,0.03434549,376,373,29.16312429,0.116645196
dad,505.8268701,534.9911042,-0.669927596,-0.52883634,7.511521289,7.658781592,0.025313825,0.025228925,408,384,29.16423409,0.141091256
message,536.9546745,566.120563,-0.547334503,-0.424357556,8.74030248,10.02317118,0.02607865,0.029653795,341,389,29.1658885,0.122976947
particle,595.4875387,624.6629886,-0.285165574,-0.193748429,10.54502066,12.13993742,0.036888693,0.036917394,336,350,29.17544989,0.091417145
mystery,563.8342083,593.031479,-0.454050617,-0.373735867,10.6566821,12.43983258,0.029647189,0.034864342,384,309,29.19727063,0.08031475
harmony,573.0067292,602.2240312,-0.360304212,-0.31417797,8.104555349,9.087361665,0.029437363,0.03227914,373,352,29.21730203,0.046126242
cruel,559.4045199,588.7411442,-0.432177861,-0.300742521,8.176093728,9.673584313,0.028520262,0.035741866,402,319,29.3366243,0.131435339
gay,537.8804416,567.2307183,-0.542278848,-0.362449719,10.17766365,8.287999108,0.028638853,0.030482165,351,355,29.35027671,0.179829129
usually,525.3633925,554.7608698,-0.555796154,-0.486030074,8.40309469,8.348838888,0.027427141,0.028441597,372,361,29.39747733,0.06976608
reasonable,604.0811589,633.5510133,-0.235623177,-0.166060004,9.14801355,10.91194857,0.029361243,0.031600944,365,375,29.46985442,0.069563173
junior,518.9078244,548.4508298,-0.604807541,-0.480016124,7.349898579,8.542526022,0.025460625,0.029753694,336,376,29.54300536,0.124791418
functional,568.7785706,598.3936886,-0.420137854,-0.255960659,9.569003252,8.955755411,0.028911569,0.029568203,375,350,29.61511792,0.164177195
piece,554.8302953,584.459483,-0.459801608,-0.325870703,8.504362029,9.819672705,0.030174927,0.033547924,359,352,29.62918771,0.133930905
pen,524.5436271,554.1883654,-0.563285586,-0.443407629,7.638028173,8.077021384,0.027791799,0.027684705,362,364,29.64473831,0.119877957
frighten,622.7028402,652.3716764,-0.201399451,-0.086650173,11.67010103,12.49879468,0.036784925,0.040226078,358,343,29.66883622,0.114749277
height,507.8067109,537.485706,-0.640841129,-0.509665195,7.052239165,8.328467649,0.025953712,0.028486728,377,347,29.67899516,0.131175934
lonely,534.159995,563.8846971,-0.554337609,-0.440771984,8.505615771,9.061025243,0.029219591,0.028997668,402,383,29.72470209,0.113565625
oath,626.4709299,656.1966354,-0.129782039,-0.008851135,9.387085041,11.31291753,0.035184332,0.039779032,328,288,29.72570555,0.120930904
battlefield,633.7832939,663.5468882,-0.149503209,-0.004950813,9.666873927,10.57372696,0.033017694,0.033641112,347,340,29.76359429,0.144552396
high,505.6310315,535.7217726,-0.646063422,-0.533122716,7.907175844,8.812046398,0.029946521,0.029702705,317,364,30.09074104,0.112940706
quarter,571.3316936,601.4621375,-0.399925988,-0.315423022,8.494937484,10.23767975,0.028980999,0.031491525,346,371,30.13044384,0.084502967
witch,546.6761173,576.8071173,-0.458991597,-0.354761514,7.783413141,8.705679052,0.030994193,0.030755313,349,358,30.13099997,0.104230083
pill,542.5416054,572.814753,-0.457876404,-0.377596595,8.724708375,8.614598029,0.031176448,0.032495297,370,332,30.27314761,0.080279809
snow,519.4614324,549.7388439,-0.603334312,-0.485262197,9.211023737,10.256431,0.031501122,0.033079889,377,346,30.27741157,0.118072114
lion,521.1347688,551.4316712,-0.552332474,-0.457411718,7.367648821,8.501014575,0.027924965,0.030066049,333,365,30.29690247,0.094920755
greek,555.5363615,585.9052174,-0.456673612,-0.335050353,9.515294345,11.64447756,0.029881428,0.038304407,379,322,30.36885592,0.121623259
watch,500.8663596,531.4395868,-0.673634405,-0.542262728,6.523683188,8.107598987,0.024692165,0.026695598,381,363,30.5732272,0.131371677
fruit,511.1373047,541.7264358,-0.614954831,-0.526941669,8.13229323,9.548663571,0.029761544,0.029006739,384,358,30.58913108,0.088013163
science,519.9332868,550.8943487,-0.5680937,-0.488478994,8.110278977,9.356590835,0.028390938,0.03153321,380,347,30.96106184,0.079614705
guitar,534.4248567,565.5441796,-0.541264359,-0.395846333,8.068961881,9.709912048,0.027036852,0.033369078,356,334,31.1193229,0.145418026
constitution,631.0448742,662.2682032,-0.115765785,-0.053922699,10.05871376,11.41229556,0.03454228,0.036055135,334,379,31.22332892,0.061843086
dismissal,684.8850065,716.1104765,0.064282716,0.205384543,12.80772463,11.95330749,0.041205293,0.041096932,306,319,31.22546996,0.141101827
rotate,610.0136444,641.2713612,-0.226198801,-0.090718185,10.49791165,11.54661229,0.034694539,0.039198177,374,335,31.2577168,0.135480616
rich,512.2625151,543.5799761,-0.614513648,-0.505836537,8.600053804,7.363992793,0.029461222,0.027838675,365,418,31.317461,0.108677111
journalist,563.4567937,594.8391905,-0.391237394,-0.321003077,8.498648356,10.44734531,0.028758775,0.031570699,349,378,31.38239678,0.070234317
egg,515.9049324,547.4776512,-0.61092323,-0.505802328,7.038737273,8.573254935,0.024529572,0.027122569,370,344,31.57271873,0.105120902
charming,557.5327734,589.2022779,-0.445860646,-0.336978447,8.581194532,9.496950348,0.028129282,0.030772357,401,367,31.66950451,0.108882199
jump,506.6774042,538.3942088,-0.659954051,-0.554734034,7.634960654,9.430017223,0.026128704,0.027803337,380,340,31.7168046,0.105220017
spectacular,630.2250468,661.9791753,-0.198243412,-0.04600489,11.14879353,10.93290457,0.033189391,0.034632765,342,348,31.7541285,0.152238522
armor,591.8852687,623.6426454,-0.253383709,-0.183914626,10.52241093,10.97925702,0.037568841,0.037578106,320,313,31.75737661,0.069469083
intuition,653.6529618,685.4225579,-0.108001925,0.008197836,12.89250675,13.0283197,0.038390145,0.040064747,340,337,31.76959607,0.116199761
animal,527.0012717,558.8904022,-0.564777399,-0.430589076,8.84672547,10.74022254,0.032365087,0.034074919,368,363,31.88913046,0.134188323
last,520.0145471,551.9606972,-0.562225828,-0.495369708,7.575807124,9.680020129,0.027295781,0.031782798,393,327,31.94615018,0.066856119
treatment,553.1232786,585.1183116,-0.47818552,-0.383957782,7.64423609,9.244685535,0.025968346,0.028868163,384,353,31.99503298,0.094227739
give,514.9604699,547.0543799,-0.619906934,-0.491463747,7.897613058,9.754850292,0.026923116,0.031310078,415,335,32.09390999,0.128443187
liar,519.716809,551.8192849,-0.603641424,-0.465080114,7.165402651,8.43049972,0.025109015,0.028617657,398,365,32.10247589,0.13856131
mathematics,594.9023801,627.06264,-0.313729512,-0.164866108,11.33344504,11.45825631,0.032127389,0.032815299,371,350,32.16025993,0.148863404
powerless,533.2792392,565.4834911,-0.518078327,-0.384597684,8.876904784,8.187534295,0.031300119,0.030441529,301,336,32.20425187,0.133480643
business,542.1937125,574.4223757,-0.497781222,-0.419941335,8.186545426,9.472289599,0.027659327,0.030046504,393,370,32.22866321,0.077839887
pull,524.3381667,556.7030501,-0.611873224,-0.454533829,8.615357331,8.853748946,0.02968086,0.029234012,342,359,32.36488346,0.157339395
fever,532.0005068,564.4783671,-0.540184908,-0.408928273,7.841582893,9.60048144,0.028005282,0.032482563,367,365,32.47786032,0.131256635
bathroom,530.5296763,563.0860341,-0.571074732,-0.465967225,8.463716236,8.699694974,0.027363363,0.025258346,380,381,32.55635781,0.105107507
pig,512.5216123,545.0944594,-0.616660655,-0.457923939,7.070576912,7.468249479,0.024458596,0.026937513,374,383,32.57284709,0.158736716
destruction,621.6755928,654.3539439,-0.154902363,-0.054799844,9.751353401,10.742916,0.034407658,0.032368418,334,374,32.67835104,0.100102519
sit,539.4572805,572.2954844,-0.502395302,-0.394525611,9.466984476,9.174932403,0.030923419,0.031660387,328,353,32.83820395,0.107869691
provide,549.894455,582.871543,-0.448491476,-0.365611388,7.813481367,11.12034981,0.027436925,0.032885968,400,337,32.97708804,0.082880088
instrument,583.1268764,616.1345259,-0.338285387,-0.252194788,9.253146069,10.52267453,0.030298891,0.034065259,348,348,33.00764943,0.086090599
orange,507.0423575,540.1198373,-0.657507112,-0.518572065,8.183869393,9.440889658,0.027219855,0.031508249,358,338,33.07747974,0.138935047
love,498.6572451,531.7896623,-0.662512215,-0.55955159,8.589834872,8.305088017,0.029340394,0.030027961,359,382,33.1324172,0.102960625
teach,514.2377164,547.4803908,-0.608467312,-0.471338413,8.853617681,9.372197016,0.031526392,0.033445763,335,371,33.24267442,0.137128899
turkey,520.8128538,554.1578695,-0.593945797,-0.493856319,8.032823526,8.908358285,0.02703846,0.027973599,383,383,33.34501567,0.100089478
use,526.1002575,559.4498398,-0.580312896,-0.44078617,8.261360502,8.773255536,0.027856113,0.032580598,369,362,33.34958233,0.139526726
maid,550.382813,583.7844932,-0.475723086,-0.31136665,7.518621846,9.629999799,0.02729741,0.034389369,369,367,33.40168018,0.164356436
keep,521.6353702,555.0496995,-0.592261285,-0.466321718,7.969843216,9.515709456,0.030011365,0.030429817,351,366,33.41432927,0.125939568
hear,522.3061467,555.7227222,-0.598338464,-0.461463228,8.232771645,10.50041437,0.027141655,0.033496014,368,360,33.41657547,0.136875236
french,530.856789,564.3412388,-0.530313011,-0.431861691,8.711861386,10.52421028,0.031378685,0.031965333,346,356,33.48444975,0.09845132
sick,522.1495385,555.6759489,-0.596196468,-0.467020445,8.499170978,9.411189991,0.027905095,0.032645069,364,333,33.52641048,0.129176023
adrenaline,660.2741579,693.8419039,-0.061822977,0.143976093,11.95771241,10.89771213,0.032443162,0.032947442,342,333,33.56774601,0.205799071
gorilla,572.0006826,605.7179704,-0.407657513,-0.267237171,8.638721035,10.49912275,0.028008657,0.031515788,374,338,33.71728779,0.140420342
chapel,610.6331579,644.4109428,-0.224604215,-0.086480517,9.390483119,10.28001353,0.031361925,0.034325949,380,367,33.7777849,0.138123698
arm,519.7178588,553.7712229,-0.619807353,-0.451300948,8.876575437,8.328095911,0.029343575,0.028111465,340,341,34.05336406,0.168506405
emperor,634.5899388,668.920398,-0.129918154,-0.018909016,10.80309121,12.4066374,0.039313869,0.042979982,327,304,34.3304592,0.111009138
championship,616.0703634,650.4369118,-0.231466838,-0.131112892,11.23606858,12.50561696,0.036827838,0.035891053,355,329,34.36654846,0.100353946
real,495.4088634,529.9840969,-0.663177069,-0.557345248,7.681609854,9.083483431,0.029028751,0.029757607,344,382,34.5752335,0.105831821
storm,539.9431,574.5406274,-0.529957357,-0.383377009,9.806770874,9.799441192,0.033351373,0.034008308,360,357,34.59752745,0.146580349
web,566.3077855,600.9815301,-0.384199379,-0.285972974,8.562420183,11.46351039,0.030851265,0.037756382,362,349,34.6737446,0.098226405
unfair,572.7458267,607.5230652,-0.36241943,-0.295744138,9.694139474,11.12760763,0.031926191,0.032754604,364,368,34.7772385,0.066675292
abandon,610.4255817,645.2371742,-0.216543038,-0.114571281,10.49578347,11.94212105,0.035023157,0.036361458,361,333,34.81159246,0.101971757
sailor,553.648485,588.4839654,-0.4501864,-0.364778741,9.575916596,9.759372513,0.030212297,0.030772235,400,347,34.8354804,0.085407659
return,527.0957624,562.0024417,-0.56321165,-0.420839179,8.398279316,8.820778376,0.03130292,0.031290714,362,369,34.9066793,0.142372471
toy,514.3905957,549.340859,-0.587607292,-0.481372328,6.800078516,9.40100495,0.024409105,0.031042151,376,333,34.95026327,0.106234965
prototype,684.1449041,719.1295629,0.078835002,0.234830929,11.60725296,12.36203536,0.035719652,0.04286711,365,334,34.98465874,0.155995927
theory,542.8376372,577.8663305,-0.49989816,-0.360412634,8.590461007,9.858872445,0.026225928,0.031342117,339,351,35.02869332,0.139485525
probe,685.0838576,720.4332634,0.034878228,0.201973936,12.36323875,14.04552877,0.043748357,0.053582797,288,262,35.34940571,0.167095708
batman,550.8113653,586.2716685,-0.440208942,-0.324714196,8.244860302,8.87634081,0.027170539,0.030241946,397,356,35.46030328,0.115494746
bye,521.0763634,556.7044305,-0.573285689,-0.426753329,7.740953918,8.96496669,0.02647435,0.031297553,399,374,35.62806706,0.14653236
teacher,512.1792074,547.8292727,-0.640775925,-0.511456143,8.137064072,9.055537058,0.026817682,0.027406661,376,352,35.6500653,0.129319782
episode,542.3313569,578.0475163,-0.459334953,-0.363837488,9.589956589,8.4621621,0.031172861,0.030057624,353,337,35.71615939,0.095497465
waitress,564.6385818,600.4343722,-0.44825206,-0.281419927,9.161890389,9.627663414,0.028421193,0.032227209,373,360,35.79579046,0.166832133
plate,542.4717521,578.375243,-0.487237415,-0.363309637,8.961464393,9.700828915,0.03161248,0.032577357,355,358,35.90349087,0.123927778
suitcase,558.8685491,594.8401584,-0.468972592,-0.344113035,10.33187237,9.234332877,0.03034958,0.028717691,377,404,35.97160935,0.124859557
long,507.9667019,543.9518338,-0.654305988,-0.515495282,8.003520942,9.171463992,0.028275079,0.030276275,369,355,35.98513192,0.138810706
missile,647.9245111,684.0207994,-0.087601608,0.03780571,11.60180522,12.83574709,0.040379982,0.04118755,315,319,36.09628827,0.125407318
global,547.4650233,583.6061299,-0.491664651,-0.353171908,8.410741857,9.097281548,0.029652474,0.031658518,343,331,36.14110657,0.138492742
jacket,533.1473757,569.3267821,-0.567598702,-0.40249649,9.046507572,9.875408613,0.02780617,0.032899303,370,381,36.17940649,0.165102211
accent,559.9291413,596.2925994,-0.443250014,-0.283509448,9.227854807,10.15872768,0.029073861,0.036283793,373,327,36.36345815,0.159740566
maximum,539.5645879,575.9686626,-0.527754334,-0.346311704,7.701963829,8.802767621,0.023839077,0.029057682,381,362,36.40407465,0.18144263
explosive,550.2746166,586.8321723,-0.416278112,-0.346275794,7.005916743,9.024702787,0.027074546,0.029486479,386,410,36.55755576,0.070002318
limousine,743.5945536,780.1683568,0.337666203,0.378275843,12.98928933,16.74341996,0.047301124,0.046712166,280,227,36.57380326,0.04060964
dynamite,601.4716377,638.0466536,-0.264089822,-0.1100239,9.713845735,10.05408736,0.029219642,0.03293344,403,336,36.57501591,0.154065922
bad,515.4832715,552.1459479,-0.628452248,-0.476660787,8.799496192,9.074252009,0.030958349,0.030037675,383,365,36.6626764,0.151791462
suggest,538.691144,575.3781257,-0.495196065,-0.388463609,8.200333754,9.125617356,0.030126872,0.029596242,361,399,36.68698164,0.106732456
nuclear,567.4073827,604.1138379,-0.411871322,-0.199515055,9.120106021,9.595425645,0.029786231,0.034143238,356,327,36.70645519,0.212356267
thumb,540.8197892,577.5724089,-0.518452036,-0.362513398,8.58808242,9.385194011,0.030992199,0.032607104,351,328,36.75261975,0.155938638
wife,506.0611868,542.9088041,-0.655092072,-0.528702242,8.568249251,10.12046901,0.02722749,0.033033282,348,342,36.8476173,0.12638983
politics,562.6474517,599.5661032,-0.424742829,-0.313809922,10.36431705,9.708825307,0.031771568,0.029604405,352,378,36.91865146,0.110932907
female,493.3875547,530.356604,-0.715879302,-0.572575873,8.16300516,8.685984144,0.026135519,0.026325371,366,351,36.96904934,0.143303429
syringe,687.6618486,724.8878662,0.082536156,0.241015907,11.37519888,13.40865573,0.038963953,0.04126973,350,284,37.22601763,0.158479751
tomato,530.3323128,567.6186628,-0.583783726,-0.440310051,9.303851147,11.35562401,0.027440634,0.033546968,358,347,37.28634998,0.143473675
coast,535.4964278,572.9840572,-0.533230659,-0.413443561,7.708472263,8.537843959,0.025936566,0.029381844,353,367,37.48762945,0.119787098
federation,708.940358,746.5785625,0.144162398,0.332495085,11.18392107,13.34109564,0.034726918,0.043659603,352,288,37.63820453,0.188332687
bro,534.1208941,572.0127751,-0.530065901,-0.38245164,9.246665772,11.33204096,0.030938271,0.03648792,340,338,37.89188102,0.147614261
obviously,554.9673531,592.9263125,-0.451760841,-0.313710195,7.83199151,9.42996992,0.02444432,0.030878915,354,384,37.95895938,0.138050646
rat,528.7237409,567.0394023,-0.573944602,-0.405619505,7.474485473,8.368149415,0.025608485,0.0292413,413,353,38.31566133,0.168325097
throne,562.0044829,600.4666083,-0.436072717,-0.249418141,9.00545361,10.15951912,0.030545999,0.035661745,381,337,38.46212536,0.186654576
fluid,538.8057343,577.3624749,-0.528331013,-0.393213657,10.06057567,8.967224466,0.032902755,0.030539905,350,339,38.55674065,0.135117356
epidemic,630.3081925,669.1305101,-0.154549232,-0.016579389,9.914706208,12.33242575,0.034175412,0.036282772,348,351,38.82231756,0.137969843
meat,509.0237133,547.8957292,-0.646609617,-0.517158069,7.922211747,8.391645033,0.028432051,0.027079818,391,384,38.87201591,0.129451549
yellow,501.5088361,540.4063385,-0.662186717,-0.516003498,7.699429403,8.353611182,0.025660946,0.030214727,360,384,38.89750243,0.146183218
rage,547.4151471,586.4021989,-0.473915165,-0.326233899,10.57428972,9.92262418,0.033038943,0.033182401,340,372,38.98705187,0.147681266
metal,536.4079563,575.4886615,-0.528377048,-0.392766828,9.711431301,10.59814162,0.032100386,0.035099164,366,325,39.08070527,0.13561022
cheek,541.7820143,580.9522681,-0.535602726,-0.378497814,9.508051323,12.30047511,0.032272272,0.035272572,351,332,39.17025382,0.157104912
knowledge,540.0020149,579.261705,-0.506011698,-0.348353788,8.184312288,9.752846531,0.029185132,0.032095493,335,356,39.25969012,0.157657911
mum,576.5109481,615.8309872,-0.361186371,-0.239809804,9.904838623,12.75854388,0.034233775,0.040606278,366,312,39.32003909,0.121376566
draw,530.4587748,569.9531874,-0.57594276,-0.41203874,10.10260534,10.94064747,0.033680556,0.034800481,342,346,39.49441259,0.16390402
cat,485.2839588,524.9292926,-0.73822036,-0.587806509,8.183024056,8.813659462,0.028248586,0.028196915,340,376,39.64533375,0.150413851
equip,628.7293541,668.5009531,-0.178275017,0.011563781,12.0847713,13.09742899,0.040612807,0.046650506,353,277,39.77159897,0.189838799
cruelty,613.3098736,653.1412216,-0.236773524,-0.101647662,10.35727658,11.70659273,0.035729549,0.033598476,348,361,39.83134803,0.135125862
decade,573.6662234,613.526911,-0.386337426,-0.229745646,8.799292731,9.728788384,0.028865959,0.03196546,385,382,39.86068762,0.156591781
servant,579.3112458,619.5755688,-0.356932208,-0.216949266,8.597011122,10.32806308,0.029685097,0.034737813,358,358,40.26432296,0.139982942
countess,644.4570777,684.8510295,-0.102000744,0.061219984,13.08606684,13.0961303,0.043329052,0.043208012,309,305,40.39395184,0.163220729
pilot,562.9831712,603.4170667,-0.480622009,-0.263271773,8.887978275,10.14156155,0.025904677,0.033939327,368,365,40.43389546,0.217350236
intentionally,622.0746523,662.7220309,-0.217381653,-0.047131664,11.00470583,10.92168988,0.034712196,0.032016729,348,356,40.6473786,0.170249989
generally,547.548058,588.2583785,-0.516751889,-0.332954186,7.962342409,9.076916912,0.026100254,0.031029818,379,354,40.71032047,0.183797704
massage,543.7164709,584.4544838,-0.530277437,-0.358746448,8.601365322,10.31189789,0.026675684,0.030469703,327,401,40.73801284,0.171530988
realistic,549.6383064,590.4341356,-0.482271519,-0.366909012,8.664449162,10.28320706,0.027069546,0.029385516,359,354,40.79582919,0.115362506
attitude,546.0132101,586.8579123,-0.45602764,-0.359591496,7.900625501,9.684660214,0.027176798,0.028557002,357,342,40.84470221,0.096436145
parent,499.3612614,540.408354,-0.645950768,-0.495823383,6.538191266,8.190431067,0.025380163,0.027546962,329,387,41.04709263,0.150127385
sell,509.6481078,550.7665857,-0.618397602,-0.469498113,9.106556191,11.12126966,0.028651169,0.036794508,371,321,41.11847786,0.148899489
director,534.6664064,575.8581156,-0.541043885,-0.389181768,9.442860671,10.14442358,0.027117958,0.032913578,359,346,41.1917092,0.151862118
testimony,609.7276707,651.0841552,-0.207933177,-0.043910253,9.532389435,9.78033566,0.033483441,0.03070519,328,335,41.35648449,0.164022924
brother,495.0850634,536.4635695,-0.656670936,-0.511257494,7.566357407,8.814285575,0.027291184,0.030176144,300,367,41.37850613,0.145413442
military,559.9465065,601.4874885,-0.418707486,-0.256537682,7.058560868,10.54809059,0.025872804,0.032912796,387,348,41.54098205,0.162169804
monastery,719.0616748,760.6079918,0.235065686,0.393227071,14.72335054,14.88353289,0.050227039,0.05549577,286,243,41.54631696,0.158161385
come,537.6160544,579.2378949,-0.491835688,-0.4124723,9.93043032,10.57850733,0.034797621,0.031019245,310,365,41.62184044,0.079363387
senate,661.1999169,702.8438952,-0.041047751,0.08868541,11.34422858,13.40987304,0.042803854,0.043569523,337,315,41.64397831,0.129733161
hallucination,673.2005043,714.853578,0.004961263,0.144377377,11.21981963,11.72631912,0.034586613,0.033866591,349,346,41.65307373,0.139416114
vampire,542.1633695,583.8510276,-0.519763184,-0.374372976,8.747235267,9.079635666,0.029499283,0.027727103,341,362,41.6876581,0.145390208
fuel,531.254385,572.9745961,-0.55308417,-0.350052886,7.935041474,8.381670878,0.026949132,0.030435894,374,411,41.72021109,0.203031284
excited,524.0169414,565.9403975,-0.55276337,-0.445789809,9.225031077,9.636684001,0.027671827,0.030292775,324,374,41.92345616,0.10697356
minus,573.7929199,615.7792064,-0.37253956,-0.171170632,9.538783146,9.491181325,0.033496898,0.034952271,368,357,41.98628657,0.201368928
hat,524.6928792,566.6830817,-0.558456677,-0.377838617,7.562752948,9.626271768,0.025397009,0.034354198,379,306,41.99020251,0.18061806
bottom,495.182327,537.3092896,-0.673860568,-0.526590716,6.375349464,9.798334588,0.023004399,0.033244321,367,335,42.12696257,0.147269851
ocean,508.4721576,550.8524545,-0.632712009,-0.491547476,8.154005296,9.272626477,0.028182051,0.031018064,349,341,42.38029695,0.141164533
thick,517.1806247,559.6432584,-0.599884243,-0.436566412,8.216093736,10.52151353,0.026716108,0.032027772,429,329,42.46263365,0.163317831
irresponsible,649.6830544,692.2805855,-0.078411717,0.090016855,13.03648355,11.83165451,0.039301082,0.037464297,349,357,42.59753102,0.168428572
investigator,628.5501794,671.3190233,-0.185400182,-0.055461964,11.1038493,12.23453891,0.030720988,0.033969484,368,387,42.7688439,0.129938219
practically,581.2340085,624.2389702,-0.360988162,-0.252935888,10.02807546,11.14833214,0.029612056,0.033955607,351,369,43.00496164,0.108052274
infection,559.9883906,603.0230926,-0.402266721,-0.274148284,7.295780568,9.99999014,0.02695606,0.03291935,384,367,43.03470201,0.128118437
hundred,527.4789726,570.5477507,-0.571659852,-0.374456022,7.879248886,9.817423252,0.028049864,0.031743451,365,333,43.06877814,0.19720383
movie,530.205112,573.4393692,-0.550090947,-0.402638678,7.730398815,10.60800672,0.027630746,0.03336264,366,344,43.23425715,0.147452269
fork,526.5695984,569.8529458,-0.564850349,-0.407596923,8.267197315,9.269411071,0.026968958,0.029404268,381,369,43.28334738,0.157253426
sniper,599.8286478,643.1657875,-0.25420893,-0.070658722,9.230876611,10.32166341,0.032392093,0.03718646,335,367,43.33713971,0.183550208
chew,579.8508941,623.1956994,-0.389414856,-0.176083655,9.829435969,9.865514989,0.032819992,0.03610303,340,366,43.34480532,0.213331201
murderer,573.4249612,616.7776378,-0.402072334,-0.228913261,8.895613552,10.90728532,0.027758202,0.035756156,387,323,43.35267651,0.173159074
tissue,540.5472839,584.1541929,-0.50686381,-0.318595873,8.020650469,9.182608498,0.027384325,0.031792258,384,337,43.60690903,0.188267937
butt,559.6716639,603.492479,-0.410421873,-0.26728092,7.863105556,11.09164149,0.029477366,0.039394452,366,357,43.82081507,0.143140953
horse,510.7532186,554.9184507,-0.633284488,-0.483296598,7.392211874,8.698877162,0.025044473,0.02865158,398,335,44.16523215,0.14998789
abdominal,699.9911437,744.2579759,0.074674156,0.283368107,11.81746023,13.20949649,0.037373465,0.041453235,355,332,44.26683222,0.208693951
yeah,497.2216364,541.5617331,-0.68997925,-0.499419385,8.812601844,9.505356364,0.028625519,0.032358552,374,341,44.34009675,0.190559865
cowboy,550.4393886,594.8337255,-0.460880605,-0.326721805,7.693685642,10.71471246,0.0285627,0.032477363,386,368,44.39433695,0.1341588
investor,589.822176,634.318895,-0.31019546,-0.172687204,10.60782195,12.11623008,0.032112848,0.036793875,358,343,44.49671906,0.137508255
morning,491.5929319,536.166244,-0.693739204,-0.554916644,8.562397247,8.440555108,0.027876434,0.028085578,235,377,44.57331213,0.13882256
deck,557.501514,602.4190029,-0.44656287,-0.277942736,11.44992402,11.47213613,0.036710563,0.037499918,321,343,44.91748892,0.168620134
crime,519.3839866,564.3035499,-0.563563475,-0.434019223,7.221059717,10.37321295,0.024485743,0.031965208,359,371,44.91956328,0.129544252
naked,531.9460685,576.9441304,-0.532025195,-0.415580947,7.52064721,10.21507559,0.026768796,0.031373323,354,345,44.99806192,0.116444248
reputation,630.194084,675.304885,-0.179339976,-0.034463174,10.70642369,12.47565674,0.033476045,0.038313307,357,339,45.11080093,0.144876802
assassin,663.1285604,708.3581015,-0.028530194,0.148572008,10.57635033,12.736361,0.037509574,0.045173649,323,276,45.22954108,0.177102202
paragraph,563.1627926,608.563956,-0.403971446,-0.259706295,7.579835231,9.948875211,0.025446698,0.033547616,381,341,45.40116337,0.144265151
duck,525.3648839,570.9201954,-0.574409969,-0.409368812,8.138950983,9.976527015,0.027313805,0.032553979,353,348,45.55531154,0.165041156
forest,534.9355167,580.5706834,-0.52974545,-0.349906745,7.979426526,10.42860637,0.02683795,0.035126697,360,338,45.63516678,0.179838705
closet,549.6505043,595.3434548,-0.492735775,-0.312574306,9.167913996,10.91009483,0.028203855,0.037424606,353,332,45.69295056,0.180161468
attack,511.4968059,557.3583622,-0.610573222,-0.44908657,6.801805257,9.167581781,0.024516936,0.031223071,371,381,45.86155629,0.161486652
vanilla,526.7486108,572.7801709,-0.552672691,-0.389364118,7.115648919,10.40292131,0.02444488,0.030273459,370,351,46.03156013,0.163308573
creepy,541.162288,587.3366684,-0.541788287,-0.334316804,9.50809491,9.785253983,0.028117122,0.030892482,338,383,46.17438036,0.207471484
filthy,621.9371467,668.1622873,-0.204628497,-0.039156013,11.20240557,12.37874687,0.036236422,0.039965592,334,309,46.22514058,0.165472484
king,497.792,544.0750163,-0.657418472,-0.516579358,6.901467393,10.02742293,0.027985431,0.03047123,369,367,46.28301634,0.140839114
closure,557.057907,603.4006566,-0.43139747,-0.267124178,8.625619952,11.36728115,0.02921252,0.034125578,387,332,46.34274966,0.164273292
rob,568.9717553,615.3711319,-0.408470909,-0.220401072,10.70439623,10.39923259,0.035331403,0.037460116,376,364,46.39937656,0.188069837
writing,517.7730438,564.2029223,-0.597252138,-0.429752817,7.263205516,9.413366861,0.025934459,0.030188971,365,386,46.42987844,0.167499321
ever,522.2109098,568.771068,-0.577268567,-0.428248109,8.622447572,9.453121468,0.030546485,0.033513115,377,338,46.56015824,0.149020459
city,514.5152039,561.2155393,-0.627391063,-0.432183605,8.040214306,9.441582881,0.025613465,0.031724925,363,369,46.70033545,0.195207457
bride,509.1960219,556.0111322,-0.63453266,-0.437464635,7.716995455,9.018205607,0.025742616,0.030755197,365,348,46.81511027,0.197068024
raccoon,610.5230516,657.414188,-0.230659501,-0.010953824,11.0883056,9.982657033,0.035692621,0.035529622,349,351,46.89113646,0.219705677
cardinal,638.1815361,685.160513,-0.161622227,0.073270125,12.19275608,11.45900577,0.037593943,0.038883192,332,386,46.97897682,0.234892352
completely,538.0234649,585.0882776,-0.504992624,-0.354703599,8.063408185,9.464793585,0.0295859,0.031022475,342,371,47.06481272,0.150289025
smell,503.3162115,550.7887026,-0.645470435,-0.465152445,7.551460371,9.347615278,0.026747143,0.029919092,331,380,47.47249115,0.18031799
cool,506.2804788,553.8502384,-0.634326456,-0.494660792,9.036917952,10.80838854,0.033033507,0.032576704,353,344,47.5697596,0.139665664
sand,531.8999478,579.5280623,-0.555965711,-0.348186176,8.557454191,9.814524005,0.026938497,0.0335366,383,369,47.62811457,0.207779535
resist,562.7331878,610.4889967,-0.429864138,-0.226086238,8.343252931,9.962419208,0.029734485,0.034458434,394,308,47.75580891,0.203777901
intimate,626.566369,674.5037745,-0.149983963,0.043802887,9.988202467,11.6705295,0.03281378,0.038610703,420,337,47.93740543,0.19378685
lecture,546.1032935,594.0914725,-0.509488206,-0.324638107,8.342598252,10.27401728,0.026797857,0.031236851,351,364,47.98817909,0.184850099
communist,593.827593,642.0037048,-0.300429053,-0.076323288,8.528818202,9.732829171,0.028870095,0.033207045,371,391,48.17611177,0.224105765
harbor,603.1284448,651.7252896,-0.235810921,-0.084786484,10.28680636,11.38863696,0.035981193,0.039650589,344,290,48.59684488,0.151024436
architect,616.1286052,664.9085195,-0.179227484,-0.019707277,10.06316724,12.30806183,0.035276367,0.038260949,342,333,48.77991429,0.159520207
inspiration,556.9124297,605.8101888,-0.399381258,-0.238712087,8.348185097,8.7142865,0.027239607,0.028498392,370,339,48.89775908,0.160669172
stupidity,602.1532946,651.4708109,-0.245511869,-0.098226601,9.142521629,11.4338179,0.032326691,0.034296708,387,349,49.31751631,0.147285268
navy,529.4307378,578.8234573,-0.507124703,-0.364955295,8.179616698,9.89535402,0.028904649,0.031018852,286,363,49.39271953,0.142169408
store,503.2959698,552.691683,-0.64841406,-0.480933197,7.677869419,9.95111174,0.026040673,0.030105834,331,388,49.39571321,0.167480863
marketing,544.822843,594.2245691,-0.483109381,-0.32121015,8.965478156,11.2685391,0.028430916,0.031542979,344,376,49.40172612,0.161899231
fourth,525.6403531,575.1381526,-0.573303348,-0.363514985,7.263170688,9.691246692,0.025123257,0.034374139,371,367,49.49779948,0.209788363
meter,545.437375,595.2048866,-0.505191306,-0.270381773,9.101403623,11.10702978,0.027065769,0.037687498,352,335,49.76751157,0.234809533
worthless,549.921941,599.8148742,-0.446210284,-0.265371408,8.7565402,9.564170188,0.031407985,0.031691789,373,358,49.8929332,0.180838876
manipulate,601.9040416,651.8988041,-0.241632983,-0.06539411,9.214313479,11.14555403,0.027713441,0.032626663,337,342,49.99476254,0.176238873
artery,677.6894176,727.9883345,0.027487577,0.252567972,11.23863513,14.35874493,0.038194777,0.051671748,364,281,50.29891692,0.225080395
vodka,559.2784449,609.840819,-0.446287412,-0.227526682,7.987606721,10.39015829,0.025836516,0.034087704,364,315,50.56237414,0.21876073
cut,520.0420853,570.7648011,-0.569055095,-0.372892414,8.276092439,8.598806752,0.027852606,0.032871555,387,362,50.72271585,0.196162681
girls,475.5234372,526.413821,-0.752570672,-0.538985489,7.001583803,7.91546174,0.024593838,0.028778035,366,352,50.89038386,0.213585183
football,500.6374251,551.7485141,-0.658389239,-0.470713898,6.930176321,8.620015524,0.024007025,0.029043575,374,356,51.11108892,0.187675341
committee,587.363451,638.4768605,-0.324323226,-0.145246001,8.526862743,9.001767427,0.028025644,0.030045782,388,390,51.11340947,0.179077226
triple,542.1104827,593.5976324,-0.505923885,-0.300620318,8.726391466,9.73238379,0.028500653,0.032081159,375,389,51.4871497,0.205303568
bottle,521.9263621,573.437738,-0.597267124,-0.399116175,8.565346238,10.15739379,0.028722402,0.031613193,359,355,51.5113759,0.198150949
tell,505.7637245,557.9042318,-0.667144411,-0.464704213,7.948337488,9.85000689,0.027783075,0.032849744,363,371,52.14050728,0.202440197
chest,517.9373689,570.1954051,-0.601486158,-0.384912255,8.766435165,9.179537142,0.028878477,0.032418916,366,395,52.25803621,0.216573903
voluntarily,607.4224413,659.6819201,-0.259525374,-0.030988281,11.16977704,11.72053836,0.035329861,0.036979995,349,351,52.25947885,0.228537092
mechanical,588.7573753,641.0198709,-0.350761025,-0.104993234,10.13435803,11.19654684,0.032540012,0.033588653,373,364,52.26249556,0.245767791
mutation,635.7886885,688.0894078,-0.144658754,0.047955538,10.45591001,11.02923636,0.032513755,0.034810689,366,358,52.3007193,0.192614292
rear,584.610754,637.2010325,-0.341320334,-0.145179293,11.72132899,12.09494549,0.041683323,0.040181204,313,338,52.59027855,0.19614104
chef,522.747925,575.6598911,-0.614824236,-0.400898044,7.64398801,9.526918207,0.025038504,0.03193273,360,349,52.9119661,0.213926191
spaghetti,579.5539944,632.5358559,-0.352529321,-0.124426733,9.519210947,10.12276036,0.029217694,0.033629106,357,347,52.9818615,0.228102588
hug,521.5216162,574.6501979,-0.596097253,-0.416570707,7.721486045,10.06903664,0.02572444,0.030781067,396,379,53.12858172,0.179526546
importance,585.8743415,639.1016974,-0.34429375,-0.20302972,10.02787312,12.02165706,0.033717526,0.036084254,366,380,53.22735583,0.14126403
external,539.5571944,593.0069242,-0.534367267,-0.329935923,8.441592415,8.946578508,0.026939186,0.029700727,355,330,53.44972986,0.204431344
evaluation,574.5440579,628.0137892,-0.356248306,-0.197774549,8.393269219,10.81452649,0.025533847,0.033880539,380,370,53.46973129,0.158473757
bag,515.883516,569.3589723,-0.605371835,-0.405787592,8.403622209,10.11060414,0.029325568,0.033566611,374,397,53.47545625,0.199584243
path,540.518351,594.1544312,-0.522933622,-0.323604116,7.956619327,11.5195048,0.029977676,0.036411448,359,327,53.63608021,0.199329506
erection,644.9372695,698.6142148,-0.071579348,0.151900447,9.149025827,12.46668413,0.03347692,0.044111018,360,298,53.67694531,0.223479795
absurd,625.0027459,678.8726415,-0.20149222,0.021274817,10.01201478,10.82123509,0.034242137,0.035135695,362,357,53.86989561,0.222767037
division,564.3420347,618.2521671,-0.407857051,-0.234215492,8.70093852,11.58197168,0.026935423,0.03167614,375,377,53.91013244,0.173641559
thirst,540.2919629,594.3348932,-0.507399113,-0.311563814,9.37647621,10.43296099,0.032447635,0.035306643,360,356,54.04293034,0.195835298
quickly,515.4108204,569.6277039,-0.626726627,-0.403747771,8.267616273,9.058122081,0.026869558,0.030131013,323,358,54.21688348,0.222978855
towel,516.3459433,570.6614018,-0.587997482,-0.400035804,7.244080405,10.1804104,0.026294963,0.033960901,388,341,54.31545846,0.187961677
lick,543.6792145,598.2462297,-0.507763975,-0.305088359,9.569216273,9.528977791,0.030990459,0.033004695,331,370,54.56701524,0.202675616
minute,509.4266686,564.2847943,-0.604981722,-0.438155152,7.216336064,8.988335231,0.027492824,0.029760199,347,384,54.85812569,0.16682657
lieutenant,704.8432333,760.1514531,0.131006664,0.376249016,12.24931494,13.21080041,0.037427276,0.046173548,300,256,55.30821978,0.245242352
atlantic,592.4148239,648.0277994,-0.298070277,-0.068026317,10.78506287,11.17510124,0.034437044,0.037523427,369,364,55.61297559,0.23004396
fleet,598.7902892,654.579071,-0.285643093,-0.089394965,10.78945211,12.55702569,0.038729424,0.041038233,370,310,55.78878178,0.196248127
samurai,696.5293033,752.3677206,0.102555511,0.313342412,12.20634672,15.53974971,0.042149453,0.049513031,300,247,55.8384173,0.210786901
misery,599.9739389,656.2842537,-0.279920747,-0.069277486,10.77841295,12.59761027,0.03621957,0.040792563,360,335,56.31031485,0.210643261
december,530.0385778,586.6385049,-0.565272194,-0.344381207,9.078926897,9.201649651,0.029788147,0.030594069,334,408,56.59992707,0.220890987
tuesday,515.5458123,572.2737575,-0.651055556,-0.36571134,8.452653929,10.29625687,0.028587685,0.033556014,405,344,56.72794516,0.285344216
oil,502.8444985,559.6296183,-0.640413737,-0.40975642,6.911925467,7.44157582,0.023167882,0.029667555,327,372,56.7851198,0.230657317
administrative,664.6821304,721.5431077,-0.029373368,0.196001885,11.56341524,14.38976878,0.036877617,0.041497861,345,325,56.86097726,0.225375254
morphine,643.3801461,701.3915389,-0.079797953,0.153615912,9.800076425,11.07034795,0.0339656,0.039431545,356,321,58.01139287,0.233413865
dusty,532.3424095,590.4893971,-0.556339991,-0.285294828,8.473448331,9.460286202,0.027326444,0.035933224,398,350,58.1469876,0.271045164
prince,516.2329535,574.6033369,-0.59838282,-0.393852105,7.534612802,9.43983438,0.026115728,0.031391578,366,368,58.3703834,0.204530715
boy,489.1107177,547.742,-0.744670168,-0.492668935,8.137077775,8.790055092,0.025659193,0.02958807,418,368,58.63128229,0.252001234
biological,571.8315175,630.5775732,-0.366736382,-0.207103449,9.142343504,12.34520309,0.029440917,0.035228384,342,328,58.74605562,0.159632934
inherit,636.0266332,695.0762632,-0.123606127,0.093784001,10.4005927,10.47945493,0.033270839,0.037420155,379,342,59.04962994,0.217390128
perimeter,647.2404118,706.5116034,-0.090167377,0.141159141,12.88464045,13.16011056,0.038260698,0.039684933,328,348,59.27119165,0.231326518
glory,522.992416,582.4448316,-0.577104847,-0.345767039,7.311553342,9.361284384,0.024487378,0.0329046,375,361,59.45241558,0.231337808
hamburger,572.1423167,632.3232216,-0.383582957,-0.167023344,10.26614011,10.82267376,0.030441244,0.035218028,360,361,60.18090493,0.216559614
upper,522.2059329,582.6981606,-0.560678208,-0.3381653,9.945558104,9.772821768,0.031071355,0.031777422,298,355,60.49222768,0.222512908
western,541.5207851,602.5737429,-0.493790189,-0.289199938,8.499642651,9.342331901,0.029494691,0.030057888,363,350,61.05295773,0.204590251
champagne,588.3430424,649.4388753,-0.271614551,-0.128190835,7.875051594,10.41089135,0.028804508,0.032849302,354,353,61.09583298,0.143423716
there,495.5859842,556.7867985,-0.670052065,-0.452958551,7.3177151,8.153752129,0.027554939,0.029978614,379,387,61.20081429,0.217093514
predator,568.3534749,629.7306071,-0.370748304,-0.165631922,8.942103463,10.99476862,0.03107755,0.034685998,358,369,61.37713219,0.205116382
somewhere,517.0565079,578.4381318,-0.583396324,-0.331866182,7.62787279,9.076310441,0.026377572,0.031640954,382,349,61.38162394,0.251530142
strongly,549.7047467,611.2352714,-0.485777732,-0.243895128,8.560739046,9.912518464,0.028453582,0.034800383,375,350,61.53052476,0.241882604
boston,573.7994635,635.5258358,-0.324700598,-0.158313278,8.694938209,10.94159296,0.032726397,0.036927207,356,341,61.7263723,0.16638732
unable,580.2098822,642.1517956,-0.370059491,-0.080140221,10.04309427,10.78597841,0.032086213,0.03924456,365,362,61.9419134,0.28991927
graduate,540.0525054,602.2836554,-0.515737004,-0.303572439,6.92412492,10.02267951,0.023294189,0.030902127,368,357,62.23115001,0.212164565
financing,615.5232101,678.5656016,-0.211353919,0.002792559,11.87381676,11.84657346,0.037031114,0.036347801,357,364,63.04239156,0.214146478
transmitter,644.7643794,707.83817,-0.057490976,0.11476273,10.0335041,12.23692779,0.033669172,0.037467357,369,353,63.07379056,0.172253706
ant,568.2697751,631.8085591,-0.414407165,-0.17376398,8.759949041,10.39250374,0.029022517,0.034705243,409,313,63.53878404,0.240643185
procedure,571.913122,636.0479578,-0.375505788,-0.157533456,7.803357819,10.8467313,0.028040413,0.033028427,418,332,64.13483581,0.217972332
north,499.3285703,563.5172569,-0.690825067,-0.403377483,7.669203995,9.859051698,0.027940678,0.029629485,391,362,64.18868658,0.287447584
knee,552.0039358,617.2171534,-0.476259657,-0.208228495,9.791940698,9.305926471,0.031640391,0.030895282,327,326,65.21321758,0.268031162
nausea,590.0919059,656.8921053,-0.311833782,-0.029042866,8.429195007,9.78363995,0.028182055,0.033768277,404,342,66.80019933,0.282790916
unpleasant,580.2569896,647.6889918,-0.364244818,-0.075654525,8.595919394,10.62380984,0.027086243,0.030966211,383,368,67.43200226,0.288590293
grandmother,537.5322035,605.496036,-0.524552093,-0.233256641,7.777193618,10.53869875,0.025830821,0.033549085,339,361,67.96383249,0.291295452
gram,606.4578967,675.4229597,-0.213262146,0.021911761,9.771278147,13.79320966,0.031761335,0.048446969,368,298,68.965063,0.235173907
torture,555.1412544,624.3333321,-0.446255505,-0.195246831,6.98752758,11.02801506,0.024325092,0.032985307,397,374,69.19207769,0.251008674
autumn,566.6528358,636.0612413,-0.387092138,-0.189777878,9.218990671,12.76981796,0.029114942,0.035535436,335,344,69.40840545,0.19731426
cerebral,684.4691359,754.1585101,0.056937538,0.361241624,13.06646187,14.06653664,0.042575006,0.049024123,309,296,69.68937422,0.304304086
arrogance,597.8204896,667.9665029,-0.279832672,0.013450516,10.1590405,11.07522798,0.033164368,0.035067836,386,346,70.14601325,0.293283189
battle,525.6408387,596.0205884,-0.601015851,-0.355129089,8.006708231,11.03091908,0.026399246,0.033077457,372,362,70.37974971,0.245886763
insect,555.5282587,626.3127994,-0.486096717,-0.170707479,8.81892841,11.69893674,0.030287795,0.040611175,344,359,70.78454072,0.315389238
paranormal,624.2488416,695.1323333,-0.157215737,0.09347481,11.30172527,12.19569167,0.037112303,0.035730059,322,306,70.88349168,0.250690547
week,516.503902,587.8864826,-0.628697132,-0.360636251,8.847163748,11.21467626,0.02908129,0.036313754,347,373,71.38258058,0.268060881
four,489.3262912,560.9040251,-0.702870374,-0.43328576,7.404939699,9.311733023,0.026317435,0.032620685,340,359,71.57773388,0.269584614
content,551.9258575,623.6354852,-0.482993132,-0.187584913,8.954655285,12.26614975,0.029761258,0.038349142,358,338,71.70962767,0.295408219
cold,484.6722985,557.395267,-0.75131277,-0.473091514,7.973576391,10.3811642,0.027285347,0.033378425,335,367,72.72296853,0.278221256
imprisonment,689.2051412,762.6019501,0.111965645,0.304973098,10.52457099,13.96507017,0.036292389,0.039464997,347,341,73.39680895,0.193007453
misfortune,631.1129063,704.8348108,-0.151751494,0.109687452,10.61132977,11.92478554,0.034851167,0.036820029,363,333,73.72190447,0.261438947
october,517.6435015,592.2016979,-0.574744108,-0.319852094,9.360181334,9.645402099,0.030032654,0.032673258,325,374,74.55819634,0.254892014
fugitive,655.011707,729.8111041,-0.079301069,0.229139956,13.03453393,13.50342829,0.039981683,0.040403619,314,346,74.79939705,0.308441025
ding,650.868286,725.9707269,-0.09360855,0.187712506,13.64486901,14.97040305,0.047157859,0.051677261,316,260,75.10244093,0.281321055
billion,507.1386431,584.2848702,-0.647115432,-0.343882199,7.662622442,11.23682819,0.026877632,0.035311459,367,339,77.14622717,0.303233232
stove,517.3361512,595.3238097,-0.61078906,-0.283440535,7.497572939,10.65942853,0.02704507,0.035629384,377,352,77.98765846,0.327348525
armory,634.51333,712.9948304,-0.201058379,0.205344501,12.48757939,14.06892155,0.037681944,0.049343501,303,283,78.48150035,0.40640288
venus,560.1809807,639.2651514,-0.423555667,-0.107586309,7.718499561,11.3395225,0.028876565,0.040119447,363,357,79.08417073,0.315969358
penis,549.7583951,631.9753424,-0.475504308,-0.158695246,8.650420224,10.1510226,0.027635276,0.034611282,367,361,82.21694734,0.316809063
buyer,541.3882486,626.2239536,-0.521670167,-0.195594863,9.13908539,11.87421127,0.030696985,0.038274563,346,302,84.83570508,0.326075304
watson,696.4238107,782.26895,0.092016396,0.345642966,13.16029719,23.54048264,0.045420331,0.071848846,306,180,85.84513934,0.253626571
july,501.4061802,587.8591723,-0.674046081,-0.339975091,6.861926976,9.72975997,0.022051664,0.031718003,394,354,86.4529921,0.33407099
east,497.1602888,584.2131602,-0.663098707,-0.367148801,7.199879908,8.808243104,0.026900957,0.029486276,367,362,87.05287139,0.295949906
hydrogen,572.6485277,660.0563769,-0.340418461,-0.027422888,10.19875516,11.11475508,0.029260314,0.035098077,307,329,87.40784923,0.312995573
cognac,729.2012683,818.0929055,0.35900455,0.466482235,15.25563891,26.95115634,0.060339898,0.076930102,164,127,88.89163723,0.107477685
surname,585.8430401,675.6433891,-0.352180256,0.02322625,9.492370297,12.95587843,0.035806377,0.040010081,349,329,89.80034896,0.375406506
onion,513.0468956,607.2379472,-0.62036638,-0.268163961,8.135311304,10.86376884,0.024192909,0.035098396,383,322,94.19105164,0.352202419
motel,545.8429316,644.0384734,-0.511275648,-0.135298334,9.18283527,12.76762508,0.03152355,0.040159008,351,338,98.19554174,0.375977314
heroin,573.0294363,675.9574682,-0.376641312,0.030921115,9.879577847,11.55413182,0.031126755,0.036560349,345,361,102.9280319,0.407562427
sip,592.6452544,700.723994,-0.279289336,0.112778165,9.804044033,13.74755998,0.034765301,0.043790764,338,334,108.0787396,0.392067502
black,499.8959451,608.0481424,-0.658521244,-0.211536533,7.783669897,9.90411098,0.028628803,0.038124162,364,344,108.1521974,0.446984711
scandal,620.5841597,730.0803487,-0.167798066,0.238081341,8.442492906,13.16436126,0.031645504,0.042824684,390,347,109.496189,0.405879407
christian,552.7530659,662.4287095,-0.452545398,-0.054340453,7.447304477,10.97188906,0.026570007,0.036694858,364,358,109.6756436,0.398204945
that,498.8851104,629.2259555,-0.673889801,-0.109900788,8.324939929,9.863788289,0.029815971,0.037090152,335,382,130.3408451,0.563989013
juliet,566.9072069,698.0067749,-0.365453308,0.039168236,8.57762524,14.34783675,0.032657527,0.042133287,348,342,131.0995679,0.404621544
sink,536.454814,670.5265,-0.484345134,-0.021005601,8.421191296,11.60870301,0.02882432,0.038381299,328,392,134.071686,0.463339532