"target_word_unique","avgRT_related","avgRT_unrelated","avgZ_RT_related","avgZ_RT_unrelated","seRT_related","seRT_unrelated","seZ_RT_related","seZ_RT_unrelated","target_sample_keep_related","target_sample_keep_unrelated","avgRT_prime","avgZ_prime"
"América",534.779809532896,576.772713118256,-0.673728429399494,-0.311390191935937,18.0779808476687,18.6717876677525,0.0579510305875629,0.0625624739426243,63,122,41.9929035853594,0.362338237463557
"Atlántico",550.271270830905,645.228515129249,-0.507008207399376,-0.0945839432249567,14.5961969335201,13.9256452099926,0.0524933597855528,0.0497873901000248,96,99,94.957244298344,0.412424264174419
"Batman",518.040206172861,685.241351042935,-0.523208607756545,0.165036697580703,16.0415734320653,21.4550160001981,0.0635201797202395,0.0744454099446856,97,94,167.201144870073,0.688245305337248
"Boston",615.718010863995,677.539262468071,-0.35402972832503,-0.0308949505680101,24.2304448330551,24.6573585578492,0.0730887761221698,0.0825138612983583,92,80,61.8212516040758,0.32313477775702
"Julieta",523.45146999575,619.389652198301,-0.582929904726363,-0.300106911653674,13.4288384321608,22.1199905575146,0.0498333958384894,0.0730626976990806,100,69,95.9381822025507,0.282822993072689
"Roma",518.536866691088,591.318011906802,-0.658067759627462,-0.506182336885696,17.1907207660838,20.7909942112476,0.0671203553658936,0.0680509013346468,75,84,72.7811452157148,0.151885422741766
"VIH",625.295671051967,755.27368103104,-0.266868005573255,0.455920217549497,24.536677064184,22.7937988375402,0.0766476268131005,0.0686040796458521,76,116,129.978009979073,0.722788223122752
"Venus",514.396909088848,603.155265615791,-0.711429208249132,-0.151737906410501,10.9961619854833,22.0005653874519,0.0352346675107598,0.0809067213949756,143,64,88.7583565269425,0.559691301838631
"Watson",653.437536606919,817.632000013715,-0.237598943570069,0.361244041382468,22.7568109802551,37.4034537407414,0.0879146303461256,0.0976471506605941,82,56,164.194463406797,0.598842984952537
"abadejo",814.898685720613,906.118799999604,0.561688648007633,0.697551268600977,51.6227743253326,46.1702898796567,0.168324111100668,0.160172195809983,35,25,91.2201142789908,0.135862620593344
"abandonar",597.65427048858,647.581448277631,-0.412696860951686,-0.209008407727987,17.9427505388765,22.5729076500724,0.052448879564877,0.0704928099559161,122,87,49.9271777890516,0.203688453223698
"abdomen",563.177857146562,641.467687490086,-0.366718209235235,-0.18710874318074,10.2094597597985,22.5696764498599,0.045984795965049,0.0558726814143876,98,96,78.2898303435234,0.179609466054494
"abducir",821.331673060178,795.199359388396,0.447151806171317,0.405385592801638,31.3819499110773,30.8770101856684,0.117625871468178,0.097293445725449,52,64,-26.1323136717817,-0.0417662133696791
"abrazo",500.450294650179,565.616897434789,-0.702968300229569,-0.586697647446149,13.958004819936,16.0615577216306,0.0463159305384178,0.0510811020065873,112,117,65.16660278461,0.11627065278342
"absorber",616.732007447789,621.802993816912,-0.110712585826218,-0.237961345260323,14.5797458582615,14.546835828194,0.0576745133178123,0.0474024530584239,134,162,5.07098636912303,-0.127248759434105
"absurdo",568.92438679507,582.632191906569,-0.51762389618248,-0.36322655688922,19.7940108470893,17.9497245575049,0.0485227867593624,0.0627449887964101,106,99,13.7078051114991,0.15439733929326
"abuela",451.154036173097,547.949409842805,-0.878535741073443,-0.557253734193455,18.0124887653162,17.0489624365711,0.0643473021438384,0.0534666204045918,83,122,96.795373669708,0.321282006879989
"accidente",562.142397724655,534.936790356357,-0.563076488390152,-0.524716132151574,20.6583721182412,10.8532904063877,0.0538417081180658,0.041662648210256,88,124,-27.2056073682977,0.0383603562385788
"acción",509.530081077439,492.422978252286,-0.671856059088445,-0.622559458244635,11.0447022034121,13.3838806096954,0.0400248044167442,0.0593872352582547,148,92,-17.1071028251526,0.0492966008438103
"acento",521.305597207616,603.527063632456,-0.598390959604091,-0.330600628355361,18.8106635731481,17.1895184215301,0.0698853725891322,0.0618326293793891,72,110,82.2214664248397,0.267790331248731
"aceptar",496.462240003102,510.373719117489,-0.753839379663554,-0.641587218105071,11.9502003333975,12.1774605192496,0.0356121858832036,0.044433210200773,125,89,13.9114791143867,0.112252161558482
"acero",588.448674411453,608.899671444786,-0.350080282613225,-0.185700390854279,19.18399822178,16.8204421247253,0.0693111288450362,0.0780054309676196,86,70,20.450997033333,0.164379891758946
"acompañar",571.245096493165,568.433065048812,-0.380028278812099,-0.373381958991189,13.7103533200512,12.9635951654859,0.0532259151650818,0.0442208520008709,114,123,-2.81203144435301,0.00664631982090969
"aconsejar",603.176620167454,675.248500006337,-0.299311816529243,-0.0898335302342313,17.9687563764084,21.6979499095559,0.0523378381041439,0.0701024371562107,129,76,72.0718798388831,0.209478286295012
"actitud",525.170963932294,540.919277096348,-0.652471983311724,-0.578068051195514,12.8432988494177,19.5744088356886,0.0440369785624044,0.0519181580683417,111,83,15.7483131640543,0.0744039321162095
"activar",526.561539808838,546.069800012543,-0.625681791616782,-0.611091386816049,14.6805072006205,17.080509977441,0.0524143256451037,0.0499214146664633,113,130,19.5082602037048,0.014590404800733
"actividad",543.718699099834,589.141487815997,-0.565920134960589,-0.325391675044924,15.7961210716341,19.2732304199327,0.0579742722228835,0.0531599350823066,113,82,45.4227887161633,0.240528459915665
"actor",505.558836536352,527.107841465402,-0.715515425700242,-0.616842754250399,15.7408345796418,13.4274874621301,0.0468749113486148,0.0523164233047964,104,82,21.5490049290501,0.0986726714498426
"actuación",609.527146328737,610.454647054982,-0.395921766907404,-0.332444367442818,29.96038368448,17.0165220255586,0.0740896730383677,0.0582652412923625,82,102,0.927500726244148,0.0634773994645859
"actualizar",589.456146469766,592.863875012273,-0.422366037946937,-0.356253919014111,15.1302963431846,16.1550546895427,0.0450247052485454,0.0556071680227966,198,80,3.40772854250633,0.0661121189328263
"acusación",677.548560997099,645.901326324022,-0.0539279585330715,-0.0333972783965196,29.6664208576009,18.681703886441,0.0827744091485627,0.073814445972436,82,95,-31.6472346730772,0.0205306801365519
"adicional",581.74117022556,570.817092772645,-0.343513672408361,-0.416138807831313,16.4729808039978,15.0664693544671,0.0584770398515037,0.0530058656005171,94,97,-10.9240774529148,-0.0726251354229524
"adiós",491.064353430472,512.781513138231,-0.789182587503818,-0.664993632865125,12.1935036086641,12.9478996021722,0.0417981960831986,0.0481068837185013,116,76,21.7171597077589,0.124188954638693
"adolescente",581.176348476102,555.343312484699,-0.3563573314046,-0.508540488962693,19.9704742267659,14.3889102616384,0.0927869359709132,0.0432335949157918,66,96,-25.8330359914028,-0.152183157558092
"adrenalina",626.76411999353,616.649179477816,-0.197925418781053,-0.332199662890589,21.4379424715736,20.0448388395833,0.0809058191252539,0.0577287993119587,75,78,-10.1149405157149,-0.134274244109536
"adversario",601.150902437928,717.21733334158,-0.397226073149667,0.18453272503077,20.2269211616691,29.6493816042581,0.0627862872374468,0.0937207906560519,82,81,116.066430903652,0.581758798180437
"aeropuerto",566.012059524073,593.909623041773,-0.395837440705364,-0.332282387878763,17.6659210315842,16.7969349629764,0.0611543733289205,0.0568268499647715,84,130,27.8975635176994,0.0635550528266005
"agencia",549.726300000344,638.364320508109,-0.553952115045129,-0.0515525129994648,13.8669386813539,23.7586473242491,0.044895051383334,0.0928059396978209,150,78,88.6380205077648,0.502399602045664
"agenda",531.214515812993,579.007247873436,-0.594278690644671,-0.413893590492663,14.3077741145342,16.6460032968881,0.059808241959796,0.0637426798359403,95,117,47.7927320604431,0.180385100152007
"agradable",572.388512817222,537.981809547735,-0.478188103067502,-0.560595248990313,20.1643428634875,15.2617798171713,0.0689224969383723,0.0462614888655121,78,84,-34.4067032694877,-0.0824071459228109
"agresor",583.762989119885,639.567742591071,-0.291775989259317,-0.157563201351957,17.6122256952982,16.9868247433324,0.0761834796833764,0.065694791728651,92,101,55.8047534711864,0.13421278790736
"agujero",565.002365225047,605.616321448673,-0.475141019387692,-0.338578887612853,20.2537508991168,22.5730623815846,0.0573874647973747,0.0672017895144673,115,84,40.613956223626,0.136562131774839
"alambre",565.245533307235,629.267419651606,-0.331168589374604,-0.139066469283685,16.1868253852265,16.9894779821679,0.0706058982078297,0.0699521601070754,75,112,64.0218863443716,0.192102120090919
"alarma",511.821487397306,528.521415092285,-0.660696517474693,-0.669668270754423,10.8991114897119,11.7609223305605,0.0407796920528823,0.0452002485515982,119,106,16.6999276949797,-0.0089717532797301
"alcalde",613.088891309645,550.475739540414,-0.308546735225133,-0.491072893730147,20.3921494328773,18.3803042809606,0.0639620703523449,0.0567082636843976,92,96,-62.6131517692316,-0.182526158505014
"alegría",520.057833328686,541.488757563537,-0.658857051863878,-0.576604039476027,18.1145259235765,11.7571667528398,0.0595112445262639,0.0430705044984319,90,165,21.430924234851,0.0822530123878502
"alfa",643.282094740676,644.266352139717,0.0596479849021566,-0.0391407660130252,20.1303823010389,16.0781987559959,0.0758286208235546,0.0647510372228082,95,142,0.984257399040757,-0.0987887509151818
"alfombra",582.766596172274,567.108887639792,-0.398460340079826,-0.457248711144692,16.3721367694671,16.3828257719299,0.0585801548418963,0.0533203006102951,104,89,-15.6577085324811,-0.0587883710648666
"algo",529.308343301164,559.368646364594,-0.730124709551927,-0.479841581178426,22.4264021264454,16.9280006658557,0.0636606494474484,0.0640442549282203,67,82,30.06030306343,0.250283128373501
"algodón",564.770015266276,582.450537496197,-0.49617612082708,-0.496837738355752,14.8595835033485,16.4281764820591,0.0439178693036803,0.0558061852263617,131,80,17.6805222299214,-0.000661617528671665
"algún",496.786809518893,622.274525632155,-0.723140920566902,-0.311860914358633,10.2731163143761,23.0025202119505,0.0346902539986923,0.076028178926397,126,78,125.487716113262,0.411280006208269
"allí",543.896785270045,562.993398375032,-0.627698283386194,-0.498444585647343,12.0114913235163,12.6047430329082,0.0383218016788959,0.0432305365285961,163,123,19.0966131049869,0.129253697738852
"almuerzo",555.665918918686,544.859506504548,-0.531483100676805,-0.514681266695925,16.0979031965706,11.9979791992989,0.0492375247611837,0.0440957672571182,111,154,-10.8064124141375,0.0168018339808803
"alquilar",582.778039980425,529.925148954918,-0.351478567398316,-0.598783334125673,13.9896778476153,18.7722617907828,0.0467672475846159,0.0517272446582871,150,94,-52.8528910255062,-0.247304766727358
"alrededor",594.235524158972,637.173126753212,-0.348056037937009,-0.349162347939385,11.4090825751666,32.6491165233245,0.0479428141932307,0.0794584799903064,145,71,42.9376025942396,-0.00110631000237627
"alteza",562.129354338414,638.621906989686,-0.462885983992426,-0.109729044522115,13.7958440736716,17.8401562828652,0.0508470860384195,0.0727199739934202,127,86,76.4925526512715,0.353156939470311
"alto",475.820877701514,529.842948711257,-0.840975877572604,-0.567996496992295,13.3486763558342,13.4454970649038,0.042008037266168,0.0521989661689802,139,117,54.0220710097428,0.272979380580309
"altura",547.55323077306,554.905841733661,-0.583754204466523,-0.488715538900536,15.9658254787468,11.1872091958296,0.0447344862505242,0.0416666890024232,156,139,7.35261096060071,0.0950386655659866
"alucinación",684.535709916592,689.192349999452,-0.0555951679932711,-0.0432623104753087,18.9869292511722,26.5095731492093,0.0637138310591252,0.0701238890139805,131,80,4.65664008286012,0.0123328575179625
"amanecer",532.277341674631,605.204354148505,-0.626811850678776,-0.341518271052423,14.3971663228193,17.4726530556258,0.0396539192432809,0.055907346273713,120,96,72.9270124738736,0.285293579626352
"amanecer.1",557.606585176287,535.319840491124,-0.438157302242836,-0.566984339258073,13.4498568968609,11.6425580091448,0.0489180043643261,0.0403526998794566,135,163,-22.2867446851624,-0.128827037015237
"amarillo",507.620816881161,547.368885711411,-0.699295398960412,-0.59813728097672,14.3906738935368,14.4372115944304,0.0476251851317182,0.0493464363679175,71,105,39.7480688302502,0.101158117983692
"amigo",509.003530626224,521.313173086753,-0.698381547613392,-0.617957642866395,13.8789953146079,13.4867298078962,0.0522219000388473,0.0516376138471632,98,104,12.3096424605296,0.0804239047469962
"amistad",532.116426742694,544.324469702172,-0.650503900168691,-0.645803525210905,11.9632896960921,21.9358080796031,0.0393608603063706,0.0703433111600442,157,66,12.2080429594774,0.0047003749577863
"amistoso",525.979707972576,545.892968496365,-0.577409604652953,-0.575197175060175,12.3990170252053,13.1597162753461,0.0418138742633725,0.0394522890156643,113,127,19.9132605237896,0.00221242959277823
"amor",464.785449988066,506.373400020934,-0.884383090295631,-0.707299904774534,9.74461340288035,12.1025592973332,0.0339718423670533,0.0434552649349433,120,145,41.5879500328676,0.177083185521097
"amoroso",563.771415708185,559.45157143431,-0.523822097005132,-0.534972375608463,18.9147007765509,15.1174342695134,0.0671102561038905,0.0574085802745695,89,98,-4.31984427387465,-0.0111502786033303
"amplio",576.046503906689,600.957991668205,-0.470216395376391,-0.330555323192988,16.888484670408,17.0917458806769,0.0621924165520013,0.0692377969065758,127,120,24.9114877615161,0.139661072183403
"anhelo",711.981100009965,766.716607833901,0.144772708602999,0.262897266969589,20.7901462938896,20.080934952293,0.071407976579553,0.0672627448930428,90,102,54.7355078239361,0.118124558366591
"animal",466.00465852102,516.710857159174,-0.819104182284857,-0.617201460523195,10.0909299766428,15.7689283795549,0.0439963741519825,0.0553529099791217,82,112,50.7061986381537,0.201902721761663
"análisis",545.605524271698,557.606195650868,-0.549619951328132,-0.505244342182467,13.6474778523961,14.306032724627,0.0478268128819491,0.0530750149572847,103,92,12.0006713791704,0.0443756091456647
"apellido",527.751341162633,504.272051944056,-0.622544082940026,-0.68712326063758,16.2184789437047,17.7427909852477,0.0555580102700537,0.0460322270192392,85,77,-23.479289218577,-0.0645791776975546
"apreciar",598.380420409361,595.094648844027,-0.440855898525458,-0.379383167070905,19.8571351751,18.5220196464055,0.0559427636695013,0.0597406288950759,88,131,-3.28577156533447,0.0614727314545528
"aprobación",596.32587503519,597.867588248846,-0.357488235911039,-0.350272631993913,14.3968224888458,13.5237374278962,0.0482362217262215,0.0504963097514802,128,119,1.54171321365618,0.00721560391712595
"arena",549.947364585317,541.97568816604,-0.487648586776041,-0.572142761649218,16.1301132844184,9.27958184756751,0.0598562732994542,0.0380141394676192,96,186,-7.97167641927763,-0.0844941748731778
"arma",551.746532451698,541.847373832079,-0.500239818495337,-0.492794689016194,18.898840203838,17.0209465484078,0.07414338770432,0.062734756698043,77,107,-9.89915861961902,0.00744512947914311
"armadura",601.051594597705,613.168011133863,-0.397861385382625,-0.242650294972684,19.9100047442131,21.1919906161573,0.0600498942102936,0.0660047360332604,111,90,12.1164165361579,0.155211090409941
"armario",569.909065929514,533.767336451692,-0.478057388252782,-0.52135778314702,21.0108973038746,14.5745664702337,0.0590319015627553,0.057858995448616,91,107,-36.141729477822,-0.043300394894238
"armería",645.041367111801,624.871925520957,-0.152999141268373,-0.12397898332124,25.6993922716912,23.2180767720578,0.0886691205972093,0.0868919780262037,79,94,-20.169441590844,0.0290201579471328
"armonía",543.931099991162,577.331890382147,-0.500205353787612,-0.471087029441437,13.6186585247061,14.2435901519865,0.0548195722959795,0.045144344661266,80,73,33.400790390985,0.0291183243461753
"arquitecto",582.174050009051,611.11839492691,-0.407156864502849,-0.280219139152035,19.1895085860781,20.7094885462027,0.0521942366181484,0.0687305510906669,100,119,28.9443449178589,0.126937725350814
"arrestar",572.378635283987,580.735761368565,-0.443920570286499,-0.437501108863531,19.4267496709458,18.3730288842359,0.0561402250280868,0.064227751137507,85,88,8.35712608457823,0.00641946142296818
"arriba",516.02937614972,512.884936713927,-0.724650630997068,-0.663828063268744,20.9207578207557,12.4736224538843,0.0597568648066947,0.0511722446051163,109,79,-3.14443943579295,0.0608225677283243
"arrogancia",558.148523106291,657.533723681935,-0.44106352977205,-0.0644000154786139,19.5767041408219,20.520804426986,0.0756702983240415,0.0643033502807678,65,76,99.385200575644,0.376663514293436
"arteria",533.67033717741,674.513692327237,-0.46482626616959,-0.0723099100367716,12.8976363642067,23.2232140041509,0.053540881020839,0.0759422373230897,86,91,140.843355149827,0.392516356132819
"artificial",539.084024083956,586.369691190163,-0.431527364542708,-0.333606086767118,12.4934337948974,16.9225545152043,0.0628771792855777,0.0742396581603471,83,68,47.2856671062074,0.0979212777755896
"artillería",618.411556832013,655.109617260298,-0.196640007179904,-0.157586536691845,23.935945844032,23.2707146031456,0.0738986880385584,0.0753052677738837,88,81,36.6980604282849,0.0390534704880597
"asesinato",540.915575762988,629.131584752279,-0.34079293273534,-0.317065094105885,11.619492905104,24.7189164685297,0.0499144552015668,0.0638475808273925,99,118,88.2160089892913,0.0237278386294552
"asesino",592.288257786211,558.104715786544,-0.437906737978287,-0.458763761981317,15.7561390962477,14.5400677176619,0.0474363367725985,0.0485918829136164,128,95,-34.1835419996673,-0.0208570240030301
"asistencia",607.819216415782,570.115709251057,-0.251441064493025,-0.372064982283432,16.2047505794532,16.6864894663992,0.0518100334647771,0.0527332987186989,134,86,-37.7035071647252,-0.120623917790407
"asistente",562.835207798375,594.649063381047,-0.430472600814402,-0.312256567771867,13.5487834427017,14.0583466859931,0.0513624752954448,0.0524794362406115,77,142,31.8138555826719,0.118216033042536
"asqueroso",576.818703694261,595.618237038005,-0.436461973192338,-0.306490864072681,11.6273929787005,15.4447197973846,0.0359993487968426,0.0543321436231998,135,135,18.7995333437435,0.129971109119657
"asustar",551.863023672351,566.659202546528,-0.507447842647423,-0.403807120599588,11.2472610726316,21.7966636001905,0.0376125112155194,0.0619398282935767,169,79,14.7961788741768,0.103640722047835
"ataque",551.32898224064,554.495730810985,-0.539107556046008,-0.57689091331521,13.4485877499312,16.7687218553691,0.0469847193522669,0.0607292484940404,169,78,3.16674857034479,-0.0377833572692029
"atar",541.399384611322,675.421548755432,-0.537398317994782,0.0791154903868858,18.7281404922025,25.3311374098351,0.0771871356659826,0.0885383554513181,78,82,134.022164144109,0.616513808381668
"atardecer",579.255444479275,605.828161892624,-0.379487796495122,-0.253523898916194,17.0832931134488,14.1412330766666,0.0532656923960431,0.0543080707610453,81,105,26.5727174133486,0.125963897578928
"atmósfera",570.802785660582,584.483656554485,-0.348859533458437,-0.248694450795672,12.0267295920197,15.869906916862,0.0491200104694189,0.0621255044912583,98,99,13.6808708939028,0.100165082662766
"atraer",593.955582434918,558.823281692887,-0.319923317356239,-0.45054621333879,19.0554747774425,18.526911774218,0.0627540695452125,0.0607950626315979,91,71,-35.1323007420319,-0.130622895982551
"atrapar",529.75889334646,566.218358028309,-0.605004664701052,-0.422269417369721,16.2440040866152,19.0312284958441,0.0549142533035721,0.0781871746086357,75,81,36.459464681849,0.182735247331331
"audiencia",614.206185203365,590.777522717195,-0.297259944201829,-0.395885897685843,20.939195028441,18.8837597375246,0.0729946484260365,0.0577257512879976,81,88,-23.4286624861701,-0.0986259534840138
"ausencia",605.40517646211,585.101985924778,-0.359033371079707,-0.314805068795091,17.8770089929517,16.2170233702236,0.0565319092622308,0.0615457131025598,85,71,-20.3031905373325,0.0442283022846157
"autobús",537.236738566755,563.540965262914,-0.564331923729706,-0.532476552756472,13.9797410193745,15.819535182826,0.0461282272503092,0.0450062430869904,153,144,26.3042266961587,0.0318553709732337
"autoridad",574.818967393193,573.367048080867,-0.469220220105,-0.392223028818087,18.5648338735671,14.2513295337524,0.0596188470460922,0.0506931272575994,92,104,-1.4519193123258,0.0769971912869133
"ayer",457.447697646505,525.228766684857,-0.924630212916268,-0.605967563832286,11.6651226504127,11.6755384566864,0.045281371802791,0.0470224143996002,86,90,67.7810690383515,0.318662649083982
"ayudar",532.095041231571,531.832037368222,-0.62952629394294,-0.643778289410263,14.4285073637997,14.7443598572774,0.0606488787230542,0.050656406897418,97,107,-0.263003863349468,-0.014251995467323
"azul",474.853238108327,508.482819666472,-0.794929314259983,-0.703458866860045,14.9929156842457,14.6863279825575,0.0518311536687743,0.0505631930282711,126,122,33.6295815581445,0.0914704473999371
"baile",516.195221067163,594.847101098063,-0.63794678230363,-0.402903594421685,16.2374711098639,24.3257770284683,0.0550810318016094,0.0760886263625903,95,89,78.6518800309005,0.235043187881945
"bala",570.318989477192,619.153079205448,-0.433341039446866,-0.259693115500762,18.8860803300134,18.8807978284996,0.0684193929548683,0.0686758519027237,95,101,48.8340897282554,0.173647923946104
"banda",571.3325065858,587.804037316268,-0.403953413692713,-0.383776145104026,13.2545943750911,16.5504742505918,0.0476313554997055,0.0585954185069562,152,134,16.4715307304681,0.0201772685886879
"bar",521.984782030902,537.059545457264,-0.692892047847511,-0.578526212029286,21.9438194685561,17.3867933665196,0.0621692812739137,0.0549174519089878,78,88,15.0747634263622,0.114365835818224
"barato",485.410355553291,514.684353531815,-0.694058977695565,-0.62987368131466,13.8521906237451,14.3074495665623,0.059764176673447,0.056924084354945,90,99,29.2739979785242,0.0641852963809052
"barba",536.452880265504,582.563479351005,-0.618712637848183,-0.47735772168352,11.2988247708351,13.3152712930149,0.0431643096372298,0.0457866748467203,142,121,46.1105990855008,0.141354916164663
"barco",580.546747227913,563.163790008592,-0.492273598745172,-0.523345142961303,18.3993233068403,15.8187362926642,0.0659744591172221,0.0550988193158573,91,100,-17.382957219321,-0.0310715442161315
"basura",513.627692285661,580.27167443466,-0.675447962942267,-0.473865284340105,13.9519002809561,18.9793501887844,0.046414449857277,0.0595012264359107,91,86,66.6439821489988,0.201582678602162
"batalla",518.688897678395,591.194927085758,-0.701231142442406,-0.195105717328234,15.4540419562991,18.257463814903,0.0552863638967759,0.0821487483460569,88,96,72.506029407363,0.506125425114173
"batallón",621.265320517835,620.279357140056,-0.368274230581371,-0.221773521180463,29.5389918118093,22.6908086851533,0.0729375583268842,0.0752408225806442,78,70,-0.985963377779626,0.146500709400908
"baño",499.67391472403,546.160540529674,-0.682111783665363,-0.598829919387765,12.3045558917935,15.9068069802904,0.046453205573101,0.0536087286891935,129,111,46.4866258056436,0.0832818642775978
"belleza",548.204524997732,517.167239676884,-0.573574666754429,-0.618813971078618,13.499177542413,14.1062857456149,0.0464077678405763,0.0483959873651807,120,121,-31.0372853208482,-0.0452393043241892
"billetera",579.967594557439,587.488380004511,-0.424733906097772,-0.386270071721326,18.7142649989615,12.6360777112912,0.0706988213318427,0.0480562026994973,74,150,7.52078544707194,0.0384638343764463
"billón",559.483211132791,699.88699999981,-0.494252669106346,0.0794052141729915,18.0666549397704,20.518600686645,0.0714086288391677,0.0662096835988949,90,128,140.403788867018,0.573657883279337
"biología",521.429421870942,605.886707337517,-0.579369847695882,-0.43545167683388,20.6309557976934,17.8129507624313,0.0699470975461553,0.061915500825415,64,82,84.4572854665748,0.143918170862002
"biológico",536.696536594788,663.537405384975,-0.570018766668175,-0.0661128828121869,12.9707930880449,29.9903945512816,0.0382418224810614,0.0699638896312344,123,74,126.840868790186,0.503905883855988
"boda",544.100506566502,522.970112146067,-0.601152449693065,-0.674686448850042,12.555906479285,15.6680061241306,0.0402413523004328,0.0527826331493412,152,107,-21.1303944204352,-0.0735339991569773
"bolsa",509.106869016651,560.982010659853,-0.714089736949228,-0.526562708450871,18.5081423048417,19.8933962472348,0.061253560681026,0.0618926934591491,84,94,51.8751416432013,0.187527028498357
"bolígrafo",585.711132071077,548.983865378334,-0.282647747521614,-0.485784733008231,17.671188544137,10.4646149607902,0.0600185845016647,0.0477442642673526,106,104,-36.7272666927429,-0.203136985486617
"borracho",522.394414148609,515.617303349156,-0.621147370249359,-0.582617914442243,11.7958007675993,13.394685258285,0.0440535440039298,0.0583671789432466,99,89,-6.77711079945334,0.0385294558071158
"bosque",526.781609759559,580.375576004062,-0.656593618629102,-0.34972474266225,13.34676330001,14.9192862821353,0.0360366666414182,0.0560179319187412,123,125,53.5939662445027,0.306868875966852
"botella",481.97520866877,567.871944439514,-0.775114434471284,-0.523000106679366,8.76625480937287,18.6592142244448,0.0330464054558309,0.0540936124334908,115,90,85.8967357707435,0.252114327791918
"brazo",539.931933323675,550.831588212579,-0.530372406371966,-0.58856957290077,15.6489696660342,19.033979836726,0.06197802557236,0.0642561725551645,75,85,10.8996548889036,-0.0581971665288037
"broma",512.110898308444,550.607210087918,-0.693993158994711,-0.455652277663028,14.6011692327359,12.1754210741562,0.0490664555623413,0.0565660622129396,118,119,38.4963117794736,0.238340881331683
"bruja",524.886393954356,527.785705112366,-0.640996623322958,-0.65245183289305,13.5904077202133,15.2516658624591,0.0547333997280506,0.0403747080813306,99,78,2.89931115801005,-0.0114552095700915
"béisbol",632.140080006303,607.124376605688,-0.197469595791146,-0.168043967149719,30.5177242397688,22.079976258466,0.0817655125445071,0.0766254229991291,75,77,-25.0157034006155,0.0294256286414269
"caballo",523.895381456453,507.837857155181,-0.654598906127413,-0.679270462744036,19.7478878129033,11.0635544409122,0.0655977312337405,0.040740816489137,97,175,-16.0575243012725,-0.024671556616623
"cadáver",553.279069744267,553.085040409113,-0.46078846626486,-0.54013871927349,16.9489834078623,14.9871199226514,0.0607971422056443,0.0451806885940752,86,99,-0.194029335153573,-0.0793502530086296
"café",490.597850381189,505.464684190521,-0.743213415709203,-0.704723623097579,11.3252902377957,12.8549172112642,0.0467380573487552,0.043997211601623,127,95,14.8668338093319,0.0384897926116234
"calcular",545.71727101731,543.204536589986,-0.582573268964177,-0.538666080799704,15.9660291048763,19.3226794591524,0.0481491546806476,0.061184389681965,107,82,-2.51273442732315,0.0439071881644728
"calidad",546.440887713393,529.590559620156,-0.594269720373354,-0.584454636795617,18.0542513697894,16.7068319195417,0.0596267951692215,0.051613763350422,98,109,-16.8503280932372,0.00981508357773675
"calle",488.396146329905,560.215530124249,-0.74149408644995,-0.517907610659626,11.9790640863827,17.9906874508967,0.0472871330969944,0.0628906644812071,123,83,71.8193837943439,0.223586475790325
"callejón",640.47059257238,582.862791209003,-0.330118568431458,-0.260682238984303,33.1036465405412,15.92907353396,0.0763230389334189,0.0618367165177268,81,91,-57.607801363376,0.0694363294471555
"calmo",573.035884611736,656.016845211695,-0.458972696681033,-0.12472133761718,22.2632421505288,20.1249767261009,0.0703906998916363,0.0793060439451496,78,84,82.980960599959,0.334251359063852
"cama",526.298011234221,495.767943201344,-0.654947154557541,-0.706461197478222,10.059086284993,14.3983962540617,0.0374985626346686,0.052748132423504,178,88,-30.5300680328765,-0.0515140429206814
"camarero",585.73644942576,565.263533893539,-0.430974801756431,-0.396133840637321,21.4765012399971,13.8717380538376,0.0689659274151658,0.0500215519102312,89,118,-20.472915532221,0.0348409611191098
"caminar",553.985313436758,522.998000008323,-0.503556932445671,-0.64977988960388,21.1896965154439,11.6119508210419,0.0866865377298165,0.0372214435581819,67,127,-30.9873134284342,-0.146222957158209
"camioneta",577.051825183032,600.796754846305,-0.465471430807726,-0.251875342306967,16.350666164325,13.1194925609781,0.049381506058093,0.0505538778585455,143,155,23.7449296632733,0.21359608850076
"camión",570.701396069696,581.235033685492,-0.421693360437603,-0.420598389933303,19.5453596581419,17.9221109762967,0.0657097443886326,0.0727044319346564,101,89,10.5336376157954,0.00109497050430046
"campeonato",680.925042116033,663.961294626619,-0.156207881137325,-0.163510943422027,24.3561080478365,25.82603358435,0.0631758806412229,0.0683019212076504,95,112,-16.9637474894138,-0.00730306228470248
"canción",514.437861112407,582.582620699074,-0.684491116685352,-0.454314572383942,19.5741531170506,18.8004825144434,0.0575729332861252,0.0584828974685696,72,87,68.1447595866676,0.230176544301409
"cantidad",559.388972605871,598.684464781887,-0.532786012060833,-0.464582267164781,15.089628893435,25.4533071527409,0.0439910450729149,0.0666087546795952,146,71,39.2954921760156,0.0682037448960521
"capilla",586.503836743293,664.143619561017,-0.362734432556479,-0.0350184271943404,17.1321874717793,22.3506638433578,0.0641222358473429,0.0829850992044613,98,92,77.6397828177237,0.327716005362139
"capitalismo",560.633193095723,587.793629982086,-0.451803613516533,-0.2155873384601,13.0800942814284,14.0314596819004,0.0457019666346682,0.061030491626787,145,100,27.1604368863628,0.236216275056434
"capitán",527.352662913651,540.468077584371,-0.611169108250901,-0.543023172718295,12.1246704701418,13.5851932376137,0.0478423650343856,0.046014745192348,89,116,13.1154146707203,0.0681459355326055
"cardenal",557.337499992937,671.373975596428,-0.259710618694062,-0.0605358759788165,14.8242362945043,21.1067970785388,0.0749889589947901,0.0709442663802574,90,123,114.036475603491,0.199174742715246
"cargamento",589.002644460546,691.51757303829,-0.297593661887486,-0.0154581717996792,12.2502931870877,18.6329527960474,0.0521351808314616,0.0611293516946625,135,89,102.514928577744,0.282135490087807
"carne",527.738159073757,527.200951622714,-0.567392898483047,-0.58646547175261,13.4168435022804,9.81871664092301,0.0624057360720072,0.0422876751923283,88,124,-0.537207451042946,-0.0190725732695628
"carrera",466.49616666927,495.120213792076,-0.7709019020226,-0.735143632236037,11.2409012163145,10.4036663905101,0.0582477510115366,0.0361885988725159,90,145,28.6240471228056,0.0357582697865626
"carretera",566.855464261233,536.222051603074,-0.494147069072007,-0.511781768748495,18.741602875492,12.076934355448,0.0449478224992565,0.0435028313455656,84,155,-30.6334126581596,-0.0176346996764882
"carta",506.600677686808,504.589168684872,-0.680093725928369,-0.523736921574036,11.9827598681455,12.418463287557,0.0461422282467641,0.0630641867707499,121,83,-2.01150900193687,0.156356804354333
"casado",530.622373133068,534.692233756421,-0.708946620558345,-0.490178185514025,14.0885212788004,17.8815694252432,0.0539814639561412,0.0697296895268786,67,77,4.06986062335307,0.21876843504432
"castillo",490.830093026255,537.773191168041,-0.76845829711145,-0.540739558934283,12.5165788627817,13.6678176743051,0.0448185695229293,0.0493353495537716,129,136,46.9430981417864,0.227718738177166
"causa",554.837756410627,610.305564514136,-0.571945914880821,-0.414968764454707,15.551402543172,34.8649628974359,0.0506098814090657,0.0952137565381383,78,62,55.4678081035091,0.156977150426114
"cebo",726.226633040051,625.065273974285,0.0797532885316341,-0.230923428211827,22.3448209021817,23.6111256906178,0.0763529004521111,0.0878910953482291,109,73,-101.161359065766,-0.310676716743461
"cebolla",480.953826919894,585.065666649278,-0.685846508157399,-0.434489132887838,10.5511820802392,15.2145701793136,0.042390945963094,0.0464188077048246,104,111,104.111839729384,0.25135737526956
"celestial",619.500894751018,634.227047630505,-0.316982676510477,-0.186487981621426,23.7826003387818,13.7291045437596,0.0811442259596262,0.0520455774904732,76,168,14.7261528794874,0.13049469488905
"cementerio",582.652860760854,605.598124984797,-0.439129953021916,-0.324978013010597,20.2977819295547,19.7849692608293,0.0598332995715342,0.0610506184235763,79,88,22.9452642239427,0.114151940011319
"centímetro",571.262780487882,612.466038946515,-0.391386269476446,-0.286095610057979,11.3825812717805,17.4058181250225,0.0429660235178642,0.0536597154122078,164,77,41.2032584586332,0.105290659418466
"cerdo",485.373876201783,591.497127838477,-0.738666397882182,-0.416247741309382,13.0019137748228,18.2872392302382,0.0536482182610432,0.05682496339914,105,133,106.123251636693,0.3224186565728
"cerebral",542.365262512244,578.120042977535,-0.658028043640624,-0.469303153950458,15.2695884274241,17.0269508962971,0.0443284701093647,0.0549766967528987,80,93,35.754780465291,0.188724889690166
"ceremonia",590.328738441208,577.697923083525,-0.409350907940627,-0.351609496394801,17.2183742940128,15.4504864787481,0.0469091532513114,0.0588219299576325,130,91,-12.6308153576834,0.057741411545826
"cerrado",552.650025340371,564.406644219873,-0.488737255010258,-0.459719303779044,22.3549217337635,20.0192975702544,0.0778391123198506,0.0607655950344673,79,104,11.7566188795025,0.0290179512312148
"cerradura",568.638577977661,561.686122239461,-0.423590808972648,-0.448314529944116,15.4271853156968,18.0887387529208,0.0543427171667943,0.0632520161150065,109,90,-6.95245573820034,-0.0247237209714674
"cerrar",533.735567155649,552.15434345539,-0.625444445574101,-0.503299530077225,14.1626703352539,21.4232700742686,0.0570330012398341,0.0735104730251322,134,99,18.4187762997403,0.122144915496876
"cerveza",526.050753627864,574.687628190399,-0.631882189041832,-0.470168583425922,13.6562107707606,20.0155108408724,0.0414624003971407,0.0701409694135448,138,78,48.6368745625348,0.16171360561591
"champán",585.816842456381,636.205103711263,-0.396044957214615,-0.183766058973839,13.5848037591646,15.6565622986413,0.0452912435955644,0.0551091410628282,146,135,50.3882612548814,0.212278898240776
"chantaje",597.414708336818,614.11432673657,-0.384493888085125,-0.242601962240065,12.9198655532136,15.9355159333213,0.0449920617845392,0.0552333920711551,144,101,16.6996183997522,0.14189192584506
"chaqueta",581.216114921251,576.169425724495,-0.488056943310906,-0.355288310573924,17.9136424071169,13.5898484955019,0.0639329899795979,0.0579488211015611,87,101,-5.04668919675623,0.132768632736982
"chocolate",520.872495030713,553.285616818988,-0.713990613143392,-0.544466800218994,13.2252495870237,14.9188156822217,0.0392742110936603,0.0566680625212706,101,107,32.4131217882748,0.169523812924398
"cicatriz",543.672494225948,621.916421074405,-0.426221258800854,-0.138614370612613,14.7835791713217,20.2166703708183,0.0732833053153204,0.0645414454361631,87,95,78.2439268484569,0.287606888188241
"cien",481.423884072174,585.789287336641,-0.789156361900333,-0.140560507742972,8.45329214756183,18.1903867581294,0.0328858840729432,0.0910804587278659,138,87,104.365403264467,0.64859585415736
"ciencia",519.930336957985,544.2686210443,-0.6793426380879,-0.581394885274606,16.1378719004605,18.3124901981101,0.044529987602699,0.052098533921428,92,95,24.3382840863151,0.0979477528132937
"científico",544.71545901314,552.725919996697,-0.544925144566111,-0.4108200790021,12.8374522434947,19.4865395335677,0.0445287630285277,0.080851319285568,122,75,8.01046098355721,0.134105065564011
"cierre",558.605513524964,630.719729720701,-0.569634793183578,-0.135084370299326,17.2671310405276,21.1174464288394,0.0498558529407651,0.068900812776271,74,111,72.1142161957365,0.434550422884253
"cigarrillo",580.794722203278,611.500674708185,-0.440615952517851,-0.359050601557644,20.4193805286754,19.1227613822547,0.0615071301631118,0.0615590571465156,90,83,30.7059525049069,0.0815653509602072
"cigarro",544.46221976847,565.350472218999,-0.648742252616026,-0.447894229889033,14.8575928651672,14.378542251826,0.0437421933052076,0.0561233200959298,91,72,20.8882524505292,0.200848022726993
"circo",563.74222473134,582.134916675241,-0.400419983255558,-0.389406620242195,13.3244800309359,18.7525656918416,0.0563825110352002,0.0762070913223731,89,72,18.3926919439008,0.0110133630133628
"cirugía",558.223551303459,577.102979587427,-0.332257772784902,-0.39477597297269,14.7823219165932,15.2878773605217,0.0780671503460273,0.0538266284628705,78,98,18.879428283968,-0.0625182001877879
"ciudad",514.011142871963,537.436467534792,-0.646931806949857,-0.659285721218398,13.4596482973987,17.8550517658889,0.0473358708137745,0.0526674841654385,119,77,23.4253246628284,-0.0123539142685417
"civilización",589.84246491776,661.69393750654,-0.231421783953626,-0.0899007334638516,13.2519171274204,20.3344238402129,0.0568529814504684,0.0685957177779248,114,96,71.8514725887802,0.141521050489774
"clave",536.233109764419,534.146593490155,-0.641066015545752,-0.616443268975467,15.7750289206855,13.9077481766408,0.0481738349937485,0.0520957884995064,82,123,-2.08651627426423,0.0246227465702854
"cliente",498.43214864516,541.450548999425,-0.719890192784123,-0.569568641158231,19.7161906803205,12.212888268913,0.0658462093964736,0.0405867413193831,74,102,43.0184003542646,0.150321551625892
"clásico",524.907798254215,545.572208327661,-0.705897591548233,-0.621101842987635,17.9472747233966,18.655428212644,0.0483905428019239,0.0500089114068052,114,120,20.6644100734461,0.0847957485605983
"clínica",548.234776429915,504.552857140943,-0.529259747139177,-0.659888426427044,21.2533049518036,19.9676793397704,0.0637184166925768,0.0774098979715422,85,77,-43.6819192889722,-0.130628679287866
"coartada",823.028102970043,798.66693827713,0.422045983294155,0.564252840274922,30.6002802958657,23.7725757697594,0.087791927712492,0.0884259847339996,68,81,-24.3611646929128,0.142206856980767
"coche",565.948000016909,531.729763884866,-0.562569417750563,-0.63887135012867,21.7065273941826,22.061884069375,0.0682566296365394,0.0630222426983071,100,72,-34.2182361320437,-0.0763019323781075
"cocina",529.754269842188,481.347238916652,-0.66556048577996,-0.791952808463618,16.8595725615385,12.5222859206175,0.0497582804841415,0.0536002339761651,126,113,-48.4070309255355,-0.126392322683658
"cocinero",516.05412359991,547.259738090575,-0.654608289709377,-0.586614937725813,12.6462689083499,16.6962982668499,0.0487557359416681,0.0523879549946946,89,126,31.2056144906647,0.0679933519835645
"colapso",671.403802831817,655.115290313838,0.0544285332723421,-0.0603691420597808,17.3368088986385,20.311618200899,0.0708580230708179,0.0766579453708421,71,93,-16.2885125179787,-0.114797675332123
"colegio",497.661705254122,506.489446845857,-0.741280209957556,-0.716323423735175,14.7700943413569,16.2755640576766,0.051111454805637,0.051949192626645,95,94,8.82774159173505,0.024956786222381
"collar",573.340981813923,609.02712904879,-0.474664961151937,-0.333236854723098,17.0843753164867,16.6973009154965,0.0569349165364181,0.0641538386601228,110,93,35.6861472348668,0.141428106428839
"combustible",594.799469708756,592.211074040203,-0.40616600660567,-0.394272108073545,13.7368893041167,15.6766394924768,0.0632165556140769,0.0578251326913405,66,81,-2.58839566855261,0.0118938985321251
"comedia",529.708244163843,538.132775284539,-0.616149417024737,-0.485289056166799,18.7971205508229,11.8774463285149,0.0541940551715556,0.0533896310811897,86,89,8.42453112069541,0.130860360857938
"comer",514.325858194396,541.338042846488,-0.582547710040382,-0.675381589175058,13.0147834899479,14.1335699514744,0.0559690624825142,0.0494838067851289,134,70,27.0121846520925,-0.0928338791346756
"comida",489.469468461424,515.020070704109,-0.791470557838676,-0.675351749076499,13.6736456439692,16.5862384898039,0.05010554659177,0.0506274382755623,111,99,25.550602242685,0.116118808762177
"comité",595.75587999699,642.946343742465,-0.31578565669832,-0.210595158398574,22.2113823519472,19.25461578212,0.0802677758502123,0.082684866132367,75,64,47.1904637454754,0.105190498299746
"compasión",570.863441672602,582.818773904344,-0.532967026891335,-0.42940269529093,16.6168692591083,16.5034563329329,0.0526834544448305,0.0548616228327361,120,115,11.9553322317423,0.103564331600405
"compañero",505.84004544744,538.642267439559,-0.746899123637561,-0.56245307499261,13.0402383408124,10.4233050497182,0.0413166562293554,0.0355249179308403,110,86,32.8022219921191,0.184446048644951
"completamente",561.983156245729,590.79650002295,-0.515897594612844,-0.32512315740004,16.8501491189915,14.1105964018373,0.0608297683529276,0.0461323284538954,96,106,28.8133437772208,0.190774437212804
"completo",507.891795190016,530.951588235367,-0.680872037575202,-0.609685381567555,12.0363976199751,16.7366876137515,0.0423200144772387,0.0548726743688016,83,85,23.0597930453516,0.0711866560076466
"comprador",597.085231793716,636.539122804916,-0.400848337183631,-0.261506284029144,17.47892726521,18.345864353798,0.0516814611232756,0.0545774573351765,151,114,39.4538910112002,0.139342053154487
"comprender",557.878020518541,586.725173072365,-0.451902510966607,-0.412449925459238,11.3080332516502,17.660438901411,0.045163458023025,0.0546921248713505,146,104,28.8471525538245,0.039452585507369
"comunicación",567.321755302969,601.932178231227,-0.509008470328544,-0.345176405593863,18.250994871157,19.8609267403176,0.0528794143792667,0.0569523817933484,94,101,34.6104229282575,0.163832064734682
"comunidad",533.118378373357,579.663670230673,-0.582648281890252,-0.440529860760355,13.440077047115,18.6539169618439,0.0526406760021747,0.0599490781505891,74,94,46.545291857316,0.142118421129896
"comunista",523.61507742071,594.216152939828,-0.625148564733474,-0.352666554898501,10.5339493077065,20.438345275429,0.0392840615624729,0.0670537518191106,155,85,70.6010755191182,0.272482009834973
"concentrarse",591.63991360685,674.508760023079,-0.335905619596123,0.0957724800350894,22.3832517219282,24.2864101999397,0.067826323934998,0.0771920747105303,81,75,82.8688464162299,0.431678099631213
"concierto",520.219563101272,590.519212115116,-0.591212071355651,-0.355861014690712,11.277173703651,20.1632061655626,0.0502496765095167,0.0685810418769924,103,99,70.299649013844,0.235351056664939
"condesa",664.546386385974,650.13696385781,0.0603453309087535,-0.0878778940517434,22.7305242459354,18.6853555404784,0.0829655129939569,0.0771290065089769,88,83,-14.4094225281636,-0.148223224960497
"conductor",482.430495567646,563.665118806559,-0.741754116530837,-0.511166814189471,11.0858063009846,15.2328478635162,0.0376653203859418,0.0527746395738367,113,101,81.2346232389133,0.230587302341366
"conejo",537.334311496605,570.60720000808,-0.519128285647292,-0.534749347738498,16.9371239887474,19.6494917967799,0.0572346846793593,0.0566844273195994,61,100,33.2728885114751,-0.0156210620912065
"conexión",545.081234572975,533.667757347724,-0.560149106215353,-0.614077861816252,19.6499811061705,12.9402234512676,0.0608870465712892,0.0385653586616512,81,136,-11.4134772252505,-0.053928755600899
"conferencia",560.881754375334,692.378345336379,-0.392067829821469,-0.0731630706731684,15.933516308064,23.7754913676552,0.0570289966206924,0.0596859541577354,114,139,131.496590961045,0.318904759148301
"confesar",553.733853356787,549.44207527364,-0.554709795379226,-0.477702597675974,16.5211004748214,10.1157795791084,0.0592309034172367,0.0403428774631032,75,186,-4.29177808314728,0.0770071977032528
"confianza",540.151730157599,523.463020410898,-0.625996213331543,-0.633671891597528,14.1393566048233,11.1663663455973,0.048239157482249,0.0406331027403903,126,147,-16.6887097467004,-0.00767567826598525
"confianza.1",522.74800002239,551.009025629898,-0.664075467222714,-0.50956493483263,14.2879608249668,15.0435689497418,0.0489664391701357,0.0548908970662396,105,117,28.2610256075081,0.154510532390084
"confirmar",530.005379564321,560.044148942032,-0.593945155476051,-0.487835396599803,13.0398918934223,15.6611882354037,0.0485892521599562,0.0559278295479028,137,94,30.038769377711,0.106109758876249
"confusión",551.949686430489,580.875655161569,-0.538271239472703,-0.482351344709442,15.4809289792434,16.2235575434801,0.0468841945431164,0.0514619959789862,118,87,28.9259687310805,0.055919894763261
"congelar",546.708232831936,569.440201431867,-0.54684357048049,-0.469503989827975,20.6678963011584,12.0192148964622,0.0683460769576188,0.0449030162695683,73,139,22.7319685999314,0.0773395806525157
"conocimiento",586.690300880853,607.478577323259,-0.440061387658795,-0.371067132091782,19.2840671251258,17.7212810935979,0.0570466229912863,0.0491066215141485,113,97,20.7882764424057,0.0689942555670127
"conocía",559.02855999657,531.491188220646,-0.543544672539549,-0.514162209249591,14.2432602589869,15.3965645120183,0.0482263336057092,0.0609100758176544,175,85,-27.5373717759238,0.0293824632899579
"consecuencia",611.029357161473,609.139432610924,-0.271141377138885,-0.316762699916752,22.7918005894779,13.2772657831367,0.072277250189263,0.0443651483345497,84,141,-1.88992455054915,-0.0456213227778667
"conservar",546.907429894747,616.890082390032,-0.607452431012456,-0.388209120541192,16.7509826180435,29.5605856688572,0.0602260192547015,0.073810637054673,107,85,69.982652495285,0.219243310471264
"constantemente",635.38619198851,670.483699994507,-0.151154394087427,0.111952917235698,15.0787962402299,18.9225830312796,0.0520823357563108,0.0679900871012836,125,110,35.0975080059964,0.263107311323125
"constitución",600.656687116389,576.134784952445,-0.345697460603613,-0.232948916875892,14.4124778638475,17.6654258326627,0.0426579220898864,0.0655983802226823,163,93,-24.5219021639435,0.112748543727721
"contar",517.0807252555,534.346093441536,-0.671595740814085,-0.598347990146171,13.2646777626917,16.2328742157745,0.0486118490166419,0.0632725702228695,91,107,17.265368186036,0.0732477506679142
"contenido",539.108730334075,632.047224987171,-0.65046272020772,-0.189118047304181,17.8855761366666,17.6879171186323,0.0628385543934723,0.0629311649259594,89,120,92.9384946530954,0.461344672903538
"contento",589.055689334434,568.692404768475,-0.426192391495641,-0.568109202414704,19.3615771882279,23.723417338354,0.0531609617128074,0.0652061663242433,103,84,-20.3632845659594,-0.141916810919063
"contrario",552.13578788236,608.927641021722,-0.556971112463009,-0.265363178828102,15.9435886412506,20.6859249037837,0.0432493340641355,0.0830030937710289,132,78,56.7918531393622,0.291607933634907
"convenio",686.526445534832,690.329057116712,0.0283288441003465,0.0738161920057382,21.4344914294184,16.8062467661159,0.0798390864487663,0.0718348510016718,101,105,3.80261158187989,0.0454873479053917
"convento",660.626854351419,665.142835176861,-0.0776434233389668,-0.0855543332420991,21.4707165459967,27.2042511158719,0.0745236781512618,0.0841105954603854,103,91,4.51598082544217,-0.00791090990313224
"copia",546.232137929719,535.137036127831,-0.541419230360204,-0.554829746070425,12.0345103272081,17.1346992175983,0.0426195142899303,0.06717293829265,145,83,-11.095101801888,-0.0134105157102213
"coronel",623.950315061895,655.692895538038,-0.311941182574653,-0.0814581373989953,25.0219806758979,24.0420255279457,0.0771444894445074,0.0879202153874232,73,67,31.7425804761432,0.230483045175658
"corporación",670.787033333953,753.483869560993,0.0427904075527672,0.223745298401487,20.1515455183182,29.3981944909061,0.0726983362444797,0.0829400174095218,90,92,82.6968362270391,0.180954890848719
"correcto",523.57279502054,488.29655556725,-0.620052068593541,-0.740370881698202,10.0369783665207,13.0968004961331,0.0429669675745787,0.0529878797329038,161,81,-35.2762394532908,-0.120318813104661
"cortar",517.465326735274,517.517574992257,-0.667592484495836,-0.589054103923244,15.176708276804,11.5668014625065,0.0505078920270231,0.051318147881137,101,120,0.0522482569833755,0.0785383805725921
"costa",569.463723191033,598.621093208087,-0.456102215066689,-0.310441729262148,21.141881643033,16.8783283182704,0.0629836021306508,0.0636702016292694,112,118,29.157370017054,0.145660485804541
"coñac",685.787183680215,785.66710639075,-0.00539551454294082,0.425111836127176,16.4156926658195,33.7015477474984,0.0609098989847207,0.111984936919552,98,47,99.8799227105353,0.430507350670117
"creatividad",559.249173336351,645.534714273423,-0.454711115415824,-0.213525199194602,14.9895489706006,23.5572402406538,0.055708076604736,0.0709829814952267,75,84,86.2855409370718,0.241185916221222
"creer",537.107509059235,493.113982891525,-0.580014205104722,-0.70632798029909,14.3693809264649,11.3274641399089,0.0493909500252155,0.0426875862085342,110,117,-43.9935261677107,-0.126313775194368
"criada",548.629735862031,647.243847827239,-0.504324713015729,-0.219736466525134,11.8247347378711,23.0651349756264,0.0497738007890786,0.0756658950852787,106,92,98.6141119652086,0.284588246490596
"criatura",592.048914587094,618.681407762182,-0.335182005127533,-0.207463850210956,22.973150289864,16.5616961659585,0.0716602832172536,0.0707750364967244,82,103,26.6324931750884,0.127718154916578
"crimen",513.832919570109,566.282924756808,-0.612630286811256,-0.434252819799499,13.2799987423229,13.5936877795047,0.0509994718891544,0.0464717891150355,87,93,52.4500051866992,0.178377467011757
"crisis",562.714207416038,533.773853470365,-0.449838618865546,-0.587734411198734,15.3357692706157,12.1247748292482,0.0534354606561098,0.0462506363348485,135,116,-28.9403539456733,-0.137895792333189
"cristiano",568.751446051789,601.656047634737,-0.51403599501524,-0.353484689425112,14.7906985996519,13.2593779226086,0.0421928182101322,0.0481100788146314,139,126,32.9046015829484,0.160551305590128
"cruel",544.913629981144,580.443400035371,-0.606336606938558,-0.453796593504765,18.8860404416813,16.4282221870103,0.0537833618329798,0.0504172329368331,100,85,35.5297700542267,0.152540013433793
"crueldad",570.252926172423,603.569846170486,-0.52422936934682,-0.327918009915496,14.3664246030535,17.9845145274933,0.0437145932489158,0.0638163021256169,149,78,33.3169199980637,0.196311359431324
"cráneo",537.255545462509,512.839707052165,-0.462043280885711,-0.587960982999498,18.3425206626046,11.6814082005362,0.0657767812769412,0.0480065650030658,77,99,-24.4158384103448,-0.125917702113787
"cuarto",526.729380635365,501.902287144501,-0.681389943181792,-0.567496210960926,13.2196172492153,12.4910947819233,0.044499609173425,0.0629234670081189,155,101,-24.8270934908641,0.113893732220867
"cuarto.1",483.59376062967,558.501430561455,-0.823914493605825,-0.519646598129023,8.63120695873866,25.7550175548488,0.0322889834574766,0.0706564406376611,188,72,74.9076699317845,0.304267895476802
"cuatro",480.329053432097,565.288630636064,-0.811721512204429,-0.544578853962972,11.9678543315328,19.4937491862862,0.0451598649344479,0.0582240322243403,131,111,84.9595772039672,0.267142658241457
"cubierta",605.043714285658,538.210077916692,-0.338730511112248,-0.530049784300015,22.0479875202144,15.5974674073288,0.0752450858968309,0.0692192664996048,77,77,-66.8336363689668,-0.191319273187767
"cuchillo",533.491656848556,595.349029703274,-0.620376902862193,-0.345252916270347,13.2774476790548,15.5679481259191,0.0441114961950433,0.0536230020293667,102,101,61.8573728547184,0.275123986591845
"cuello",515.117069745724,558.361308512904,-0.724292121028832,-0.548514271989224,11.4734569843583,19.382768413159,0.0469589146147692,0.0578733286202034,129,94,43.2442387671806,0.175777849039609
"cuerda",562.066445253792,631.601573036005,-0.407634306119098,-0.309838769277945,13.0353863201728,22.0990894861381,0.0519842650781702,0.0786323900067968,137,89,69.5351277822127,0.0977955368411524
"culpable",556.984784322491,551.246702127338,-0.551138952823452,-0.575860989630111,16.6986175213517,13.426290665323,0.0553438445497985,0.0452577026032244,102,94,-5.73808219515342,-0.024722036806659
"cumpleaños",541.509132551067,544.536772729745,-0.482712951757063,-0.594022649938369,17.2367675961996,12.3880962361709,0.0649324222117477,0.0495063117236786,83,88,3.02764017867833,-0.111309698181306
"curar",529.37271874431,556.285797829172,-0.620357401357185,-0.365993075761974,20.7706167146019,15.2804969183219,0.0660916014283768,0.0736402957153205,96,94,26.9130790848619,0.254364325595211
"cámping",604.528726010214,727.244370951028,-0.167734296866028,0.228410526740107,19.0376904671812,27.0921974786103,0.0914789390290563,0.0933254246837028,73,62,122.715644940814,0.396144823606135
"cáncer",489.959613645468,533.640620707951,-0.597298350949824,-0.656396702828133,12.8972608307684,19.9118844191729,0.0607679174180295,0.0639112132759869,88,87,43.681007062483,-0.0590983518783088
"cárcel",536.157058232909,533.069732391747,-0.577058616429257,-0.653774435236358,12.3918357752981,18.7857451213768,0.053804185609914,0.0576153967852917,103,71,-3.08732584116171,-0.0767158188071007
"cártel",604.939619998675,594.247225216687,-0.261519326974002,-0.4045671765158,20.318007827457,18.4412252976417,0.0787503205886497,0.0483295693489195,100,111,-10.6923947819872,-0.143047849541798
"cínico",673.0361604664,742.670623552075,-0.155444882843594,0.185495134947417,25.3163359505882,31.8801465626781,0.0831541589952395,0.101898193570338,81,85,69.634463085675,0.340940017791012
"dar",525.372230098421,568.583400005336,-0.604480026630391,-0.397417565773053,11.1083699127214,16.3339345052573,0.0391261927223531,0.0707929892955016,113,95,43.2111699069145,0.207062460857338
"deber",542.284072171056,613.233500016015,-0.53876640636693,-0.293225659429576,12.8779852760187,20.5088085787084,0.0482870701765536,0.0706417349779052,97,80,70.9494278449594,0.245540746937354
"decepción",581.314518084856,577.543419358285,-0.37195030244944,-0.398108217416648,22.5631608133443,19.3121795009317,0.0756744095482629,0.0489151741848851,83,93,-3.77109872657127,-0.0261579149672083
"declaración",601.247399998053,570.969535215886,-0.255483655456601,-0.409287402400497,14.3571591027224,12.1669040194539,0.0519082680747363,0.0454189212398082,145,142,-30.2778647821665,-0.153803746943895
"declaración.1",599.888632172842,638.372279072488,-0.256475221154017,-0.13718040489866,17.1798985675795,21.0570028518733,0.0611823860718372,0.0737773953564213,87,86,38.4836468996458,0.119294816255357
"defender",548.714992346821,573.546384607733,-0.589344901617708,-0.405960357036882,14.9643602345295,13.8380301710675,0.0465147842274313,0.0535265080469688,131,117,24.831392260912,0.183384544580826
"definición",571.825654852717,570.826259620237,-0.484311810351017,-0.414254153380493,17.0489224609243,18.2316726854305,0.0519947943830818,0.0546679145928875,113,104,-0.999395232479856,0.070057656970524
"dejar",569.726396386716,503.482263732176,-0.468303073835341,-0.629706530008709,15.4786024400872,15.9459184265151,0.0519932051133993,0.0601728045629968,111,91,-66.2441326545404,-0.161403456173368
"delicioso",535.871321015145,569.870196579347,-0.62531027067943,-0.445390985061972,15.1433402868664,13.7336143057635,0.0502803426734148,0.0392975273827862,81,117,33.9988755642021,0.179919285617458
"delincuente",602.287671991155,637.863301221015,-0.308085356537076,-0.210055964863606,10.5741610765421,24.4324584643317,0.0459714602745115,0.0779631801814312,125,83,35.5756292298599,0.0980293916734693
"delincuente.1",627.543070706644,643.786984618438,-0.216702321584344,-0.181073868042787,20.3169748678892,25.2271462312643,0.0615397700317095,0.0801055328317266,99,65,16.2439139117942,0.0356284535415574
"democracia",549.748836721758,625.135470160486,-0.423953711284101,-0.203525579972653,14.9830727351971,17.2656274059636,0.0490168355280361,0.0529028223343036,98,134,75.3866334387275,0.220428131311449
"demonio",590.619530123399,580.778049013132,-0.451864156380487,-0.36930631180343,21.9986827905489,23.14402628922,0.0623704864867599,0.0574662318146463,83,102,-9.84148111026764,0.0825578445770567
"dentro",493.532422492769,551.048658807659,-0.743672093533166,-0.550895958223012,12.9723793170728,20.5565372362404,0.0440150662195462,0.0690176193377408,71,85,57.5162363148898,0.192776135310154
"deporte",534.61539758427,551.78230718377,-0.623676285187154,-0.514520440681425,16.8088220947083,14.4947331680757,0.0493038959288945,0.0517079716230209,83,153,17.1669095995006,0.109155844505729
"depredador",605.243113639321,717.707008946412,-0.191077348597012,0.0483590181826027,17.5644497044949,22.594039076578,0.0596717141427175,0.0605972130254237,88,112,112.46389530709,0.239436366779615
"depresión",532.124465643497,581.699336374804,-0.579776009521711,-0.376636591916787,12.3855805204683,17.7634482839725,0.0452648877240373,0.0507747568385423,131,110,49.574870731307,0.203139417604924
"derrota",551.027138879105,547.433471435793,-0.412211200209957,-0.5146672662528,12.8424471229938,19.9810493576927,0.0595801726262451,0.0729716921986966,108,70,-3.59366744331192,-0.102456066042843
"desafío",538.210536342395,583.429341260545,-0.544909880288358,-0.359219560133888,14.6008016741191,14.1115384070591,0.0466233909431531,0.0492027467815163,110,126,45.2188049181506,0.18569032015447
"desagradable",607.553818187839,635.374427273936,-0.256366335376288,-0.217255126118847,17.7790518265295,17.4359929343284,0.0672346775292613,0.0539070171938705,99,110,27.8206090860972,0.0391112092574411
"desaparición",706.051180344294,654.612321863139,-0.00904280011308766,0.133687471835661,23.8997310080839,22.1473334444974,0.0707736751650007,0.0795213925584152,122,87,-51.4388584811554,0.142730271948748
"desarrollo",542.153175805026,562.267110173881,-0.450969207736465,-0.462206392751,16.2609283762059,15.6276980265945,0.0591803424423017,0.0505442681394455,91,118,20.1139343688556,-0.0112371850145356
"desayuno",512.729510011602,596.873602732778,-0.65492502574832,-0.510660600983111,10.5347376241921,26.5394207241431,0.04076875011684,0.0660254600486625,100,73,84.1440927211761,0.144264424765209
"desconocido",558.476733934992,605.935207808947,-0.460087999717665,-0.347336327339527,20.9023665370728,20.9719898576876,0.051854133202068,0.0678028662195082,109,77,47.4584738739545,0.112751672378138
"descripción",591.826594753753,619.824538481694,-0.359620171712065,-0.328897360574297,13.8355227195173,20.4085792489475,0.0433876904149814,0.0753227954661843,153,78,27.9979437279409,0.0307228111377681
"desgracia",548.652793099436,615.66192540124,-0.508276113305143,-0.344593284505828,12.1486023164824,21.8463728924002,0.045391119344291,0.0695611557359624,116,67,67.0091323018046,0.163682828799316
"desnudo",548.482337483278,541.342958750037,-0.481361106609046,-0.549467829901478,20.0016819602313,13.2811282031859,0.0688734055556581,0.0396273054590191,80,97,-7.13937873324085,-0.0681067232924318
"despido",619.650378043339,640.100208959364,-0.217811239359171,0.0283181982406095,28.2339821299776,21.8293797938186,0.0765424224348923,0.0965723572082955,82,67,20.4498309160244,0.246129437599781
"destino",525.293346163879,555.14242733026,-0.589251188147552,-0.514983057963887,13.736066364356,12.7885877379297,0.0514197782235521,0.0455248579812535,104,117,29.8490811663804,0.0742681301836646
"destrucción",589.446575340606,588.354395373462,-0.181225586203602,-0.280570641352111,17.4046994323932,18.389522092399,0.067529636882177,0.0688526604938183,73,86,-1.09217996714403,-0.099345055148509
"detective",569.249285738597,553.895396526966,-0.446875342717994,-0.535764174022219,17.2262133271675,15.3748432354361,0.0530487933611347,0.0451869084956546,70,116,-15.3538892116305,-0.0888888313042247
"detener",528.217244763543,574.495341275335,-0.579486362440827,-0.340938637505507,11.9917365232443,15.9186469997725,0.0413403634792637,0.0582304882572635,143,126,46.2780965117927,0.23854772493532
"determinación",626.208971844688,651.89560953426,-0.123471033976456,-0.150952881222716,17.6204950405444,19.3673750634162,0.0761685419523009,0.0528583660995721,71,105,25.6866376895721,-0.0274818472462601
"devoción",647.379052635121,671.882439041307,-0.149231997434289,-0.0919445438169418,24.7719414424636,25.9982179300317,0.0638420203960474,0.0822427950787814,114,82,24.5033864061861,0.0572874536173476
"dibujar",550.480818164593,554.112479345624,-0.561834811548376,-0.498725222631538,15.6315187470671,14.0453467255531,0.0572043066523006,0.0517135318034828,99,121,3.63166118103118,0.063109588916838
"diciembre",508.67703267406,565.178965523316,-0.640275706489082,-0.484295461687212,10.1405379486263,24.5175164793196,0.0331330388266939,0.0674293460402821,153,87,56.5019328492565,0.15598024480187
"diente",562.497840008931,610.409899971942,-0.398152691590363,-0.166457801471573,18.2218279265279,16.9052288686691,0.0715599328462503,0.068433290220415,100,110,47.9120599630108,0.231694890118791
"diferente",531.366123957528,527.250460446296,-0.582344733589978,-0.589998044250313,13.9694398802537,13.1605051518689,0.0489016804148002,0.0446969781165055,121,139,-4.1156635112319,-0.00765331066033459
"dignidad",549.078490006441,620.347647053073,-0.436926728890949,-0.302519827103908,15.7822605001664,21.3399206284988,0.0690020702382686,0.0607025243075666,100,119,71.2691570466319,0.134406901787041
"dinamita",605.452977749398,626.210146351856,-0.317256451195479,-0.170999753620775,17.4915134666085,22.0151673882984,0.0518825370476696,0.0825411391817368,90,82,20.7571686024583,0.146256697574704
"dinero",531.783330627802,540.867103753835,-0.632373549787603,-0.574755532302236,14.4755250779262,16.0702044312309,0.0467549104241302,0.060905338605204,124,106,9.08377312603284,0.0576180174853673
"dirección",560.269988490401,593.20530863583,-0.463749158854745,-0.419044661373304,20.2599392570477,19.2617208877792,0.0698556974009874,0.0755037953326999,87,81,32.9353201454292,0.0447044974814414
"directamente",610.997881716137,641.582187498896,-0.378290088145303,-0.148161475234708,19.7435698515484,22.9311637406874,0.0601927653990079,0.0763748740547178,93,80,30.5843057827592,0.230128612910595
"director",537.762295808738,543.594367084659,-0.655529012396839,-0.581990514730573,21.2382027740771,18.031481333687,0.0561020986699505,0.0597625728056378,71,79,5.83207127592163,0.073538497666266
"discusión",592.486073525943,507.731038453875,-0.325771367992118,-0.606897218733428,15.356213141099,12.0152651856618,0.0478107752021669,0.0487176660817935,136,104,-84.7550350720682,-0.281125850741311
"disparar",593.518217828545,528.44692942125,-0.33789261007791,-0.540685800847868,21.7739962774196,17.8673023156822,0.0729205339199523,0.0687556646546673,101,85,-65.071288407295,-0.202793190769958
"dispositivo",601.556326740204,588.421802475411,-0.283695469505541,-0.330707663671123,17.8764412747626,16.0090075536026,0.0644943899843729,0.0611920372743772,101,81,-13.1345242647932,-0.0470121941655815
"disputa",611.122430587848,623.727346668071,-0.364584008676686,-0.0580002978624117,23.5996273635294,20.9805953882437,0.0814831551894551,0.0921548221306272,72,75,12.6049160802231,0.306583710814274
"distrito",571.522893117728,604.041454542213,-0.37029657515207,-0.218901189728065,13.9262355692329,18.2348265566445,0.0485299699953571,0.0691615465635167,131,110,32.5185614244841,0.151395385424005
"divino",536.820268909011,575.400623855505,-0.607340563765646,-0.388523869882231,11.4238184612195,23.6916933188449,0.0399671009138826,0.0710477663128843,119,109,38.5803549464936,0.218816693883416
"división",551.636352376092,572.888156961183,-0.516546871594257,-0.414243372330619,16.1691429425631,12.1904954608192,0.0545161191273937,0.0438835681321724,105,172,21.2518045850909,0.102303499263638
"documento",544.065370388615,514.720783115943,-0.581419803133235,-0.61116475959353,14.6571386988022,11.2614189902302,0.0486218429362732,0.0449995037296054,81,83,-29.3445872726717,-0.0297449564602948
"dolor",533.379410536167,481.390756305465,-0.52602557207992,-0.777702978982047,18.059270817829,15.1458700639941,0.0726769477304577,0.0466491697472141,95,119,-51.9886542307019,-0.251677406902127
"domingo",516.297889831808,559.293933341915,-0.714705989997913,-0.47606237584955,13.4618795697485,19.4734214219718,0.0439399073748358,0.0685675916350952,118,90,42.996043510107,0.238643614148362
"donación",591.803987959205,595.285920353319,-0.421142756086881,-0.219911936767285,19.3653765123141,16.6171961065105,0.0601544572669265,0.067964589902243,83,113,3.48193239411455,0.201230819319596
"dormir",483.15660394588,514.699244718767,-0.757299398315952,-0.653235681326312,11.6619529174501,11.8250230993049,0.0454991334670985,0.0441432766629465,101,94,31.5426407728866,0.10406371698964
"dormitorio",560.805337490459,564.470728817211,-0.457411918560867,-0.437171482851862,18.0497202005604,18.6648946664584,0.0579649375588794,0.0529339163799127,80,118,3.66539132675268,0.0202404357090056
"droga",516.876686746469,547.840142835149,-0.600069075808215,-0.586512118042447,16.9427377762941,11.969391253033,0.045637354431904,0.0390232813482367,83,98,30.9634560886797,0.0135569577657674
"dueño",531.852412841925,514.941482518233,-0.642999057398875,-0.642258288058733,11.7579903775547,13.7311801431729,0.0426645381174346,0.048050622196144,109,143,-16.9109303236921,0.000740769340142888
"dulce",544.004174330592,497.380234227794,-0.607611554001009,-0.763068737325965,15.8334823225055,13.0824425607101,0.0517485634861353,0.0463548177897682,109,111,-46.6239401027979,-0.155457183324957
"duro",535.504265629041,528.452610405451,-0.575139556156755,-0.6642612429473,11.7164486202737,15.7635129635897,0.0438039162146759,0.0557752456795566,128,77,-7.05165522358948,-0.089121686790545
"débil",507.665410524016,536.981970264962,-0.722004485154439,-0.608794429948052,15.4714736309255,14.2051988848522,0.0452754518109938,0.0454486358306537,95,101,29.316559740946,0.113210055206388
"década",580.098571426154,622.328181817537,-0.424543002743477,-0.292354027630968,20.2886767585336,22.8454982929106,0.0727822518907152,0.0641638367829274,70,110,42.2296103913822,0.13218897511251
"dólar",525.369764034147,508.86012998442,-0.604806447511738,-0.607847967491758,17.5378434123332,11.3623942638487,0.056383152081922,0.0436211111577442,89,100,-16.5096340497273,-0.00304151998001945
"edificar",680.139920637121,607.278072153973,-0.119083250187048,-0.254833589303402,28.005714183156,21.1923788716685,0.08033015875097,0.0656826019194161,63,97,-72.861848483148,-0.135750339116354
"edificio",558.138402588432,582.489603288611,-0.583995525346674,-0.38389315762534,24.4331775823538,14.9438693136643,0.0642877914985518,0.0586224058411461,77,121,24.3512007001797,0.200102367721334
"educación",535.040885252088,570.248641986497,-0.59039924217796,-0.486976385521993,10.428811078067,19.3672282780417,0.0407601670648815,0.0627170350379202,122,81,35.2077567344088,0.103422856655966
"efecto",546.873988390411,631.359609013368,-0.538003429797583,-0.147568491454927,16.7625559538956,21.0318214140247,0.053967866263825,0.0771021216030755,86,133,84.4856206229571,0.390434938342656
"eficaz",613.346935772224,618.110212759722,-0.310896044288327,-0.264243191128041,16.444068997635,17.7186361148006,0.0526255280972117,0.0548986027235545,109,94,4.76327698749731,0.046652853160286
"egoísta",562.946499977615,543.771437490821,-0.390610602547969,-0.521850399037167,15.0768098811411,14.744429914654,0.0573359402658402,0.0577597371319084,86,64,-19.1750624867933,-0.131239796489198
"ejecución",564.075731963236,594.084623382622,-0.497626322807213,-0.384896386541121,18.2330887602205,24.1983138026914,0.0497277891918144,0.0669446639051043,97,77,30.008891419386,0.112729936266092
"ejercicio",534.291185564982,572.907901934802,-0.583533266443006,-0.50024762741509,15.1193699137707,17.2338068271925,0.0556866461820643,0.0545216661418551,97,102,38.6167163698199,0.0832856390279159
"ejército",538.024744671887,513.928747468531,-0.498828776859777,-0.574090263421906,13.3055321755628,13.5726562127542,0.0569485558556922,0.0520712098640766,94,99,-24.0959972033561,-0.0752614865621293
"elección",517.744727778988,552.990842090122,-0.677031369046634,-0.502583219381469,10.8199844730478,15.2858727158682,0.0390541097991527,0.050521441976831,180,133,35.2461143111333,0.174448149665165
"electricidad",570.095701016711,631.970352950349,-0.490892937335807,-0.154749559473642,13.3647339196731,21.7981721705161,0.0519693653868872,0.0747803935291935,97,85,61.8746519336372,0.336143377862165
"elegante",518.770718292325,605.610082202954,-0.706399440233851,-0.36753750924388,20.398619208125,24.5134978839012,0.0669238427266022,0.0657933276665861,71,73,86.839363910629,0.338861930989971
"elemento",562.752489364672,584.964150004313,-0.561611283626559,-0.386498043193368,16.0820699111395,15.7324703029243,0.046833781614863,0.0622165686204956,141,100,22.2116606396414,0.175113240433191
"eléctrico",515.184823513527,588.163414049179,-0.602628769396107,-0.255133520409037,11.7675315791655,17.0258664186187,0.0490547218632936,0.0602415700575078,119,128,72.9785905356522,0.347495248987071
"embarazo",580.390089882467,542.020400002572,-0.436269169687173,-0.509207320731926,24.6867892267294,14.3102691907395,0.0688701953846671,0.0552819478981477,89,80,-38.3696898798953,-0.072938151044753
"embarcación",631.180551384896,706.296860481204,-0.246381150930285,0.142153996782439,18.2354342580359,23.329866461131,0.0547314584884673,0.0785935903820293,107,86,75.1163090963076,0.388535147712724
"emergencia",511.638178841412,597.10657499624,-0.668488804016796,-0.400951375286758,10.4452450666129,22.6543345414739,0.0354106577472445,0.0647337246404812,123,80,85.468396154828,0.267537428730038
"emocionado",605.320449980292,549.323092447831,-0.34971724319387,-0.520829545032359,22.7299273204844,14.9689409453495,0.0676882136644996,0.0533377622660591,80,119,-55.9973575324607,-0.171112301838489
"emocional",539.876816531146,573.03959374524,-0.610163855238462,-0.549792520997145,13.6826377645845,21.756967312313,0.0425037583582797,0.0705674995343653,109,64,33.162777214094,0.0603713342413169
"emperador",648.385052622527,647.617949173338,-0.269316227667229,-0.118261346903223,27.0851936024909,22.6079363059165,0.0757085169081727,0.0743826789796142,95,118,-0.767103449189335,0.151054880764006
"empresario",525.842327733821,585.60138554509,-0.497557729251953,-0.366046543125516,9.85863026318712,18.0834419644938,0.0466713819171378,0.0611209850247599,119,83,59.7590578112691,0.131511186126437
"enamorado",549.208777775835,587.42377777813,-0.468544785455557,-0.389148907154174,21.2085015284264,16.2398414036084,0.0529443819368475,0.0493513697108086,99,99,38.2150000022953,0.079395878301383
"encantador",580.538240310238,619.041833325121,-0.414050258162441,-0.375353062767021,13.5866223570385,19.52265253217,0.0451130977739273,0.0596434888371546,129,90,38.5035930148834,0.03869719539542
"encontrar",554.135803788313,555.171487327679,-0.483437062148687,-0.396997856969264,14.5159320939763,10.9144525425321,0.0525527870871762,0.0450102306030452,107,158,1.035683539366,0.0864392051794229
"energía",545.460542483787,539.685847682546,-0.57931188485564,-0.54831739168491,13.5755336737792,11.8075587698414,0.0406350330253688,0.0481008023212806,153,151,-5.77469480124046,0.0309944931707301
"enfermedad",549.588692980833,596.213444468333,-0.527913129709048,-0.352658877061843,14.9776533884077,21.8597678637923,0.0550146441545639,0.0680115235651556,114,81,46.6247514875004,0.175254252647205
"enfermo",550.794474200023,550.124798709697,-0.589094074102284,-0.513650139295488,22.0623137900604,14.4970147000569,0.0639605130002129,0.0480948185101693,97,154,-0.669675490325858,0.0754439348067961
"enojado",547.540892850792,546.202228935705,-0.522563688324248,-0.376198302702756,13.9450052765659,13.7344424579365,0.0476536534829436,0.0694691025699104,112,83,-1.33866391508616,0.146365385621491
"enorme",526.647526321373,571.413209908608,-0.625895558530247,-0.447284612776022,11.3990050922559,22.8587562459753,0.0388348063709974,0.0748699005997303,133,81,44.7656835872342,0.178610945754225
"ensalada",557.769127144592,599.103976493127,-0.538106487401137,-0.375734296900893,16.1969934287889,24.9270189150136,0.0469835272130251,0.0604090510383077,118,85,41.334849348535,0.162372190500245
"enseñar",536.627479452278,562.339178576763,-0.614522516605105,-0.488607967939454,14.6151604493016,16.325887266459,0.0619384746846286,0.0547659978098425,73,84,25.7116991244845,0.125914548665651
"enterrar",615.83709791177,692.351098735504,-0.30430768867046,-0.109618045514052,16.0285593274821,24.9328330666838,0.0506234681914348,0.0791661346685023,143,81,76.5140008237347,0.194689643156408
"entrada",474.861368401106,515.127430236612,-0.772627229409119,-0.653323469977192,9.33246043709972,12.8643635341034,0.0426396750734127,0.0436457778211874,114,86,40.2660618355053,0.119303759431927
"enviar",545.26900000792,528.588300830184,-0.543010990586405,-0.539543849826116,14.2070829401645,13.2050646867658,0.0513900932092117,0.0528002687566609,102,123,-16.6806991777365,0.00346714076028887
"epidemia",609.482880008653,693.834438356794,-0.151106779677335,0.111430573866501,16.6037781768706,26.1831784204052,0.079354213495216,0.0801529015539291,75,73,84.3515583481407,0.262537353543836
"episodio",551.964136373614,605.842471160735,-0.374311737351278,-0.244745452087405,14.9038553743927,17.6851453342923,0.0644867777630026,0.0668648289510391,88,104,53.8783347871207,0.129566285263873
"equipar",542.21873960583,580.141876186247,-0.552630458731146,-0.311414517306791,14.9248119627161,19.0758157361698,0.0603336421624436,0.0714419469179735,96,105,37.9231365804176,0.241215941424355
"equipo",544.936552266063,529.55654780591,-0.520000128281611,-0.500307340662138,23.2124444021383,14.8890738665195,0.0642725642834895,0.0636283424731497,67,115,-15.3800044601525,0.0196927876194728
"equivocación",644.750303351719,628.711629630163,-0.123375983484765,-0.0449590680396142,22.5386370382058,20.2709605201656,0.0713649503008629,0.0679716257574879,89,81,-16.0386737215562,0.0784169154451508
"erección",653.199736257422,695.742619735942,-0.215444889362482,-0.0366655670713078,22.4293549037768,23.2140389990433,0.0670327806162335,0.0777625187775356,91,71,42.5428834785204,0.178779322291174
"escapar",582.762499992587,610.070147372014,-0.474157099987517,-0.26617877445476,20.0244348538806,21.3599352004259,0.0629176802376339,0.0730466423183964,96,95,27.3076473794263,0.207978325532756
"esconder",555.820205469609,608.70286776856,-0.535427997798356,-0.295950500330414,30.8665908660198,20.5798429488419,0.0611314411570112,0.0605323081381998,73,121,52.8826622989516,0.239477497467942
"escribir",492.93702855049,552.35909473393,-0.719667467223451,-0.525986517795628,12.2614565284245,17.9130058701756,0.0475451489654739,0.0516313835539169,70,95,59.4220661834398,0.193680949427823
"escritor",568.200464923915,544.502858604248,-0.577029101176938,-0.539367479460388,16.8347239822979,17.0083500415085,0.0485981505981144,0.0638993474538078,114,99,-23.6976063196679,0.0376616217165495
"escritura",525.785675448113,550.503405063166,-0.517288740439074,-0.372548412047499,14.3168020392261,18.5791586101717,0.0540878780484982,0.0841135993524792,114,79,24.7177296150533,0.144740328391575
"escuchar",532.521163446522,517.566753853535,-0.627421454913248,-0.58447093494361,12.7653188963445,15.0358807435653,0.0405084783952925,0.0563535467342227,104,65,-14.9544095929867,0.0429505199696383
"escándalo",614.36088991949,673.495561404279,-0.254903121061234,0.0250328828094834,20.1778169430167,20.8862225333634,0.0650913695337745,0.0734631552397238,109,114,59.1346714847886,0.279936003870718
"eso",517.25169918381,668.823765310614,-0.620716970830893,-0.00506554449557397,9.48615099488108,20.3240143467052,0.0377273789844587,0.0725598919815216,123,98,151.572066126804,0.615651426335319
"espagueti",671.117771743745,743.277560995637,-0.139313175357102,0.207246603256847,26.3211461634968,21.9558089372577,0.0741067586697566,0.0698169402268122,92,123,72.1597892518919,0.346559778613949
"especialista",615.021479133055,579.743458823924,-0.220287160598634,-0.362380058826054,21.7390160848659,17.3536366071029,0.0666027197743538,0.0584521207024266,96,85,-35.2780203091304,-0.14209289822742
"espectacular",585.50137314079,568.971328756588,-0.35894458954206,-0.409564317509319,24.4208362299745,18.4820664871754,0.0629707298195302,0.060961598714494,67,73,-16.5300443842021,-0.0506197279672592
"espejo",524.216948448134,532.824828614184,-0.670873185720408,-0.591424650437823,17.4950932195245,19.3590376794538,0.0522320163278895,0.0620344360167171,97,70,8.60788016605022,0.079448535282585
"espeluznante",717.232227274046,714.239887342674,0.0722995343848057,0.344383494246651,23.1910292578173,22.7210798124495,0.0777177862564804,0.0769516987886783,88,71,-2.9923399313717,0.272083959861845
"esposa",499.391494054037,559.10285367686,-0.773512873291145,-0.489305342579666,13.8480997208776,14.8434542636299,0.0421879770342778,0.0591078741424578,85,82,59.711359622823,0.28420753071148
"espíritu",519.909681792232,564.778930809582,-0.652669550580094,-0.463397006176723,12.6975680031105,12.8357799506372,0.0518714501338935,0.0408713582656046,88,159,44.8692490173497,0.189272544403371
"estación",557.992007793532,586.277352255571,-0.451914688933582,-0.431985546144522,12.7916475503743,20.1170588587576,0.0461761086004196,0.0627441102600422,128,88,28.2853444620387,0.0199291427890607
"estado",535.494095674939,546.577729507937,-0.537213648541753,-0.452557614449437,15.8337017297656,12.7856959379375,0.0534721834403499,0.0462961138776423,115,122,11.0836338329982,0.0846560340923165
"estatua",590.014436496202,556.664739719931,-0.30683827740878,-0.376513547452996,13.7240218509861,19.3230496971341,0.0492564824635158,0.0886343528600187,126,73,-33.3496967762712,-0.0696752700442155
"este",523.940044451337,609.239304779335,-0.626464438696296,-0.0733777475151882,14.5422300315997,15.1842760837971,0.0640031094802177,0.0771930658853702,90,105,85.2992603279981,0.553086691181108
"estilo",502.132190472426,581.405412563987,-0.586486744448784,-0.373651059013663,13.3866583962116,18.2082203239452,0.0597510839794075,0.0563239104761325,84,143,79.2732220915615,0.212835685435121
"estrategia",563.959422244331,713.897431199346,-0.395110305162474,-0.00405991076670147,20.0336195208299,26.3037819989312,0.0610560586202232,0.0732952411007674,90,109,149.938008955014,0.391050394395772
"estrella",529.039842098424,550.171902446842,-0.611499768828474,-0.541464223432229,16.5846906492263,21.617238895426,0.0610085024381267,0.0622084903484704,114,82,21.1320603484183,0.0700355453962456
"estructura",592.588038941542,569.290884066051,-0.390954808444492,-0.539662928755546,25.0228430863098,13.8692606889477,0.07294449801955,0.0425528833063097,77,138,-23.2971548754907,-0.148708120311055
"estudio",505.744571426064,508.108323837398,-0.659831790226154,-0.679444368390898,11.9889484134353,14.0632909145839,0.0473792428098156,0.0546245653788799,105,105,2.36375241133373,-0.0196125781647442
"estupendo",589.533388905267,636.90404851395,-0.383134408189307,-0.202149017504036,15.5247507690727,22.7301735338832,0.050549084280121,0.0644972146322135,144,103,47.3706596086836,0.180985390685271
"estupidez",548.16889009933,606.087909072355,-0.458493456093949,-0.308173946485951,13.8715098486507,17.4661613113562,0.0567453285368401,0.0671913624236719,91,66,57.9190189730248,0.150319509607998
"estúpido",535.807673256915,538.395455413606,-0.524761325421613,-0.581834464623029,11.7799765832595,13.7149421988985,0.0453573467009489,0.0488853051350003,101,101,2.58778215669088,-0.0570731392014165
"evaluación",556.141405189686,576.534150941362,-0.509934792606253,-0.432158116682708,13.8824211809676,17.1680723155823,0.0423296404583649,0.0497348904755229,116,106,20.3927457516761,0.0777766759235458
"evento",569.239766219346,618.811891111566,-0.51122615080319,-0.313123701680617,26.9243053156965,18.5769182307971,0.0874771425546137,0.0677983294672074,77,101,49.5721248922198,0.198102449122573
"eventualmente",635.849729729762,642.538738095782,-0.208654707374634,-0.0428725637106553,19.0076281835015,15.191501859417,0.0581586037229189,0.0658404645589648,111,126,6.68900836601983,0.165782143663978
"exagerar",605.229793343345,601.55113082708,-0.362270659718347,-0.222972235340501,17.026983797646,19.530576273261,0.0489027506543922,0.0692920333217371,150,107,-3.67866251626469,0.139298424377846
"excusa",576.414934776519,520.972852946036,-0.40742337452704,-0.575723415472234,17.9513131626148,18.8540685332965,0.0683302922963637,0.0770570023737449,92,68,-55.442081830483,-0.168300040945193
"expectativa",619.624586016309,582.112121945926,-0.235814950274191,-0.355460916092563,14.3574579226777,17.2733105786251,0.0475729925921872,0.0567854978405432,186,82,-37.5124640703825,-0.119645965818372
"explosivo",522.669261194417,625.807569877715,-0.564993163171288,-0.234564921273058,11.4553656456313,18.6056298257703,0.0436551846420739,0.05706436860102,134,93,103.138308683298,0.33042824189823
"explosión",598.284338830911,566.549666667167,-0.354346958630067,-0.446183341319749,19.7964855712876,16.4547477428615,0.0634892071521987,0.0510957408188143,121,120,-31.7346721637443,-0.0918363826896825
"explotar",546.016606037119,544.511557902483,-0.536380460071867,-0.573732552912189,19.4995240329361,13.3510513672711,0.0612715976457798,0.0454795659189727,66,95,-1.50504813463579,-0.0373520928403215
"exposición",577.075663801318,533.051872897935,-0.404427815251531,-0.490273247551548,17.1636330094918,13.551721167725,0.0578332460114773,0.05492133146155,116,118,-44.0237909033825,-0.0858454323000172
"expresar",540.367207914774,600.775742442126,-0.557253509802606,-0.449811471434408,15.8473729514407,24.547112267646,0.0580817137877523,0.0719918517999403,101,66,60.4085345273513,0.107442038368198
"externo",525.264475413783,575.087198348047,-0.580997378600348,-0.364035530314666,11.4873776723824,15.6349553562356,0.0421618714056652,0.0639676059743215,122,121,49.822722934264,0.216961848285682
"extraterrestre",684.882337212125,646.410381436577,0.0154011080134749,-0.0714444796529645,25.790892452641,19.75467499062,0.0823950523713589,0.0627596701930936,86,97,-38.4719557755471,-0.0868455876664394
"extraño",554.063570300093,569.129753245095,-0.531821015577109,-0.556124509806986,14.7775671053118,22.5947061804404,0.0484255223827073,0.0727635220342176,128,77,15.0661829450011,-0.0243034942298762
"falso",554.142886610892,545.049056811133,-0.542467575707855,-0.623414502979274,15.5422295807866,16.9964993112724,0.0617855275659403,0.04782389605041,97,88,-9.09382979975885,-0.0809469272714188
"familia",526.174355780727,492.198160937802,-0.694834467884909,-0.70694715915329,18.9742281333011,12.2373611928982,0.0546539057637244,0.061066585082437,104,87,-33.9761948429252,-0.0121126912683818
"famoso",528.314092428277,538.153712761024,-0.665421329679562,-0.577299915659092,12.1579317437185,14.2802398209591,0.0474723828139108,0.0520445986021725,119,94,9.83962033274713,0.0881214140204701
"fantasía",512.485412836999,544.363657913271,-0.679237378344956,-0.651458156835861,14.6620315188556,14.2634503362693,0.0501949522788661,0.045661090837578,109,76,31.8782450762718,0.0277792215090954
"fantástico",510.623634158014,604.904381575565,-0.643746378577355,-0.448349462716271,14.9287737333034,26.01169734746,0.0510467390462941,0.0754191359956132,82,76,94.2807474175513,0.195396915861084
"fatal",579.937822899756,556.464489344848,-0.362351102305701,-0.539116856294871,18.9881605951214,14.742223014513,0.0768231802546091,0.0551088620711817,96,141,-23.4733335549078,-0.17676575398917
"fax",691.41393876809,695.194071409028,-0.0326969483970488,0.179443835370023,21.1544159383618,21.3318508369434,0.075709178450174,0.0865858750906937,98,84,3.78013264093715,0.212140783767072
"fe",567.552883491784,569.207042740652,-0.439439678323092,-0.314231564032299,13.2421529124349,11.5595131954212,0.059766607876666,0.0514634848368266,103,117,1.65415924886747,0.125208114290793
"federación",620.49410465111,658.151298066034,-0.0110315056666367,-0.0759426090001585,15.7780928199559,19.7797304458976,0.0686237236083885,0.0699591759599698,86,104,37.6571934149242,-0.0649111033335218
"femenino",520.747390473808,575.91770802743,-0.691702417399951,-0.478574385458196,18.0224543958106,13.7674106792439,0.0534528839891929,0.0503223908988058,105,137,55.1703175536214,0.213128031941756
"feo",531.173806892837,546.04833332464,-0.540059846041011,-0.592671976164795,12.0646167850174,14.7376416664749,0.0511278184867395,0.0519283751872457,145,99,14.874526431803,-0.0526121301237842
"festival",544.923488638596,561.036461539526,-0.606738751867537,-0.399849678562139,14.9276641622062,16.5985150121641,0.045348939612915,0.0621952158457305,88,117,16.1129729009303,0.206889073305397
"festividad",602.333347794647,607.808841474202,-0.29340095473261,-0.220969764635711,17.1635765765127,18.7188579646394,0.0647959657268247,0.0601341056786137,92,82,5.4754936795556,0.0724311900968994
"fiebre",567.017056339101,540.732671323094,-0.516848015042203,-0.563714586917151,20.1935738127137,11.2029323628048,0.0657472754168878,0.0400202694080849,71,143,-26.2843850160068,-0.046866571874948
"fiel",496.482849989805,582.012989366893,-0.655030796731821,-0.438940312170536,15.577339845234,19.5858305964854,0.0556796427510828,0.0635191906298172,80,94,85.5301393770885,0.216090484561284
"fiesta",526.840617660025,562.985629623302,-0.654557271180274,-0.445447429773109,13.347386784588,16.5232986941388,0.0435972684853555,0.0678803885037447,68,81,36.1450119632774,0.209109841407166
"finalizar",543.15467289874,591.984455427635,-0.551414070151114,-0.349846458850492,13.4949060698266,15.9504444987047,0.0467862581266541,0.054923278492359,107,101,48.8297825288946,0.201567611300621
"financiación",696.014659528758,778.050260431545,0.172994252834838,0.379934128287626,21.977957009679,23.9400711088233,0.0762003740018888,0.0716156804292833,94,96,82.0356009027871,0.206939875452788
"financiero",600.479235920566,680.120406505441,-0.174754798637273,-0.04113000487801,15.5953433383226,18.2082836755599,0.0641565677832443,0.0569825270276277,89,123,79.6411705848756,0.133624793759263
"firma",500.533011491144,557.362694450758,-0.675057932153539,-0.493294591862042,11.3522541903855,15.5036428291989,0.0478256986917288,0.0567636068496443,87,108,56.8296829596138,0.181763340291497
"firmar",547.737993048885,568.295895824553,-0.507143576908126,-0.529538083058259,13.0876385099288,15.1744265717299,0.0493850781499812,0.0516286031426082,144,96,20.557902775668,-0.0223945061501331
"fiscal",579.088461541986,663.692762356694,-0.253579393215231,-0.0557649628044954,17.0825595433096,19.8933150968436,0.0797945444241266,0.0754330422548202,91,101,84.6043008147082,0.197814430410736
"flor",522.863250023491,505.031556526012,-0.613562134362343,-0.685632647236671,16.594327316614,11.9196959394089,0.0703779007712935,0.0372724932073925,76,115,-17.8316934974796,-0.0720705128743275
"flota",619.794878218789,564.699233640869,-0.251336042977469,-0.30956420487778,17.9584767583854,14.179968532707,0.067373794072679,0.0586487239208343,115,107,-55.0956445779201,-0.0582281619003102
"fluido",570.294367631067,577.608716544643,-0.44184341981512,-0.433928412399665,13.6436018066503,15.0085109593123,0.0598693366718007,0.044270399080759,68,127,7.3143489135756,0.0079150074154547
"fondo",579.211728964762,624.485595742007,-0.416703859349631,-0.146454283462348,20.7149070681616,18.9878767542281,0.0653013892846,0.0687425899468094,107,94,45.2738667772451,0.270249575887283
"fondos",629.031772718172,602.035686894417,-0.140717484572665,-0.361544420346444,20.5774806783884,15.6937024245267,0.0758008716169407,0.0592410961727899,66,99,-26.9960858237546,-0.220826935773779
"foto",532.463486131183,547.758208359892,-0.608918545301233,-0.625175296393474,15.4082918774409,22.0838752173251,0.0551920602070783,0.0680467370618998,72,72,15.2947222287094,-0.0162567510922407
"fotógrafo",593.60802239341,576.272592368395,-0.407738475467106,-0.430143538175687,16.0792551169804,14.6594174092557,0.0537429500892484,0.0388353609349937,134,157,-17.3354300250145,-0.0224050627085817
"fracaso",577.70835086955,546.279333330587,-0.437109156336135,-0.410138485771567,14.0454439967459,15.6636865222853,0.047196986048231,0.0641001638191939,171,93,-31.4290175389627,0.0269706705645679
"francotirador",702.860447758897,797.500445947243,0.261752833950198,0.417624384736234,28.8781118908183,24.8677988456356,0.0965268248838691,0.0751107138311316,67,74,94.6399981883466,0.155871550786037
"francés",505.923825735423,571.489918365314,-0.673515190981843,-0.45846154755562,15.0297332904186,15.5545829158959,0.0515885066101419,0.0526723265932,132,98,65.5660926298913,0.215053643426223
"frase",567.774728588971,593.894320506407,-0.46639882952654,-0.468117397977123,17.5996986175002,22.7259900556763,0.0514899580139801,0.0647559298866163,140,78,26.1195919174359,-0.00171856845058344
"fraude",621.944320989777,619.413531233522,-0.235270980418964,-0.198767925992946,15.0195601290827,13.4869352993852,0.0591340501203826,0.0666643935827526,81,96,-2.53078975625533,0.0365030544260183
"frecuente",636.877033340544,585.697459468215,-0.243344300820852,-0.262400706932197,22.7951663691703,13.6822684307901,0.0718497553237644,0.0647545087867944,90,74,-51.1795738723292,-0.0190564061113443
"fresco",549.752953121461,556.162863620096,-0.600322076085854,-0.41385812792415,15.2691613509774,17.954131901624,0.0446247781936656,0.0659948134487578,128,88,6.40991049863521,0.186463948161704
"fruta",484.622412480615,518.726153841952,-0.799474785643984,-0.690643537223536,12.5288968411501,11.6411776190014,0.0537774868925172,0.040803194696357,80,130,34.1037413613372,0.108831248420448
"frío",498.213441854122,569.123453929945,-0.795820025244529,-0.482749517894837,12.7728992737897,14.8676472532542,0.0440301740358385,0.0467512329858355,86,152,70.9100120758226,0.313070507349692
"fuerte",507.157166670686,558.132479984868,-0.678132945776043,-0.542809242850977,12.4019923275754,16.0560404202574,0.0493371226164069,0.0524199707772331,102,125,50.9753133141821,0.135323702925066
"fuerza",481.885967371193,503.327158535907,-0.812306090089923,-0.667043250239163,13.0738606423247,18.3486890606697,0.0483282026889123,0.0750843331760924,92,82,21.4411911647142,0.14526283985076
"fugitivo",626.746821411443,601.38142709566,-0.149322299799046,-0.0839863470902358,22.4572334735881,15.6333255907003,0.08610375884579,0.0732908281153683,84,96,-25.3653943157833,0.0653359527088102
"funcional",598.996184813805,527.993148148966,-0.486237686048223,-0.486970961255143,24.7527575257496,15.2541742749348,0.0595305041635257,0.0630873994672382,92,81,-71.0030366648392,-0.000733275206919903
"funeral",583.872152773133,571.101959988657,-0.339755881702279,-0.463423799858913,14.6084688226537,18.4932281363013,0.0523690154848917,0.052259908678209,144,75,-12.7701927844769,-0.123667918156634
"furia",564.263519623766,580.344243907944,-0.448992618490541,-0.461053550561127,14.9086146712488,21.5895722998276,0.059038587563988,0.0636824971538406,102,82,16.0807242841779,-0.0120609320705861
"fácil",528.685374975757,491.492815191611,-0.653612001965532,-0.723472053108125,18.4005342826816,14.9422129056284,0.0588499369460294,0.057420496682684,88,92,-37.1925597841457,-0.0698600511425922
"físico",478.442227270733,499.155261672975,-0.813001234746395,-0.722095191464749,9.23315798491461,10.6002643635063,0.0381931675501531,0.0330041552124923,66,107,20.7130344022419,0.0909060432816464
"fútbol",537.536796614499,494.293290911283,-0.664067904895178,-0.676703928110188,25.1331833160171,14.4495187710046,0.0615837440036244,0.0566769081421263,59,110,-43.2435057032156,-0.0126360232150093
"galaxia",584.00897903077,572.42984426355,-0.474825163197946,-0.403471404024323,14.2402093945667,15.4333641862609,0.0389149748946034,0.0530644050596878,143,122,-11.5791347672196,0.0713537591736232
"ganador",543.983865674337,575.193581095259,-0.58464692026823,-0.517560194647789,11.9973118684325,18.4630769676982,0.0417542613754048,0.0649929367365408,134,74,31.2097154209217,0.0670867256204413
"garaje",580.892265997689,613.783479676633,-0.35427772603356,-0.254693793778813,17.8200876712508,18.4947513769034,0.0608372798089486,0.0658797262226919,94,123,32.8912136789439,0.0995839322547469
"gastar",497.319035714393,542.511728667721,-0.683683859760144,-0.473489529105704,15.7028660836759,12.9933602469263,0.0541143650617156,0.0496438574239012,84,129,45.1926929533278,0.21019433065444
"gato",479.729828572204,490.38254166631,-0.825911127169509,-0.670927029202239,15.5524468164195,12.9696497947313,0.0510081698777023,0.0523649593216983,140,96,10.6527130941058,0.154984097967269
"gay",553.866624253641,588.08728454854,-0.539034686161213,-0.445590590647644,12.3185577899644,17.044419159765,0.0436038830906219,0.0540772112494438,165,123,34.2206602948992,0.0934440955135694
"general",532.177944439517,547.731282326392,-0.621074218228492,-0.500522679473376,16.1420318503901,19.0448264580882,0.0451095718901188,0.0668611593321862,126,85,15.5533378868752,0.120551538755116
"generalmente",597.431892328838,631.091434372014,-0.381632800298695,-0.16618320917002,23.4425134992211,16.5688817536084,0.0687069098431003,0.0607789388772698,65,99,33.6595420431751,0.215449591128675
"generoso",571.958433737481,586.516556801548,-0.480447886475462,-0.388859332318507,28.0071330215502,16.8710994866555,0.0711648825323301,0.0569077611560061,83,88,14.5581230640676,0.0915885541569552
"gerencia",677.119158410822,739.985263916258,-0.013966892913209,0.191240645205067,23.7758453670663,27.1841737650385,0.0810616743049789,0.0874143084227896,101,72,62.8661055054353,0.205207538118276
"global",563.146376164032,575.280867460211,-0.491484565353473,-0.397366674905462,17.6536446103724,19.5193605228856,0.0558584483396378,0.0818516608380293,109,83,12.1344912961789,0.0941178904480111
"gloria",484.95779775966,583.26474724686,-0.718378178364647,-0.324278312150137,11.7989048553353,16.8349971191431,0.0609562526296937,0.0614311099431195,89,91,98.3069494872003,0.39409986621451
"gobierno",514.816354181538,537.685020409897,-0.649573431445693,-0.538041542241152,11.336999072355,14.0439162106246,0.0406081468800357,0.0542567124159998,96,98,22.8686662283592,0.111531889204541
"gorila",604.124969700876,669.057121184565,-0.429454225937766,-0.0946277873869352,21.0024751754326,20.3446183096632,0.0592676314208912,0.0706575568875345,132,99,64.9321514836882,0.334826438550831
"gorra",525.50240276085,515.282043946706,-0.594480676451079,-0.631770422811913,20.0315140528356,15.5173765309936,0.0754975057034122,0.0513671271360137,72,91,-10.2203588141443,-0.0372897463608344
"grabación",542.514908189436,584.337563223104,-0.369381897890235,-0.324125061959035,10.2723671668872,20.5064354387307,0.05394667093395,0.059593251790052,98,87,41.8226550336677,0.0452568359311997
"gracias",527.250900000204,542.586682766254,-0.659107782205074,-0.621028340007816,13.8610861030098,14.44443741834,0.051174419989497,0.050696059681882,100,145,15.3357827660498,0.0380794421972581
"gracioso",541.725038962222,564.991971163358,-0.584285003777371,-0.519576818820478,19.5444144175755,22.5486074737631,0.0711482878394474,0.0543661593533724,77,104,23.2669322011355,0.0647081849568923
"graduado",564.005519591354,602.713317419522,-0.363063937648059,-0.218880585442808,14.8256314576495,12.061597592033,0.057478198577789,0.0477552991180078,102,126,38.7077978281684,0.144183352205251
"gramo",526.598356518702,655.905876545989,-0.486993503471084,-0.186349839971306,9.81179049524029,26.8437196118507,0.046618717334492,0.0772578783825223,115,81,129.307520027287,0.300643663499778
"gratis",512.416337504791,480.915242862332,-0.648980232151749,-0.780069291200791,15.9423647483206,11.9761616369594,0.0661375973460236,0.0488846337919465,80,70,-31.5010946424591,-0.131089059049042
"gratitud",555.721043217051,573.113550696147,-0.474966960961355,-0.48406896575289,11.6408965207771,22.281942712833,0.0385633983901928,0.0588694826547776,162,69,17.3925074790957,-0.00910200479153472
"griego",540.020223098829,557.802753093694,-0.592626382791571,-0.463453436610884,14.2108290499177,16.2402391361409,0.0468352542248969,0.0561665326522615,130,81,17.7825299948649,0.129172946180687
"grueso",530.224566884883,585.024999971709,-0.604295592625026,-0.312992438713998,13.8447956744041,19.7720147109295,0.0467376681026216,0.0756150684485198,157,75,54.8004330868255,0.291303153911028
"grupo",511.340111101963,539.773581176326,-0.670344960680585,-0.604438467654348,14.3209907080181,18.9560696202546,0.0447947614502945,0.0557511138704261,90,117,28.4334700743631,0.0659064930262371
"guerrero",575.412219498396,524.279086022205,-0.474192399229578,-0.626655798724712,11.8846283707494,14.8023493838356,0.0378812868053124,0.0513456819822298,164,93,-51.1331334761906,-0.152463399495134
"guitarra",527.461162491551,553.991557151226,-0.614965573604837,-0.515591852356574,12.471949989509,17.2544411691716,0.0491843977836545,0.06189503535961,80,70,26.530394659675,0.0993737212482625
"habilidad",505.390659589364,554.256737269732,-0.677426624459018,-0.474417295653331,9.55628953780965,13.10970945183,0.0399733995400136,0.0436922288260205,94,118,48.8660776803684,0.203009328805687
"habitual",552.939567570912,590.542829075221,-0.499349811691707,-0.441153782627651,13.9038601965863,16.9120116479919,0.0557470202004782,0.052329840740322,111,117,37.6032615043098,0.0581960290640559
"hablar",544.96824417006,518.1807160451,-0.527998938669368,-0.677545770729303,14.0853137810071,14.6391921414584,0.0592406074636499,0.0408704139565322,86,81,-26.7875281249596,-0.149546832059935
"hacer",520.985350006324,582.512477785574,-0.651091946724717,-0.445055004498229,13.7618130633387,22.026516358216,0.0485402209620624,0.0551152326467169,100,90,61.5271277792496,0.206036942226488
"hambriento",589.119474240953,599.756615904708,-0.384086211597025,-0.247918159928166,21.0955200663448,17.3274651620258,0.063474947013342,0.0511461001994061,97,151,10.6371416637546,0.136168051668859
"hamburguesa",551.87653845106,593.113207797941,-0.462315722006791,-0.363803977167799,15.7617990037692,27.9150467447148,0.0523168014527221,0.0802354609496996,117,77,41.2366693468808,0.0985117448389916
"hardware",578.391023829299,690.828305552021,-0.360973343495311,0.188169378371625,14.6566052283822,21.7676985414995,0.04869208062989,0.0935069451685077,126,72,112.437281722722,0.549142721866935
"harina",527.048561636707,595.095717367543,-0.492651114969619,-0.397209787189131,17.323146820217,19.6205817358868,0.0688966446830195,0.066799459779899,73,92,68.0471557308356,0.0954413277804885
"hechicero",668.577134844388,631.022921060102,-0.156496363430589,-0.0275941414027091,22.92305935229,21.0028480200899,0.0645818733591517,0.0820868255334376,89,76,-37.5542137842857,0.12890222202788
"helicóptero",588.375724126449,586.537720429649,-0.346427893252891,-0.391805700384507,16.3243058377357,16.9972768947154,0.0569177616326615,0.0456462138575025,87,93,-1.8380036968,-0.0453778071316162
"hematoma",773.526000011093,823.842439979086,0.242454894997629,0.571286739888821,23.8616687775528,26.4192795158654,0.0817379821674564,0.0942329901887326,73,75,50.3164399679924,0.328831844891192
"heredar",591.343910100751,601.942852624076,-0.153526322524638,-0.215312954077311,14.3571333223724,13.9557781085191,0.066005196948405,0.0542683196728712,89,95,10.5989425233251,-0.0617866315526734
"hermano",469.975867773537,523.67940999867,-0.835008045375358,-0.639099432059943,9.49937160346202,14.9853725374475,0.0328476781660764,0.0489239738947866,121,100,53.703542225133,0.195908613315415
"hermoso",508.577469978043,511.133587713706,-0.666086421263673,-0.554080506721662,13.9657413181341,9.46285370609543,0.0534192912522272,0.041434159116264,100,114,2.55611773566312,0.112005914542011
"heroína",525.701069588373,607.857220762918,-0.679669542481889,-0.339009694172221,12.1580276777867,22.8435971994826,0.0428773377433291,0.0926608985236134,115,77,82.156151174545,0.340659848309669
"hidrógeno",619.196951782198,660.277640668317,-0.296150688049842,-0.0810392517892564,15.8446876858634,18.0301183437116,0.054733881917975,0.0647375900566509,83,64,41.0806888861189,0.215111436260586
"hijo",479.417267434123,519.913937491488,-0.814088214112485,-0.656913488536887,15.010731919606,14.2430767570429,0.0570044657318285,0.0503551368242572,86,80,40.4966700573655,0.157174725575597
"hogar",526.753853655772,523.432957122461,-0.589074613200857,-0.686817972624909,12.4317390375762,12.195947415298,0.0546689065954894,0.0398989273177492,123,140,-3.32089653331093,-0.0977433594240517
"honestidad",588.078454561674,621.156194159147,-0.278292891561976,-0.223577014391119,19.0217213390846,16.0428351872094,0.0665087392246926,0.0579001983893047,99,103,33.0777395974731,0.0547158771708567
"honesto",528.473436608615,534.529075967875,-0.655462560171007,-0.551445781480024,17.2455010665054,21.9050389939269,0.0427713538583122,0.0583631414558516,71,79,6.05563935926011,0.104016778690983
"honor",515.809750001288,534.784174301865,-0.546760794107608,-0.584470993746505,16.9231599159508,13.7086958990205,0.0701150343115643,0.0543466923773371,68,109,18.9744243005771,-0.0377101996388962
"hormiga",504.209261206847,564.027241382898,-0.646254606561058,-0.362791189936753,10.6182130414076,15.6032784248344,0.0436213058702183,0.0634882938577557,134,116,59.8179801760509,0.283463416624304
"horrible",518.557971430203,533.113427857226,-0.641253271775872,-0.582710649842939,14.7760530330511,9.85275397916877,0.0592745857060975,0.0359603738003031,105,201,14.5554564270226,0.0585426219329332
"huella",601.359770122407,559.425931042694,-0.339683958815656,-0.473335668284011,19.7833896411112,12.0985058369751,0.0645024293325662,0.0447249191353738,87,145,-41.9338390797132,-0.133651709468355
"huevo",539.27076471082,532.500226207744,-0.623829532832839,-0.648009862396508,16.0892069288033,15.6003239322154,0.0434887153968388,0.0609575110846464,102,84,-6.77053850307527,-0.0241803295636686
"humano",474.223948137948,531.135134430342,-0.824379485164053,-0.551522260309131,10.9938192145638,13.1877738486918,0.0365225743693247,0.0448140737395867,135,119,56.9111862923943,0.272857224854921
"hígado",542.717626664388,569.952877542633,-0.542073593270273,-0.366617340446962,14.9530892808275,15.1334858936587,0.0569351773624014,0.0564499232322215,75,98,27.2352508782441,0.175456252823311
"idiota",538.7664065929,532.36227344571,-0.524162251843606,-0.635062611772773,15.90916103188,12.41541033938,0.0699211867128634,0.042975473245386,91,128,-6.40413314718955,-0.110900359929167
"imperio",508.975976474094,581.354689081494,-0.569604508067498,-0.326973518455199,15.9676671539158,13.7064670417564,0.0685363373022177,0.0509229028149033,85,119,72.3787126074,0.242630989612299
"importancia",597.63236986718,572.007337060434,-0.418201576208002,-0.389014366986985,19.6586540443665,24.2107259241513,0.0549042530003123,0.0637553505773739,73,89,-25.6250328067456,0.0291872092210175
"importante",551.955108694264,565.217409086152,-0.596863605443511,-0.490552082614617,17.5322055705841,14.4070585342116,0.0451946216430024,0.0464162376649264,92,176,13.2623003918876,0.106311522828894
"impotente",642.471443292089,678.931026779422,-0.138367745298487,-0.00484514490429128,24.667041679273,20.8435815805421,0.0807769916659349,0.07553943767399,97,112,36.4595834873336,0.133522600394196
"impresionar",639.850028986301,564.022471255963,-0.280120011259149,-0.445539833237113,24.5893880443115,14.1701206871598,0.0758258404393545,0.0432861770716999,69,87,-75.8275577303376,-0.165419821977963
"incapaz",498.239999991974,561.515863995198,-0.673075175344246,-0.45459196815702,13.6211901066773,12.9201178397874,0.0497554343195798,0.0500168531482012,105,125,63.2758640032242,0.218483207187226
"increíble",499.899836535552,547.756180326379,-0.629681510922686,-0.591851423738113,10.4178406526906,15.2917962957512,0.0429366126035763,0.0510013896852118,104,122,47.8563437908273,0.0378300871845727
"indicar",561.802322553981,560.878110084236,-0.547923017466514,-0.439654890181933,20.514242806418,18.2448670980071,0.0613755811744869,0.0620966545579642,62,109,-0.924212469745157,0.108268127284581
"individuo",592.362103777941,614.089559058682,-0.404730798973198,-0.345929136147727,15.405313759589,17.9593546559532,0.0492645111409288,0.0491960100982084,106,127,21.7274552807409,0.0588016628254714
"inequidad",794.247327558314,813.824178093081,0.385371142086739,0.533086998373363,36.8405830121581,33.8117241275982,0.120622595891047,0.112471714081571,58,73,19.576850534767,0.147715856286624
"infancia",502.432712657737,532.679125002809,-0.691096244982324,-0.723632751576056,13.2449569883158,18.7370090151522,0.057946277104045,0.0483885731473251,87,80,30.246412345072,-0.0325365065937321
"infección",555.665747241216,616.134025642831,-0.350497753205577,-0.355530780333628,16.8979760500154,23.4015440769952,0.0661560688670172,0.070974555144147,91,78,60.4682784016154,-0.00503302712805148
"infierno",572.366044932927,561.15070335921,-0.39896273090586,-0.478236060946147,18.7478565176926,15.6439869137144,0.073279309208063,0.0573208505793419,89,118,-11.215341573717,-0.0792733300402874
"información",530.278465338707,582.453777788344,-0.497215311595254,-0.335882988949158,16.2488582239455,12.0243472438604,0.0493803783139077,0.0566416248271276,101,81,52.1753124496375,0.161332322646096
"informante",691.574577801533,655.121168143914,-0.0875614347263412,-0.0260664397535478,27.9535529743927,20.1266863197977,0.083172709270966,0.0671337364784475,90,113,-36.4534096576187,0.0614949949727934
"informar",530.107618054675,593.346967387781,-0.572652078161941,-0.385778463444628,9.82069319701202,23.4660302053718,0.0328117402217707,0.0690888732963294,144,92,63.2393493331058,0.186873614717314
"ingreso",571.424030794285,575.612764704364,-0.55535926246446,-0.359594565608909,22.7038229194328,18.4477913158827,0.0688778710061041,0.0796522218723803,65,85,4.1887339100789,0.195764696855551
"inquietud",647.887785679549,655.619933342128,-0.208429109104929,-0.0636974286248433,21.763462479666,17.2222007927416,0.0680663376609985,0.0582152271478813,70,135,7.73214766257877,0.144731680480085
"insecto",570.411030294083,586.634164133571,-0.485777609290022,-0.472866986101197,19.6724587379797,23.680243653008,0.0658660528224177,0.0686694132653762,66,67,16.2231338394885,0.0129106231888244
"insignificante",697.610127274559,743.069474131187,0.0694972609016961,0.18271289028297,19.2512852667179,19.8316880408484,0.0698622023822647,0.0699661041466965,110,116,45.459346856628,0.113215629381274
"inspección",642.465357132985,728.437230765297,-0.0691118573786552,0.0507076546831253,19.9560579168966,28.08436286587,0.070301487420438,0.0784385759601861,84,78,85.9718736323127,0.11981951206178
"inspiración",598.86553900285,596.378308479486,-0.315623163723566,-0.316205661565573,13.1193229971069,17.5170713987648,0.0458089835111047,0.0586552771077886,141,94,-2.48723052336345,-0.000582497842006202
"instrumento",548.416792682715,558.941999998358,-0.51307517795447,-0.402620637593032,19.6109607667729,22.6636344359213,0.0713976600332827,0.0839775344939035,82,67,10.5252073156427,0.110454540361437
"inteligente",553.433407397515,549.616815998608,-0.582360677095927,-0.47054664536131,16.9806174427579,13.1852838175382,0.0579880084106525,0.0560974349655274,81,125,-3.81659139890655,0.111814031734617
"intencionalmente",675.867948740244,753.479007638936,0.0327879220518302,0.324307051379837,28.5406886511078,23.6086826983369,0.0878921707296163,0.0714209287759754,78,131,77.6110588986926,0.291519129328006
"intención",559.761427430133,634.605746266263,-0.40523737977344,-0.250362113181421,13.833250403918,33.1385624759786,0.0560279794008853,0.0919594830992772,124,67,74.84431883613,0.15487526659202
"intentar",563.443157886997,578.116214300467,-0.448622958086197,-0.424007820640969,20.7304132196944,12.4758242482885,0.0668176576384483,0.0428666473487901,76,154,14.67305641347,0.0246151374452275
"interesante",595.858049505501,651.395179335761,-0.453932896556845,-0.228300620067906,19.2454191608228,17.5436813899795,0.0505701317950241,0.0491354423101115,101,184,55.5371298302606,0.225632276488939
"intimidad",599.157468745971,572.478595221836,-0.409347253198712,-0.277442831771088,17.8935370141434,14.4270592820614,0.0678991685519973,0.0617016743813464,96,84,-26.6788735241347,0.131904421427623
"intuición",634.696666668244,721.801311492783,-0.218141252119271,0.0941909927060923,17.4073528302039,30.8148739769361,0.0618418372896984,0.0910586986381894,129,61,87.1046448245395,0.312332244825364
"inversor",652.595336068262,641.2175882253,-0.127662034253226,-0.0853934491061815,21.8854442178243,17.8419006878729,0.07107247476374,0.0693450443514996,122,119,-11.3777478429622,0.0422685851470445
"invertir",600.14706707282,609.097991136673,-0.331098477116269,-0.24717573543779,12.9649878120713,19.4284158290262,0.0444428151888441,0.0686887522520439,164,113,8.95092406385368,0.083922741678479
"investigador",580.127520416419,586.421293604418,-0.389740207250814,-0.311247912931697,16.1863339836788,14.0480058534667,0.0559963772353416,0.053308166578715,98,109,6.29377318799834,0.0784922943191168
"investigar",578.105228900212,527.75767106275,-0.360264525939086,-0.617294532265814,18.9963653948152,16.3590773828721,0.0642447333854118,0.053675964196852,83,76,-50.3475578374619,-0.257030006326728
"invierno",496.594015373327,518.607200000006,-0.761141288364589,-0.646419377686931,13.3390153039791,14.4209395880631,0.0485218727960904,0.0523558333478406,130,115,22.0131846266788,0.114721910677658
"inyección",595.444516485376,615.6535813933,-0.337331488062478,-0.169859377625895,15.5550025025233,18.4779236098823,0.0584564850708056,0.0709156241828836,91,86,20.2090649079242,0.167472110436583
"ir",526.328563365532,553.861093023796,-0.543733458742424,-0.476775202345786,10.1789334597202,18.7279397062524,0.0481365425390771,0.0657863614816302,142,86,27.5325296582632,0.0669582563966382
"irresponsable",570.834262643302,618.173622042302,-0.49378318950731,-0.133060176337355,15.723553141749,14.8601857865145,0.0461655213607572,0.0546373825487684,99,127,47.3393593990005,0.360723013169956
"irónico",558.9667155984,577.77013636071,-0.537948177593484,-0.411110350209795,13.7073456937587,20.2014048284197,0.0500740513577997,0.0563862153075508,109,110,18.8034207623108,0.126837827383689
"izquierda",493.100457820705,573.896954874889,-0.746047187753928,-0.384782430914586,16.6879183230952,15.3771307445586,0.0712374671975375,0.054550523820621,83,133,80.7964970541843,0.361264756839342
"jeringa",623.80665001591,725.567388032127,-0.138023062756857,0.151561379618885,13.9767166763685,26.6764019040333,0.0729266876441746,0.0858483992153216,80,67,101.760738016216,0.289584442375743
"joven",488.561075006477,493.747013149234,-0.758650825230133,-0.685009377430394,12.8438538701518,11.0897299271877,0.0548091444563734,0.0438729442978048,80,76,5.18593814275641,0.0736414477997385
"joya",583.621545445561,596.723069438528,-0.476883353285318,-0.32223134196731,15.5810748817966,21.9930801993203,0.0585153213572819,0.0755378839155078,99,72,13.1015239929675,0.154652011318007
"juego",518.969104652676,551.765856068772,-0.623944604569249,-0.586530388891367,13.9177140246284,13.5553243105338,0.0520571298492421,0.0439884068300461,86,132,32.7967514160955,0.0374142156778824
"juez",528.169946967661,549.702335620263,-0.635144667415549,-0.506704771935869,14.7314265165744,10.1829729165638,0.0429285559078238,0.0359665202919076,132,146,21.5323886526025,0.12843989547968
"jugador",530.376333339475,549.401301080341,-0.609025900354563,-0.526949237262541,15.0735632186791,16.0111434836328,0.0566332039070478,0.0574083969500315,78,93,19.0249677408656,0.0820766630920217
"juguete",561.093888888622,559.422687526106,-0.505079383824732,-0.52607429810512,14.2938563891251,21.2300757195712,0.0531062972857373,0.0588567703769096,72,80,-1.67120136251538,-0.0209949142803874
"juicio",480.02779995888,510.966390060825,-0.751629844482685,-0.62094343768456,10.3684755467477,10.1926730535148,0.0421942588719984,0.0378959269499367,100,141,30.9385901019448,0.130686406798125
"julio",469.007018878299,576.443346514142,-0.798815621669956,-0.486781242186713,10.4398645493235,21.6931322965244,0.0364115730377086,0.07325197336891,106,101,107.436327635843,0.312034379483243
"juntar",510.369916667325,550.542403212565,-0.601205603156595,-0.418651340536733,14.5595646549771,12.1992881879993,0.0631585520268673,0.0528587841726013,96,124,40.1724865452405,0.182554262619862
"justicia",543.129056824981,555.131100689251,-0.534858094760607,-0.559076242724236,17.230988169844,12.0197340327752,0.0529073790023177,0.0398699798500901,88,139,12.0020438642703,-0.0242181479636286
"júnior",633.626415097499,754.902192961462,-0.188126565269846,0.328887494849897,23.0750787001582,42.6441800441082,0.0695110517366368,0.140339826463519,106,57,121.275777863964,0.517014060119743
"lagarto",560.299557898751,596.067649973293,-0.429057240052274,-0.260984109516448,12.0895251355019,18.1922295573374,0.0508956085689345,0.0713813236652295,95,100,35.7680920745423,0.168073130535825
"lago",538.590219511553,569.495232522668,-0.558031909459175,-0.329138267972917,16.6421483339081,17.809408757166,0.0539788792423587,0.0780235150831413,82,86,30.9050130111149,0.228893641486258
"lamer",596.202684216635,788.543968765553,-0.143749442059414,0.406273225470643,18.9686200751738,24.9058629926929,0.0883153386627388,0.0844592463836328,76,96,192.341284548917,0.550022667530057
"langosta",580.288696627119,644.129764049915,-0.347175730764195,-0.196947175957539,15.8310623123196,20.2256727893519,0.0582709171915107,0.071142361684844,89,89,63.8410674227964,0.150228554806655
"largo",522.803280987873,541.24895999408,-0.669150871519714,-0.617373013261555,17.8135183195458,19.3466274194651,0.057904685717119,0.0570575338117542,121,75,18.4456790062067,0.0517778582581585
"lavamanos",731.321673920829,799.510843756061,0.345351445208656,0.377541010467661,29.5380185002172,25.2118868689307,0.0974417244013046,0.0778631726817831,92,96,68.1891698352318,0.0321895652590053
"lavar",541.107511645157,497.9784476236,-0.575045615411576,-0.728742424300923,15.0913707591603,13.4672106747098,0.0484343486744246,0.0510261668090945,86,105,-43.1290640215568,-0.153696808889348
"legal",534.361548761669,530.826481475503,-0.559418323505537,-0.488441870871484,13.5227503345662,13.9706354986474,0.0567403080830241,0.0674929894353881,82,81,-3.53506728616583,0.0709764526340534
"lejos",519.113635671945,559.028408814283,-0.724773574012934,-0.449116670486107,15.3507953318017,12.7146286481206,0.0434140589997185,0.0522348906047683,129,159,39.914773142338,0.275656903526827
"lesión",544.716213136468,577.371009264423,-0.600290043376179,-0.337637549595731,16.7069848542129,14.5936820627546,0.05859038831709,0.0550737326134672,61,108,32.6547961279554,0.262652493780448
"leyenda",508.79246774151,565.782215937196,-0.607903717845111,-0.473501686535948,12.0865071256873,15.4615457656675,0.0463344916673441,0.0524903602851059,124,88,56.9897481956863,0.134402031309163
"león",522.393468475505,521.878095237054,-0.682835052441594,-0.626287625690136,11.6100421246902,15.5700425975168,0.0383794040619442,0.0514298120644254,111,84,-0.515373238451616,0.0565474267514581
"liberal",494.344185195069,556.412280888181,-0.698156006412974,-0.547389101149052,10.7818902105079,16.9054810415682,0.0421448064439266,0.0536565345006384,135,89,62.0680956931129,0.150766905263922
"libro",520.634727288959,513.395203138,-0.63773960855152,-0.661848763559272,13.842031698222,13.0388972905038,0.0569249437077669,0.0487027910065561,88,128,-7.23952415095835,-0.024109155007753
"limonada",612.087208053316,600.620842546489,-0.226790472422304,-0.188295742189854,13.6107673435289,17.4370305282824,0.047395985113055,0.0601271866933418,149,108,-11.4663655068266,0.0384947302324508
"limusina",757.703116243905,683.448888903168,0.235373943064856,-0.0218356214531217,25.3280023068318,23.3430329491246,0.0897012954972843,0.0827762313248177,86,45,-74.2542273407366,-0.257209564517977
"literatura",537.233594820887,596.387250005767,-0.563155737149707,-0.35045621485604,11.4308831734205,18.0245658724257,0.0483742125626564,0.0554378246545601,116,72,59.1536551848806,0.212699522293667
"llama",519.552610395297,559.72120988515,-0.441472779842299,-0.527119039816325,13.3061439774071,17.6549055694261,0.0810038488623827,0.0645536521927044,77,81,40.168599489853,-0.0856462599740265
"lleno",496.135183881145,500.496767809592,-0.764951812732834,-0.661595095062754,12.3401085527897,14.0319925244183,0.0441760724397553,0.0590557494830513,87,112,4.3615839284476,0.10335671767008
"lobo",507.983000005347,521.253954869443,-0.707991113713994,-0.57332308693253,9.6775940206459,11.4552974063641,0.0377282716616831,0.0450782824473001,100,133,13.2709548640956,0.134668026781464
"local",506.327943643176,521.733651849068,-0.742798288429883,-0.629337886343927,15.7581748269776,14.2698605806674,0.0496101411280744,0.0499522671455547,71,135,15.4057082058921,0.113460402085956
"loco",566.087983876294,520.325011758361,-0.554818320090884,-0.725655165269234,20.8259354478829,18.0138899583492,0.074715502080989,0.0553208480523567,62,85,-45.7629721179328,-0.17083684517835
"longitud",548.08584721637,592.762965900477,-0.524908780044931,-0.390559866147552,14.1636926902568,17.1415088933542,0.0551556496661586,0.0601021048784917,72,88,44.6771186841071,0.134348913897379
"luchador",505.467401904234,568.600047605777,-0.597638811279363,-0.458470208758361,10.4347073117688,12.4817378249253,0.05252301405179,0.0482075502436603,107,105,63.1326457015428,0.139168602521002
"luz",502.224681803809,511.264999973607,-0.698583741984715,-0.673168609756429,14.8167018827894,15.6986890493982,0.0489758636411797,0.0488933506805396,88,102,9.04031816979779,0.0254151322282866
"líder",527.061021959124,530.484645796779,-0.631171392745995,-0.489763589136462,15.0565403220897,13.2010290527093,0.0507598070402399,0.0613015692029697,91,96,3.42362383765442,0.141407803609533
"maestro",555.472027019215,562.016113933159,-0.423381118818402,-0.519067262340233,22.2571475755183,13.55215659657,0.0742590093694017,0.0589135986479734,74,79,6.54408691394428,-0.0956861435218315
"mal",445.259833326014,504.148223217948,-0.909503333886863,-0.690529816291814,8.71011778606074,11.7705265793176,0.0391746212194708,0.047343664156541,156,112,58.8883898919333,0.218973517595049
"mami",510.157256393351,647.782121955812,-0.579904494312396,-0.187289766035742,15.6241408889565,22.1775566446875,0.0727595074166769,0.0829623207657447,78,82,137.624865562461,0.392614728276654
"manguera",696.054641012752,720.63443000414,0.00573834768947541,0.325050505863577,28.2227845763798,21.2875263109345,0.0775345547535984,0.0775174016326843,78,100,24.5797889913881,0.319312158174101
"manifestación",572.788560012372,635.191150004244,-0.269608721856132,-0.0561254985079561,10.507068848792,15.51326452007,0.0448403042808881,0.0582519164565974,100,120,62.4025899918719,0.213483223348176
"manipular",540.439413776366,597.456921985392,-0.510801166491283,-0.368626425465588,15.7798338039878,14.519688674811,0.0513974251369895,0.0426144617229482,87,141,57.0175082090253,0.142174741025695
"mantener",533.820149112356,537.515153869023,-0.558142381595966,-0.588993951650635,15.124286909619,12.319975638226,0.0553746608635,0.0391744579592227,114,78,3.69500475666632,-0.0308515700546687
"mantenimiento",611.727979581626,586.425092785711,-0.178556505517822,-0.173843306136027,16.611282670764,16.8163276176021,0.0601900890892697,0.0632163416320654,98,97,-25.3028867959154,0.00471319938179482
"mantequilla",580.43054993784,559.415419752707,-0.497224036825399,-0.430834466783485,17.3921198873298,18.4923257850956,0.0501979652767494,0.0640590344428672,80,81,-21.015130185133,0.0663895700419143
"manzana",547.101930229599,522.801472441197,-0.633005421214325,-0.624698355039121,16.9860298608262,9.96378299996263,0.053799761348076,0.04284626881449,86,127,-24.3004577884014,0.00830706617520371
"mapa",523.978988350244,537.013338362345,-0.609757234975104,-0.57304371914819,13.4937098407192,10.9253876860124,0.0536191344070825,0.0405999526299089,86,133,13.0343500121012,0.0367135158269143
"mapache",623.969080808749,693.762618423788,-0.200779363716282,0.0226647941400075,12.6756094768751,17.3787448021609,0.0483405337626002,0.0574348697394982,99,152,69.7935376150388,0.223444157856289
"marinero",576.67556249262,606.819557696393,-0.293034966921092,-0.310247876984346,19.6132837544138,17.6440396229015,0.0675159619590227,0.0630091364898095,80,104,30.1439952037729,-0.017212910063254
"martes",460.642032524398,539.496012341306,-0.90105066676898,-0.591963787092198,11.8290816303212,10.6970651440495,0.0349803538061229,0.0396304537558813,123,162,78.8539798169078,0.309086879676782
"martillo",559.993154941417,511.477663476394,-0.460615760032829,-0.586103193022714,14.7530843404173,11.1195543864432,0.0474299592271626,0.0414014504388097,142,104,-48.5154914650231,-0.125487432989885
"masaje",606.939319157371,621.507595245746,-0.417012415983028,-0.377793278088946,21.6929164599568,21.1727343874518,0.0706289655405893,0.0637785538159015,94,84,14.5682760883743,0.0392191378940818
"masticar",555.405569736378,594.805659684893,-0.508820562387193,-0.316639282774496,14.9977808616719,11.5339344843155,0.064182644928784,0.0480501790171769,86,191,39.4000899485151,0.192181279612696
"matar",507.698301873233,524.198125005616,-0.708446091000984,-0.643882308708577,10.9595048547546,17.9991220439357,0.0502796238172917,0.0530108370023298,106,80,16.4998231323833,0.0645637822924062
"matemática",570.052951919025,539.768843345167,-0.504172921477616,-0.571478019755248,15.5030937476473,14.2249910139326,0.0473424524962897,0.0519618974628028,104,83,-30.2841085738585,-0.0673050982776318
"matrimonio",545.99578379385,599.974231712101,-0.590062124970392,-0.352038891670388,14.2279990160522,17.5792172613883,0.0506925713046576,0.0685452023855116,74,82,53.9784479182509,0.238023233300004
"mayonesa",520.506935193844,564.519265041174,-0.615321686933774,-0.444510136223624,11.7099987124171,15.2042672070348,0.0416989280521568,0.0634026941551837,108,83,44.0123298473299,0.17081155071015
"mecer",661.501049991098,826.16131342326,0.00916177760032376,0.558762662815064,34.4212704042419,33.1235655600279,0.152717267163199,0.123695900673718,40,67,164.660263432161,0.549600885214741
"mecánico",530.756979031205,546.94715253727,-0.594809872047706,-0.489906590499778,11.6012862019106,12.1563851689005,0.0437502172396204,0.043616770576058,143,118,16.190173506065,0.104903281547928
"medalla",515.167901101796,583.655854537328,-0.521185213207591,-0.382439042434064,18.0245765776219,16.8450970741292,0.0606473446596916,0.0542933511733597,91,110,68.4879534355322,0.138746170773527
"medallón",655.598074078418,617.30108438583,-0.178441624270928,-0.245236525031384,26.7453070422743,23.8297561063118,0.0716242969631615,0.0814178851877465,108,83,-38.2969896925885,-0.0667949007604558
"mediodía",564.14412794834,598.64326563394,-0.493507875161388,-0.345932256458144,19.8579160934393,15.5974892556797,0.0611847660071437,0.0505862528096541,86,128,34.4991376856005,0.147575618703244
"mejilla",620.04345883518,570.920133920558,-0.356172235364113,-0.300474113712394,23.1716035020035,15.1545558403629,0.0677756501497411,0.0588273770729604,85,112,-49.123324914622,0.0556981216517186
"mejora",573.683449984449,560.965088603829,-0.500421403324039,-0.477338268353152,17.3853487830666,20.3861966083503,0.0595787373509925,0.0772497994495652,100,79,-12.7183613806206,0.0230831349708873
"menos",552.511269227203,527.8201599791,-0.624779013242922,-0.551424070834504,23.1221260642254,16.5549557375133,0.0692952677766731,0.0647311907448431,78,75,-24.6911092481035,0.0733549424084176
"mensaje",542.214608352145,533.285289481949,-0.582328653825204,-0.573968145278585,13.2405160576241,16.7645054773465,0.049401888982151,0.0589895701383083,120,114,-8.92931887019665,0.00836050854661952
"mentiroso",527.980352265477,579.009047644621,-0.603551283369215,-0.496846006135744,15.2487131537133,18.365914930536,0.0584265674083667,0.04903876432859,88,105,51.0286953791441,0.106705277233471
"mercantil",656.575662785078,658.903738460298,-0.00312719385806336,-0.0348937744462037,19.6923635678553,16.629995045411,0.0743364766431569,0.0548836232149542,86,130,2.32807567522013,-0.0317665805881404
"metal",535.479513266285,543.353803941699,-0.516222737133094,-0.461015979968163,14.6615949728387,14.3885842171581,0.0460921747683452,0.0551283631321502,113,102,7.87429067541404,0.0552067571649305
"metro",530.003257555278,566.234817056153,-0.635173023915257,-0.335936049327702,13.375376641528,18.2617036924114,0.0416887243697737,0.0815383150843346,132,82,36.2315595008754,0.299236974587556
"mezcla",544.332487175977,617.724699110724,-0.420256087265771,-0.311272048265884,15.0877082066438,19.7451555821377,0.0708877118820799,0.0647729190710101,78,113,73.392211934747,0.108984038999887
"microscopio",572.055083898597,628.877472443742,-0.43947261693788,-0.0880571553896263,11.742811569426,17.4691683249012,0.04119961933301,0.0541091281839045,143,127,56.8223885451448,0.351415461548254
"micrófono",558.790273811592,562.305193179277,-0.396871560902808,-0.536264341716739,14.423679578514,16.3816686734174,0.0616162339950068,0.0491578238109278,84,88,3.51491936768434,-0.139392780813931
"miedo",532.645187466145,510.328778843209,-0.697224877464012,-0.701787174646134,19.630747851753,14.4028986481826,0.0605171799228007,0.0521822739856494,80,104,-22.316408622936,-0.00456229718212287
"militar",529.643846954863,569.550971012728,-0.642897937697543,-0.481204848759292,15.9548271027676,17.678914745967,0.0490856523555597,0.054709875557924,98,69,39.9071240578645,0.16169308893825
"ministerio",586.903772373348,555.283385339894,-0.420186699160085,-0.420687110762723,14.5269061552518,14.2656113550096,0.0483668541212244,0.0600260485715309,123,109,-31.6203870334531,-0.000500411602637862
"ministro",583.987000015548,589.850902463337,-0.410534727457213,-0.226914867374004,17.5625330778422,17.8185286192257,0.066075174222635,0.0731390838686441,113,82,5.8639024477892,0.183619860083209
"minuto",511.010537732926,566.659675319831,-0.684167650354904,-0.55718909580202,13.7665331361033,24.3523145768046,0.0495214308060182,0.0660971202807787,106,77,55.6491375869051,0.126978554552884
"miseria",623.437573762377,625.518810006354,-0.351510749585803,-0.303233524989335,37.6910689513167,19.2936631547783,0.0926159460442159,0.0568323326111439,61,100,2.08123624397672,0.0482772245964678
"misericordia",680.689937493623,813.948087768721,0.102736138662314,0.395301979880335,17.0576084862866,39.2836519624106,0.0619407103231259,0.104445416595755,80,57,133.258150275098,0.292565841218021
"misil",593.764418378824,660.329701603495,-0.284517954479251,-0.111838432977285,14.960319378925,15.1129454063184,0.0573993527996762,0.0521791891939899,98,124,66.5652832246717,0.172679521501967
"misión",525.86858333315,535.809959981224,-0.64224603070191,-0.567203779822302,18.1398631769407,11.0174061079903,0.0583540415416865,0.0379542284226564,72,125,9.9413766480742,0.0750422508796084
"misterio",559.842036058884,550.358356353049,-0.499447510369594,-0.555051470507792,16.7842057840325,21.6845545649421,0.0540991447134747,0.053753740074606,111,87,-9.48367970583547,-0.0556039601381978
"mochila",502.736282590952,537.863299975764,-0.59586799739206,-0.565215172585483,12.8309608975112,13.7768219648975,0.0487102693610449,0.0546408147640195,92,80,35.1270173848124,0.0306528248065772
"modesto",585.797756749546,598.980718756105,-0.388312657396618,-0.236840825154097,13.3359710494999,17.2049990457713,0.0436791354905762,0.0669360190013498,148,96,13.1829620065588,0.15147183224252
"mojado",544.922128581648,582.36499237233,-0.392734420600592,-0.393404129557894,14.1068360363875,13.8812743007386,0.0693967055274537,0.0532964215888026,70,131,37.4428637906814,-0.000669708957301673
"molestar",535.271265059057,563.883093737771,-0.613224760930192,-0.492397197550324,17.7803767237815,18.6113993838988,0.0612062395192233,0.0623347413513319,83,96,28.6118286787141,0.120827563379868
"monasterio",709.296064912433,720.778083364396,0.10924221506788,0.0947158445544342,21.8854204349347,26.5691764150364,0.0715538052705302,0.0740266345337996,77,108,11.4820184519634,-0.0145263705134461
"monitor",581.279809209511,575.46372530891,-0.471517161395341,-0.432439401496539,18.0053641024792,15.6572128302082,0.0571183303105826,0.0566592725074367,152,91,-5.81608390060046,0.0390777598988024
"montaña",527.449546660693,530.868820304928,-0.608492950146558,-0.639202926927281,18.8111785152033,14.7796193242592,0.0629460740748861,0.0481432712860418,75,128,3.41927364423475,-0.0307099767807232
"morfina",578.679327130527,707.877372102262,-0.208014546922093,0.0957774940632605,15.0065820220398,24.9000143486834,0.0613611009280986,0.0760872841856264,107,86,129.198044971735,0.303792040985353
"morir",517.430473684962,524.400622081882,-0.735239144440586,-0.596011388209656,14.0865077499384,12.9531686992152,0.0430844165753373,0.0434012803975369,95,127,6.97014839691985,0.139227756230931
"motel",521.353156631635,599.846763868011,-0.608245070649973,-0.231269455152203,19.9255426252107,24.2756924966711,0.0791866633193387,0.0971132283084693,83,72,78.4936072363768,0.37697561549777
"motor",542.585482784153,492.763391758764,-0.519494712382924,-0.723420624948376,12.8220477681208,13.4169153039121,0.0493833755210576,0.0513146640108089,87,97,-49.8220910253892,-0.203925912565452
"muerto",499.068380952702,520.346263160919,-0.74001124378848,-0.592641185347055,15.1837037759218,10.2766882713883,0.0455658194341236,0.0470660871270954,84,133,21.2778822082171,0.147370058441424
"mujer",482.605281661407,502.706421024316,-0.803128529819645,-0.74492913392966,12.5369373567606,16.912261739337,0.0430010875415642,0.0685358155364064,71,76,20.101139362909,0.0581993958899846
"mundo",496.615690902172,521.711494941348,-0.653110841930693,-0.513123062848429,15.9479390025354,11.5460655967818,0.0637769068771516,0.0551573582923194,110,99,25.0958040391765,0.139987779082264
"museo",556.2360430211,569.707206535633,-0.442113723903918,-0.47453984067102,15.8629101728489,14.8996863050201,0.0551255148062576,0.0634215359789787,93,92,13.471163514533,-0.032426116767102
"mutación",613.718214302124,626.837150011152,-0.292423864078268,-0.110848641335569,20.8785329723334,13.6887522307914,0.0788158488379815,0.054870526439808,70,140,13.1189357090279,0.181575222742699
"muy",562.524980578214,560.512571425721,-0.503755282462475,-0.450354057565806,12.7299753670831,16.1694537419775,0.0429601890496247,0.0581284390266354,103,119,-2.01240915249264,0.0534012248966685
"máquina",555.969495792292,501.17201368305,-0.463836806749138,-0.733760001972075,13.7803968351873,15.6663025613658,0.0588013399065509,0.0602443253319554,119,73,-54.7974821092425,-0.269923195222937
"márketing",614.239103885806,718.337611116418,-0.24941084995838,0.109482075724973,18.8333522315634,24.9373397821564,0.0633918742222088,0.0861860847534924,77,72,104.098507230612,0.358892925683353
"máximo",481.548023514917,499.724152930156,-0.77752770267537,-0.72879152468527,13.3881275416238,16.769807837452,0.0510334141317219,0.0559958355002165,85,85,18.1761294152389,0.0487361779901001
"médico",528.39548279007,535.434295471943,-0.689336906741095,-0.668265902846451,18.7526903035178,15.5346803188027,0.0602682047741648,0.0466614747389415,87,88,7.03881268187297,0.0210710038946443
"músculo",548.364986825464,575.321129319595,-0.640723350291399,-0.478347013681321,26.7197910729874,17.0152323986391,0.0623823001704132,0.0550246655850574,76,116,26.9561424941309,0.162376336610078
"música",555.643813327625,498.04667605587,-0.603417385037995,-0.66965686520782,19.3946139570249,9.83890442519867,0.0670361999394122,0.0438022482490484,75,142,-57.597137271755,-0.0662394801698254
"músico",518.005672705181,562.578313127022,-0.71235923888336,-0.468981115807518,15.3176952573705,20.1724240479178,0.0472477359274426,0.0679195360725282,110,99,44.5726404218411,0.243378123075842
"nación",527.2074949447,570.65213580231,-0.512030651246813,-0.443176874791306,12.8955235286365,20.8639198549196,0.0554379833148586,0.0797875224418536,99,81,43.4446408576107,0.068853776455507
"nadar",554.056361105708,613.772538405436,-0.507847524955838,-0.356679869854265,15.8693591067491,36.5136281367429,0.0583511601406085,0.0855412389968507,108,65,59.7161772997275,0.151167655101573
"naranja",477.001186990582,549.612970599866,-0.73309479891915,-0.519740879864672,11.3405413256121,19.3459991958011,0.0475691586235729,0.0719367513440577,123,102,72.6117836092841,0.213353919054478
"nariz",502.540149422213,540.662257133657,-0.684997608374118,-0.585384607818387,12.1568779514853,17.2497739199562,0.0482617518996499,0.0544886825899236,87,105,38.1221077114445,0.0996130005557309
"naval",636.309058826416,636.601015398939,-0.22357301599911,-0.253325601497773,21.8244294893694,24.609893251162,0.0761688504192343,0.084075449960451,102,65,0.291956572523304,-0.029752585498663
"necesitar",535.384775297235,563.20270491746,-0.565409031049039,-0.45478709482118,15.6067739454532,14.5546160303197,0.0545287537761779,0.0542778578351098,89,122,27.8179296202254,0.110621936227859
"negativo",528.915341147398,530.50163718012,-0.616478204874693,-0.601762534096799,16.1499355873874,11.6419432256624,0.06930745081823,0.0458274671013643,85,113,1.58629603272163,0.0147156707778938
"negocio",575.551252338339,526.793538464565,-0.377270092709734,-0.509029214890549,15.6665249226408,17.4487426013704,0.0613286375926603,0.0594981189360602,107,78,-48.7577138737742,-0.131759122180814
"negro",488.537892564757,564.966977021416,-0.788290160892983,-0.51908835254922,13.5905774244573,21.1626469048032,0.0471934989176499,0.074678883277364,121,87,76.4290844566584,0.269201808343763
"nervioso",528.750481487846,529.390383730433,-0.578591531862727,-0.598396673135756,13.0513905294544,15.4776096949314,0.0548445728741846,0.0536201008462819,81,86,0.639902242586459,-0.0198051412730289
"niebla",565.44380520277,594.875532443748,-0.485481343054848,-0.383695981419988,16.5883255840586,23.2267036796587,0.0659433486789902,0.0623153587356655,77,77,29.4317272409777,0.10178536163486
"nieve",544.237769234689,530.923394707389,-0.582002413367524,-0.570356069372123,20.5173827057005,14.1990368195625,0.0698513588625919,0.0530652037430089,78,114,-13.3143745273002,0.0116463439954015
"niñas",473.787531234439,545.32790908747,-0.788920869188316,-0.560849340895778,11.5515430061186,17.7428442782561,0.0461290018950317,0.0732737071276605,96,66,71.5403778530316,0.228071528292538
"niño",473.446072314651,487.521039582889,-0.793344045373843,-0.67229690395652,10.5692333190315,12.1837380875065,0.0442173680348584,0.0547774894364218,83,101,14.0749672682377,0.121047141417322
"niño.1",454.950747911047,522.031939760515,-0.914786348836298,-0.666571916800689,8.36890172835724,12.9375164109221,0.0316344528561859,0.0461805034202543,119,83,67.0811918494675,0.248214432035609
"normal",536.07603370385,513.93448797745,-0.678470644053729,-0.646563071973039,25.6752616628157,13.7440466961855,0.0556543973340635,0.0458878384088032,89,125,-22.1415457264004,0.0319075720806898
"norte",464.552181791248,556.137785059087,-0.898972315586553,-0.475471237731795,12.6250463284293,16.5346014007846,0.0500413043049011,0.0593124694197023,77,107,91.5856032678392,0.423501077854758
"notable",546.428095650293,637.72298686244,-0.523016526503663,-0.220394157293866,15.6180363924093,28.5494639821195,0.0525503745135053,0.0754080451485671,115,76,91.2948912121464,0.302622369209796
"notario",588.768638898091,639.253166670455,-0.253617723564071,-0.193156512603791,15.7758095575645,18.2544198661525,0.0652071809048644,0.0645507882484475,108,108,50.4845277723637,0.0604612109602802
"noticias",528.105589738174,526.155658215714,-0.611977317574242,-0.552543008953727,13.1454846370383,12.9835304657868,0.0468272879022143,0.0475835066207974,78,79,-1.94993152246025,0.059434308620515
"novia",464.832611117973,545.453925393769,-0.938668759724641,-0.529924152230391,12.5117879324624,16.1418313530619,0.0423247566497915,0.0593474417354636,90,67,80.6213142757955,0.40874460749425
"nuclear",575.100301110959,569.869768514794,-0.509629534683116,-0.505452817116382,17.386232692907,13.1801242005932,0.0574334633598865,0.0474308222106023,93,108,-5.23053259616415,0.00417671756673443
"náusea",589.384823542413,639.052170200683,-0.363033200345194,-0.00409733904734153,17.1676134433177,13.5312839023584,0.0659619539705312,0.0624393723792403,85,94,49.6673466582699,0.358935861297853
"observar",539.783402166433,550.350930044677,-0.582813307668336,-0.478385367883984,13.9136777018705,12.7700655247169,0.0532568684430671,0.0453823269183463,92,100,10.5675278782439,0.104427939784352
"obviamente",533.067216873815,607.39746155565,-0.569236650012332,-0.355780480832258,17.5520678221788,22.111514867986,0.0607418738163205,0.0596719107899683,83,91,74.3302446818349,0.213456169180073
"occidental",627.071457446835,597.910969709982,-0.250408713494982,-0.329429386869572,19.7114195950291,13.0886082546776,0.0655272492666608,0.0513910595377781,94,132,-29.1604877368521,-0.0790206733745893
"octubre",501.815545433821,581.017043471376,-0.672467716483968,-0.469656042921881,11.3280580027548,17.2507849795256,0.0438314203351647,0.0521885299351483,132,115,79.2014980375553,0.202811673562087
"océano",505.165499972389,536.549198163437,-0.717917570395627,-0.622327889309682,12.179132353405,13.510108932882,0.0461670113663493,0.048395708277463,96,111,31.3836981910472,0.0955896810859453
"ofender",519.564054334075,589.254945309338,-0.628976745131646,-0.333710928350666,15.8323625099613,13.9240347342179,0.0570716910192841,0.0521459737016826,92,128,69.6908909752627,0.29526581678098
"oficial",513.865481469279,613.535236370352,-0.585967236217948,-0.375921829947099,13.2397358994949,18.5450722595231,0.0591273692866754,0.0555820459073653,81,110,99.669754901073,0.210045406270849
"oficina",522.766834949355,525.251373479212,-0.591546594369606,-0.562572235492166,16.5572970198692,16.4749596250621,0.0669718941434986,0.0649925103651906,103,83,2.48453852985722,0.0289743588774404
"olfato",588.485852267943,579.646714285051,-0.378997812098075,-0.259690258754221,16.9173477410715,14.4066462838368,0.0567722387120069,0.0514389008683996,88,105,-8.839137982892,0.119307553343854
"opción",549.41888976227,591.605925913707,-0.44479646514424,-0.346309195089176,13.6045327528649,18.9330063516573,0.0627763503014585,0.0724763288917659,127,81,42.1870361514373,0.0984872700550635
"oración",556.33901868522,563.288476827455,-0.441055769212099,-0.445328213877497,15.3802568008374,12.5867394103291,0.0609679380968589,0.044414767231601,107,151,6.94945814223513,-0.00427244466539833
"oreja",524.113545479258,533.984785041492,-0.678867558281669,-0.574345965757304,12.4613711882916,17.8565829750605,0.0462120903470774,0.0561009911338008,110,107,9.87123956223468,0.104521592524365
"organizar",565.580187498969,587.8077945438,-0.530720383111373,-0.404557988650752,19.9278032865917,21.9442681671656,0.0528090482435337,0.0691499578434939,80,73,22.2276070448305,0.126162394460621
"orina",517.781348309695,563.055021262125,-0.581460984814956,-0.447962882909979,16.9805955926158,12.8465358611602,0.0663003168851533,0.0441521661059663,89,94,45.2736729524304,0.133498101904976
"oscuro",525.948718458226,541.237702966873,-0.577512813054819,-0.573183109226755,15.7017485150923,15.8420931548457,0.0538191151066376,0.0559032952805502,103,101,15.2889845086477,0.00432970382806397
"otoño",530.386748200782,523.44883018151,-0.625610594179464,-0.428025722796899,10.9059779428354,10.8015886963422,0.0488862801772348,0.0641116933127971,139,106,-6.93791801927205,0.197584871382565
"oxígeno",514.70466666293,516.933534517798,-0.639530546343921,-0.563050844354795,16.9788327345423,10.7859008486063,0.0501431130188338,0.044979566212315,87,116,2.22886785486719,0.0764797019891251
"padre",484.305047611936,529.241089280655,-0.860244821580605,-0.613809713833041,13.4189524559709,17.4507653451395,0.0468596838999278,0.0602687418391258,105,56,44.9360416687187,0.246435107747563
"panceta",592.379730343664,648.088260506103,-0.368313140408805,-0.00307875768373995,18.4941795473298,19.5727564593585,0.0672945800523567,0.0658876649481461,89,119,55.7085301624386,0.365234382725065
"papá",507.015376252224,529.406941744509,-0.770505558859602,-0.591534805360227,15.7963473902255,13.3608881122219,0.0566207498189326,0.0548225590942848,101,103,22.3915654922853,0.178970753499375
"paquete",563.549115403119,572.817579573164,-0.527706037998389,-0.466851129662063,16.1981237861653,21.4561784649048,0.0507536552060382,0.0657354617029068,104,88,9.26846417004515,0.0608549083363263
"paranormal",579.390703306886,649.056920462926,-0.396858996979192,-0.11563226725409,16.2039953072041,19.5211912646464,0.0580591839220104,0.0659267023410005,91,88,69.6662171560399,0.281226729725103
"partido",494.835858482728,602.32190321327,-0.635823634127313,-0.403894890972468,10.1392378024293,22.1180225732568,0.046618847225631,0.0605784178221261,106,93,107.486044730542,0.231928743154845
"partícula",583.148273801558,600.231726140329,-0.297784304736037,-0.341115229763252,21.3835606131937,19.3963545606295,0.0850713851893697,0.0703348313254585,84,84,17.0834523387712,-0.0433309250272144
"pasado",532.706175926406,537.98823968391,-0.604204305963856,-0.568536533308427,17.392802326591,12.1733310276194,0.0505644900616819,0.0470333953671982,108,121,5.28206375750347,0.035667772655429
"pasaporte",613.082860477892,585.032739119348,-0.368033322019027,-0.424450363220458,23.4119569393642,19.5476761464916,0.0656088024706527,0.0536480209638979,86,115,-28.0501213585438,-0.0564170412014309
"pasear",514.105323227406,609.252583329547,-0.707674838520153,-0.210752936266935,13.163149865806,17.2418829224521,0.0351640347549797,0.0708113625271551,99,84,95.1472601021413,0.496921902253218
"pasión",523.955030009429,532.028515149521,-0.686899499931565,-0.544424849047768,11.0381176068067,15.4948574728795,0.0397412583703486,0.0562276619611683,100,99,8.07348514009186,0.142474650883797
"pastel",528.885156617014,556.699616158739,-0.701927155878283,-0.440929613398393,12.596991229227,15.7580809912619,0.0376684416514173,0.066015752499251,166,99,27.8144595417247,0.260997542479891
"pato",525.695556409904,557.799594839645,-0.631478243523452,-0.461048988487427,11.3864446649038,16.1169458224294,0.0417321267728089,0.0592528271892173,133,116,32.1040384297409,0.170429255036025
"patrulla",612.850357121771,696.53802564688,-0.149814994965452,-0.00357775544061222,21.1927455097177,24.3239946951327,0.078404919668147,0.0788111812771914,84,78,83.6876685251091,0.146237239524839
"patrón",554.321962973994,516.079893636965,-0.556853352832777,-0.598436484893783,12.0958971650918,12.7309228909266,0.0533217464483292,0.0446557713986208,108,94,-38.2420693370284,-0.0415831320610063
"patético",590.28304492058,631.400606312858,-0.441892186071527,-0.262449301279279,20.6932617991047,18.2603765621367,0.0635053318077632,0.0561916640832845,89,127,41.1175613922773,0.179442884792247
"pavo",499.299946923638,545.186265471049,-0.653880702021644,-0.479954145201364,9.77881737592757,13.8438970373515,0.0414738267270032,0.0508349793715351,113,113,45.8863185474111,0.173926556820279
"pañuelo",556.199636370279,600.53937594132,-0.563270569296448,-0.276999913799708,16.7237128379968,12.8545182860156,0.0463252505148125,0.0529342895809358,99,133,44.3397395710405,0.28627065549674
"pecho",545.297867342246,549.354000008675,-0.537448007906604,-0.590253768787808,16.7474168973701,13.7765083041781,0.0651526486156759,0.0454799060335277,98,106,4.05613266642843,-0.0528057608812044
"pedazo",582.905090160852,641.610705886175,-0.4256863048483,-0.2978918210639,14.7291908512605,34.8001767819121,0.0515860654130203,0.0828608183550664,122,68,58.705615725323,0.1277944837844
"pedido",581.321163450877,647.369628581644,-0.322044006931422,-0.108670409051259,18.2860810937017,16.4344998633662,0.0646783689751012,0.0660218091298987,104,140,66.0484651307669,0.213373597880163
"pedir",500.24722988924,544.130007303753,-0.640243262211418,-0.601373992940503,12.717800318632,15.8173252694235,0.048147729119788,0.0556202668904136,87,137,43.8827774145125,0.0388692692709149
"pegar",534.49491139634,530.520178931509,-0.625420453845467,-0.610711763620437,21.5588228051669,15.0182346562653,0.0733801135711369,0.0574369731418823,79,95,-3.9747324648315,0.0147086902250302
"pelea",549.580886078546,539.305314282391,-0.523849070624137,-0.499088433685449,15.1865430612651,18.6591191038214,0.0613991897997959,0.0670196070810349,79,105,-10.2755717961555,0.024760636938688
"peligro",525.072009803302,523.819647597654,-0.646709734296137,-0.605817558128834,14.8416579752345,13.9420542803305,0.0534828340873674,0.0556810592595168,102,105,-1.25236220564784,0.0408921761673035
"peligroso",500.016014708583,537.946014812088,-0.679895147539415,-0.542518595504299,10.5632160712597,10.6358014928932,0.0388779183590455,0.0464119555454749,136,135,37.9300001035043,0.137376552035116
"película",513.489472722482,531.176135704216,-0.668816559864088,-0.64300732670342,10.457964010484,10.8327194441977,0.0354281046099273,0.0376880057637784,110,140,17.6866629817338,0.0258092331606684
"pene",521.404108112258,575.207386119268,-0.619700598345281,-0.353626342866568,11.9942935803524,20.3148885100432,0.053648266684506,0.0796873883693,74,101,53.8032780070104,0.266074255478713
"pensar",544.548619063113,571.254828924493,-0.619863545953613,-0.546930427453965,18.2138218467264,22.7835405603597,0.0592380934427574,0.0750319924966408,84,76,26.7062098613806,0.0729331184996479
"pequeño",516.15234883102,565.214373484014,-0.681466140365448,-0.477530125086633,11.8432338592584,19.8055640549778,0.0522432911058201,0.0657825094219466,86,83,49.0620246529945,0.203936015278814
"perfecto",500.424413746712,523.753670437701,-0.674095131837314,-0.62613984075651,13.5292001036162,19.6220365204572,0.058377569340502,0.0611528071498271,87,88,23.3292566909892,0.0479552910808037
"perfume",552.287361116341,543.988731705175,-0.576414971245804,-0.555386296037399,17.4780911283791,13.714350814411,0.0560560064614512,0.0529794567915725,108,82,-8.29862941116642,0.0210286752084053
"periodista",533.376450378645,572.784813567922,-0.579682229244328,-0.465838834084892,11.4464414676569,14.6562827582813,0.0412823936716451,0.0506513107070298,131,118,39.4083631892767,0.113843395159436
"periódico",630.131708732668,534.415641983875,-0.315622273783454,-0.547180018978553,23.5660698227058,16.949194995084,0.0641201492969276,0.0649686451689502,103,81,-95.7160667487929,-0.231557745195099
"permanecer",547.96039326139,604.078157898829,-0.43647248467699,-0.16348896304207,14.7977576920813,15.1419331811582,0.0614146125647403,0.0613412199366673,89,76,56.1177646374391,0.27298352163492
"perseguir",605.225280930995,639.315177776367,-0.400565504888548,-0.256742602977577,21.2842158374442,25.7527497315465,0.0607311136272284,0.0738639673040228,89,90,34.0898968453719,0.143822901910971
"personalidad",533.441169659836,556.76845743703,-0.497741241054099,-0.434277028111351,16.7830895133506,15.877127910635,0.0544458750839003,0.0627701824389684,112,94,23.3272877771941,0.0634642129427475
"perspectiva",591.2321604925,667.700172041874,-0.319321675327171,-0.125289950171462,18.1276310715215,24.7723944950471,0.0564037449843788,0.059352352703861,81,93,76.4680115493742,0.194031725155709
"perímetro",624.468638875847,665.666590905866,-0.231257258453289,-0.0924947005328086,20.8575552521497,21.8044878937948,0.0821888238610581,0.0657053476527938,72,110,41.1979520300191,0.13876255792048
"período",559.476673471193,586.759583341195,-0.44832461882958,-0.368597539823137,19.4240154854213,18.044680261266,0.0670823334132462,0.077510614548787,98,84,27.2829098700022,0.0797270790064427
"pesadamente",726.732779637962,764.715262137453,0.154835366992765,0.336383241053847,26.450624510742,19.8384203462673,0.0761526060968258,0.0668561667393135,118,103,37.9824824994914,0.181547874061082
"pesca",505.85318181552,570.336309544787,-0.67653873436374,-0.463593039592305,12.2326267178885,17.0950047358476,0.0496892190972026,0.0759208989003608,77,84,64.4831277292675,0.212945694771436
"petróleo",561.439206343956,556.278354838825,-0.384287820534962,-0.409458370254217,11.0941260517284,12.6000821014963,0.0442571955565401,0.0568128325724941,126,93,-5.16085150513038,-0.0251705497192545
"pez",491.795578437978,543.789898985205,-0.63339136188578,-0.50187426291084,11.871501906358,17.0857708907036,0.05967001152295,0.0630359122553222,102,99,51.9943205472272,0.13151709897494
"piedra",507.74674998948,538.277765215642,-0.70380533365184,-0.509733703618217,15.6359660103373,15.9241293203329,0.0526030116762347,0.0589682517121394,128,115,30.5310152261614,0.194071630033623
"piloto",514.398058083082,582.346757044245,-0.640127448536088,-0.355372033784013,10.9762691273884,20.80498889509,0.0366911330111381,0.0729233178111547,155,107,67.9486989611624,0.284755414752074
"pintor",541.947411118577,556.796048784812,-0.588299795042429,-0.500024507886602,15.8557484516072,17.5735597543602,0.0552803776444167,0.0604957748017608,90,82,14.8486376662356,0.088275287155827
"pistola",547.142173922371,577.570271641374,-0.550972224910457,-0.440703294173765,12.8879360802919,18.3749345566311,0.0508505802790755,0.0570077463078959,115,81,30.4280977190024,0.110268930736692
"planificación",618.589475029775,626.65994443714,-0.303844338439652,-0.239024592266178,26.0182297555812,20.5167119667758,0.0750906394100141,0.0726135707024022,80,72,8.07046940736575,0.0648197461734741
"plata",478.549219866578,525.185787021757,-0.889865880152409,-0.660086396865154,9.55408239908046,14.4581636636265,0.0387542375131414,0.0512762440039649,141,108,46.6365671551784,0.229779483287254
"plato",592.859124997042,502.924363631808,-0.427639379283306,-0.651975280508692,19.4916613925941,12.522305757203,0.061766326311074,0.0603756215172752,112,99,-89.9347613652335,-0.224335901225386
"plausible",792.02903530109,721.042984867541,0.255799217538958,0.190657369566772,29.1748660243659,27.3851128575079,0.0916269785528527,0.0961130442230478,85,66,-70.9860504335483,-0.0651418479721864
"plástico",537.679656720128,565.580287138674,-0.582365268865694,-0.486249622066443,10.8642691427632,16.0685449634223,0.0430237982268274,0.053945267469571,134,101,27.900630418546,0.0961156467992506
"poblado",532.210296975023,622.06514286005,-0.469688210397717,-0.262219330760064,11.205363757649,23.1954712241252,0.0500148761120524,0.0723291747144952,165,91,89.8548458850274,0.207468879637654
"poema",522.211872344197,574.14071427896,-0.447517331817032,-0.434507853767578,10.8581463844766,14.1695667155785,0.0538352138818,0.0518844466102618,94,105,51.9288419347629,0.0130094780494539
"polvo",560.77233707558,503.673208335532,-0.446302331666824,-0.742447100173119,20.0882791859653,13.517892451317,0.0777693088353685,0.0423645960917896,89,120,-57.0991287400485,-0.296144768506295
"polvoriento",699.099936707156,773.503910241244,0.14576763374919,0.30039735968469,22.2029145185261,27.1838129191453,0.0729955942431993,0.0862414955318489,79,78,74.4039735340876,0.1546297259355
"política",504.225297629936,536.648032262065,-0.657865182238527,-0.5542574268935,10.6643987732658,18.3753609367963,0.0459793415581808,0.056669290644726,84,93,32.4227346321296,0.103607755345027
"políticamente",557.542566027982,671.846310826271,-0.507768519359813,-0.0796176406777474,18.1814696904221,25.1132097959234,0.0510931809046345,0.0832227151425462,106,74,114.303744798289,0.428150878682065
"político",489.862344829674,530.945156604034,-0.705562595879461,-0.609325602492091,12.9625312048892,11.0888637519515,0.0523166332263764,0.0446305040059175,116,83,41.0828117743601,0.0962369933873698
"poner",537.02001134514,569.390282049109,-0.590716460981387,-0.520500685804527,18.2319596948321,16.706081088655,0.0615371987944548,0.0619520329574894,88,78,32.3702707039682,0.0702157751768597
"posibilidad",546.154958767794,635.716311835123,-0.591482636254921,-0.245643945579892,15.3702507702102,20.2016428932092,0.0503968952984421,0.0622908729171424,97,93,89.5613530673287,0.345838690675029
"posición",621.320663156411,582.90642251454,-0.226568470416557,-0.441325258393994,19.3726450859942,25.4605150473227,0.0710716031942661,0.0652269092028536,95,71,-38.4142406418713,-0.214756787977437
"precio",530.49225716509,558.335426746265,-0.605579805853522,-0.532212218128749,19.0252170189234,15.6444598384367,0.0609498491824747,0.048422419554345,70,157,27.8431695811755,0.0733675877247733
"premio",594.440887652126,505.392464907542,-0.44418086018344,-0.588531686044193,19.9782234994873,10.260488115877,0.0654691920871974,0.0425868974448895,89,114,-89.0484227445843,-0.144350825860753
"preparado",576.106189488631,611.565551694882,-0.350087023783008,-0.317397275313695,20.4199432068155,22.952815841546,0.0650559046605124,0.0678520679427762,95,87,35.4593622062517,0.0326897484693134
"presidente",547.58117611936,560.928233779541,-0.594385719977489,-0.41936994228621,11.5325766115661,14.4484294867657,0.0379889232661015,0.0547932589884692,176,77,13.3470576601812,0.17501577769128
"presión",542.388956505031,546.876255039574,-0.553976635604452,-0.477924012418652,17.5511968275603,14.3480554071001,0.0556024709056539,0.0551994737435567,92,149,4.48729853454336,0.0760526231858001
"primario",538.398261545131,552.274692977213,-0.572170228197359,-0.489455320033338,16.1813414090677,16.9303614045768,0.0554843944608961,0.056129325470945,130,114,13.8764314320819,0.0827149081640209
"primo",519.305780709194,528.28269738992,-0.591682425160412,-0.633531834480875,10.6237485056117,17.9585032910826,0.0463989227839358,0.0606128042334952,114,76,8.97691668072628,-0.041849409320463
"prisionero",596.375735658274,640.902204551568,-0.339043634278403,-0.226988659275498,17.6491230615712,22.5559569364824,0.0590682731388863,0.0694682815771444,87,88,44.526468893294,0.112054975002905
"prisión",538.547420555998,641.227886607428,-0.594006552773258,-0.215205426099254,19.5263554847377,22.3859259193154,0.0537056999954641,0.0774439247516682,107,97,102.68046605143,0.378801126674004
"probable",561.998183100011,564.009793442182,-0.402139104085785,-0.384814922933307,23.5971495216188,16.0004703567658,0.0762231999326297,0.0650314739086182,71,92,2.01161034217102,0.0173241811524788
"probablemente",573.735982451336,625.173874987308,-0.391599830173603,-0.200669268169285,12.7433214955482,19.0283084629441,0.0431793533344245,0.0749165067957177,114,88,51.4378925359712,0.190930562004318
"probar",555.25807824458,531.299676487421,-0.50478421172684,-0.674347769833911,18.3017765753828,18.3776667905679,0.0574428659688989,0.0524071594545121,115,68,-23.9584017571592,-0.169563558107071
"problema",558.479153844246,543.015333330904,-0.531562828281906,-0.58905880184427,16.6199624951585,17.6796218539619,0.05680170276845,0.0527681549734984,104,99,-15.4638205133424,-0.0574959735623637
"procedimiento",638.110196419675,640.66311688363,-0.292584712110165,-0.0577068551819618,15.4564109898632,13.8764086096157,0.0426513050549147,0.0473927708854338,168,154,2.55292046395516,0.234877856928204
"producción",555.971409640116,639.159000016648,-0.389256523413857,-0.187651203328344,17.8956656406993,30.388707620395,0.0654360123813743,0.0748730105077975,83,73,83.1875903765318,0.201605320085512
"producir",524.704310314902,569.25416669143,-0.537463261444905,-0.296159932526484,12.3148166149028,18.1225111758783,0.0551523448166089,0.0767354479554721,87,96,44.5498563765283,0.241303328918421
"producto",517.931525917756,512.56741508448,-0.625386797021963,-0.634582612272796,11.302689075426,12.1555863268672,0.0435228690866706,0.0450927803799379,135,106,-5.36411083327584,-0.00919581525083346
"profesional",573.180392855432,570.892089095144,-0.492964363075862,-0.511439622167049,19.0148443325613,17.7598817942965,0.0528822234581058,0.0586192992234985,84,101,-2.28830376028748,-0.0184752590911875
"profesor",519.8662745043,551.472654874834,-0.599941111814807,-0.543579224836699,12.739546870891,16.0293799122311,0.0519886968801062,0.0483062067181447,102,113,31.6063803705343,0.0563618869781086
"progenitor",671.060121211316,629.392602602924,-0.00722293240259758,-0.208119673914795,19.4108328711483,18.3075468448083,0.072224622436932,0.0644306466702446,99,78,-41.6675186083916,-0.200896741512197
"programa",534.205779401738,590.169973221671,-0.614630901669079,-0.472816851053734,18.4163604746353,19.026491615174,0.0504527422078033,0.0570790424062907,68,112,55.9641938199325,0.141814050615345
"promesa",539.210543467722,516.221609182375,-0.61291493007754,-0.519727905305532,12.2846902945654,13.0598135897572,0.0421009194893918,0.0552190647380382,138,87,-22.9889342853464,0.0931870247720085
"promesa.1",513.171134832753,557.935655166274,-0.651292919216537,-0.428539218745586,18.4258536070009,19.2045254026252,0.0621237516012439,0.0676564605489909,89,87,44.7645203335211,0.222753700470951
"propietario",582.886598289187,662.536569224028,-0.359157139038759,-0.257464925214531,13.6879138449135,29.8652088317236,0.0493634613594822,0.0705485623080582,117,65,79.649970934841,0.101692213824228
"proporcionar",627.367105257457,672.944678315168,-0.109722198852389,-0.057436766450524,20.4302949350911,21.1364763151584,0.0806246911247382,0.0569105105966359,76,143,45.5775730577117,0.0522854324018651
"protocolo",620.969394495925,635.990043480264,-0.188791530953324,-0.221034509820125,18.7755870968363,19.3603994167157,0.0629979043880133,0.0706875385948485,109,69,15.0206489843388,-0.0322429788668012
"prototipo",620.567805193463,646.307839736516,-0.269830084575457,-0.206802791186546,21.6883878031534,16.4766580293744,0.0707054807705725,0.0498730155078982,77,156,25.7400345430534,0.0630272933889109
"prueba",491.581765620884,523.340612878601,-0.796780762849497,-0.591711193218705,8.8002352400136,13.2285008057785,0.041560132306525,0.0416759850413251,128,93,31.7588472577168,0.205069569630792
"prácticamente",590.974907218668,616.493089114774,-0.448313973614143,-0.287995511737951,13.967300942128,16.4490163103428,0.0404254671883357,0.0612186548101851,97,101,25.5181818961058,0.160318461876192
"préstamo",585.565480378658,613.813622224244,-0.416896888366744,-0.314743884057185,21.2089248488227,16.3236952577274,0.0528992654858852,0.057201572708069,102,90,28.2481418455858,0.102153004309559
"príncipe",521.564741394081,545.428194042513,-0.684795426138892,-0.545539072997984,13.8875684310861,12.4022047275429,0.045709245151547,0.0443641952071767,116,134,23.8634526484317,0.139256353140907
"psicología",558.214312925463,586.688013719174,-0.472575935342333,-0.424927654752162,14.6388819492126,17.6549768354039,0.0469965218378895,0.049744630568303,147,73,28.473700793711,0.0476482805901713
"psicológico",600.057779983719,620.934321064488,-0.297780685081548,-0.31697353964236,14.2328661343748,16.6453721460268,0.0505605984612778,0.0491585202394495,150,109,20.8765410807691,-0.0191928545608124
"pueblo",529.014938276486,526.912431611186,-0.657286166823824,-0.588753517472298,18.9672076471305,15.3622612780674,0.0771576311102783,0.048042572654569,81,95,-2.10250666529987,0.0685326493515264
"puerta",509.428519607438,526.037765142905,-0.66541028518292,-0.633525272444319,12.4799919410885,15.3303884524574,0.0469268597607338,0.0573618454034633,102,132,16.6092455354669,0.0318850127386014
"puerta.1",510.486711124562,522.968880342715,-0.677442870623171,-0.660561211233068,12.7781647950274,11.6416174996959,0.0468579951338983,0.0434310391216519,90,117,12.4821692181523,0.0168816593901033
"puerto",535.308592585481,542.157288012029,-0.601629325841591,-0.581792618317673,17.7614464275354,18.2473546240111,0.0594861374544567,0.0518562075051904,108,125,6.84869542654872,0.0198367075239174
"pulgar",533.652977270336,599.281288738211,-0.521908833585053,-0.323142237158059,14.7465777966973,15.3407128526721,0.0598325978718699,0.0612371595609662,88,142,65.6283114678748,0.198766596426994
"pulsar",523.730672622654,558.784741495088,-0.630544058320444,-0.498175551954814,11.9401414462062,15.5900044368488,0.0390671392796811,0.0559089515863257,168,147,35.0540688724342,0.13236850636563
"pájaro",529.222875016818,536.803270595029,-0.62439257262923,-0.494991281684937,14.6924659447101,15.7634015539591,0.05764887768323,0.066026276222927,88,85,7.5803955782111,0.129401290944292
"párrafo",517.797184881821,575.608020207607,-0.653896977087062,-0.389207062607847,14.9452497785927,15.4887076240735,0.0444385744951044,0.0537510599108897,119,99,57.8108353257858,0.264689914479215
"píldora",614.32538460458,605.559591831904,-0.372055331248651,-0.221258044866174,14.4221516680714,14.8130121932643,0.048254334470626,0.0524260192785808,117,98,-8.76579277267672,0.150797286382476
"póquer",776.263483882468,718.821275863589,0.368753340249361,0.354516736339545,29.7023592535729,23.8095916421729,0.0977456325631969,0.090744795853148,62,87,-57.4422080188789,-0.0142366039098163
"queso",458.723653046328,523.590666676778,-0.828220585027183,-0.627858510289981,8.97915689702647,12.4767673591597,0.0464004390532077,0.0468888209412344,98,90,64.8670136304495,0.200362074737201
"radiación",589.892069771406,607.496311120588,-0.290407709077723,-0.112183359325183,11.5683942878003,17.5372668726631,0.0501839308325195,0.0717971754051754,129,90,17.6042413491815,0.17822434975254
"raramente",617.166409064734,675.778255552247,-0.277166472085831,0.0192652798430718,20.3756053161268,20.6715523035318,0.0620235439972013,0.0676856231334363,88,90,58.611846487513,0.296431751928903
"rata",491.799186665941,530.170017388581,-0.773107068042602,-0.535291612496879,15.1332187489558,13.0283679868351,0.0562570546833552,0.0524369479509011,75,115,38.3708307226406,0.237815455545723
"razonable",610.468257857434,596.050848728984,-0.296578692031425,-0.28672029264543,15.6378823369723,13.2812603967687,0.0497395984868265,0.052585387500318,159,119,-14.4174091284505,0.00985839938599448
"reactor",626.225649978818,603.907333352959,-0.289876206498178,-0.20707192468355,22.3333894014059,20.6236116787156,0.0662198975471883,0.0830962539487994,120,90,-22.3183166258582,0.0828042818146281
"realista",534.070480532469,581.322397728555,-0.660090421284105,-0.481757852455688,14.4208422232693,15.7725723967009,0.0525651350397302,0.0444908201061182,77,88,47.2519171960855,0.178332568828418
"rebajas",575.599117673984,600.553638453065,-0.484548336318324,-0.361742827493591,16.3177352926636,14.8510998351275,0.0495776997088216,0.0549024246629376,85,130,24.9545207790803,0.122805508824733
"reciente",555.204515462428,537.849352938862,-0.507789209112157,-0.572282810881234,17.5806828067772,12.616923836193,0.0646394474235519,0.0445898928519462,97,119,-17.3551625235666,-0.0644936017690769
"recompensa",567.399764679829,603.610680566022,-0.430194444904641,-0.380105461257851,12.8592122565066,15.3355164896559,0.0413532377002965,0.0455779849929861,153,144,36.2109158861924,0.0500889836467904
"recordar",539.411397596678,574.769043872195,-0.539049856107019,-0.506566209827878,17.3880917915804,18.9436585381413,0.0686759091878231,0.0513068340146767,83,114,35.3576462755173,0.0324836462791411
"reducir",517.249793821132,529.277858983238,-0.607738604294137,-0.46499317469332,13.6197520633062,14.4124820432147,0.0581288779020708,0.068274376125631,97,78,12.0280651621055,0.142745429600817
"refugio",581.494237634014,609.277265812248,-0.422113101017605,-0.28747272215365,16.7419140979543,19.912590284262,0.0586787949122828,0.0752956741370442,101,79,27.7830281782348,0.134640378863955
"regalo",564.343710861826,503.891850001534,-0.531260992143092,-0.650361144927943,17.742550207621,10.5910807208678,0.059887773744065,0.0496290882063035,83,120,-60.4518608602917,-0.119100152784851
"regreso",599.40439604634,587.127292133575,-0.474118321726591,-0.425612005486336,24.4288386717572,19.9089862249004,0.0612122072098161,0.0711545614035528,101,89,-12.277103912765,0.0485063162402556
"reino",519.646704537238,535.47175782318,-0.72116198621261,-0.496835084954104,17.1667180813464,14.4549600697836,0.0594932075128315,0.0600213843217137,88,128,15.8250532859421,0.224326901258506
"religión",526.354277771349,522.564840427253,-0.634040530548367,-0.60601828336942,12.6742327381883,13.7883958275862,0.0386791797265132,0.0520144144928982,126,94,-3.78943734409575,0.0280222471789469
"relucir",705.721184980333,750.301619042522,0.0704421348169676,0.126385981383845,21.8404663327927,33.0638984157161,0.0698893916668778,0.100000014145542,173,84,44.5804340621892,0.0559438465668772
"reparar",577.007337670979,584.384341473339,-0.553006886887,-0.416001327040802,29.521321544844,15.9856005211603,0.0583172884538571,0.0560175964891181,77,82,7.3770038023597,0.137005559846199
"repugnante",615.831810327287,781.489999966848,-0.097378975756981,0.343645708683571,15.2474703013832,25.5288191764339,0.061945078553554,0.0679916974094366,116,105,165.658189639561,0.441024684440552
"reputación",578.941639083824,618.577615388089,-0.385331563704813,-0.227485083684731,15.0128683280658,15.1463880956492,0.04616829834818,0.056418574294848,133,104,39.6359763042645,0.157846480020081
"rescate",602.539086011184,579.20285436387,-0.358318163664965,-0.282347927508592,19.3710305960752,20.5936290891073,0.0595491013465318,0.0784106222542843,93,103,-23.3362316473139,0.0759702361563734
"resistir",546.130593986951,576.763022750995,-0.54952758093228,-0.453931599330216,12.3752531435976,14.7452241043132,0.0547357131194494,0.0418700153577533,133,132,30.6324287640442,0.0955959816020642
"respuesta",548.232350002283,576.333056002204,-0.590553524432632,-0.459879979054508,14.2990018461639,14.7628359243433,0.0485842836946895,0.0461795521550649,100,125,28.1007059999214,0.130673545378125
"restaurante",600.815247520538,659.767725285471,-0.332394188556533,-0.0119954897949356,19.8272684461482,20.9236128017444,0.0616372536274536,0.0757741410450604,101,91,58.952477764933,0.320398698761598
"retirar",584.775644543681,573.694656561013,-0.395792786219059,-0.308546773134088,12.4121234620423,15.0712133865899,0.0446058972073909,0.0604076080442626,211,99,-11.0809879826684,0.0872460130849707
"reunirse",625.210924722027,586.020333319083,-0.157668029346118,-0.255033857900434,19.9893980414379,15.2505264207199,0.076543279769975,0.0578299326310284,93,93,-39.1905914029443,-0.0973658285543156
"reunión",563.084284314988,553.923637506115,-0.52934456644185,-0.559384560711085,22.0729940619642,18.57843339386,0.0660674531883995,0.0655373216594734,102,80,-9.16064680887234,-0.0300399942692349
"revista",533.743423739187,541.083927831677,-0.496652836692312,-0.585141594751334,15.5492627071606,14.6780589988555,0.0545949895952804,0.0565435157315277,118,97,7.34050409248982,-0.0884887580590228
"rey",469.484503991672,488.629114575257,-0.808422126209159,-0.773668499113887,10.4555226822914,11.1358450142286,0.0398940087813405,0.0468454455693429,125,96,19.1446105835844,0.0347536270952719
"reír",505.352047059605,510.235662488026,-0.696485314427893,-0.700023586374509,20.2609692282117,14.1329401802706,0.0527387154793926,0.0495564747068188,85,80,4.88361542842046,-0.00353827194661605
"rico",502.606974560322,551.957630428675,-0.729691324587171,-0.503170920604841,12.9593498224303,14.4505324705052,0.0467250867823219,0.0506174952572226,118,138,49.3506558683537,0.226520403982329
"riqueza",578.930344254004,548.667740991533,-0.424764701098685,-0.563115270851669,17.7350011227012,14.9397328093945,0.0553734303361387,0.0477262978650047,122,139,-30.2626032624718,-0.138350569752984
"robar",550.031605256297,543.600870675485,-0.443410975061369,-0.516311760444482,12.3976094680456,16.3158635393345,0.0589242833906483,0.0518678257632472,114,116,-6.43073458081221,-0.0729007853831133
"robo",533.102563360429,561.63115603261,-0.664163132166946,-0.439277375474078,23.3611970224891,15.478620937358,0.0638845276642152,0.0558902513849378,71,141,28.5285926721815,0.224885756692868
"rodilla",556.900614567233,571.534806142232,-0.467918097362361,-0.403798397227285,17.4463030904748,10.7554704787569,0.0635545521575387,0.0567767066063615,96,98,14.6341915749995,0.064119700135076
"romper",547.644452572448,600.580932683335,-0.46348896873412,-0.38565012753411,12.3624689136115,16.0771819430662,0.0504410029176779,0.0541569374288484,137,104,52.9364801108873,0.0778388412000096
"romántico",544.8187157648,556.475447621097,-0.562583777564234,-0.527600893102042,15.3637052486973,18.8046759986521,0.0570260311507721,0.0557648556228142,95,105,11.6567318562968,0.0349828844621918
"rotar",532.208588710692,583.39871829566,-0.581979418558844,-0.266062258203317,13.263859876317,23.1707939601198,0.0507503533283404,0.0755943958415193,124,71,51.1901295849678,0.315917160355526
"rápidamente",554.568152150247,563.562979571445,-0.537091312175091,-0.408477447099629,21.8093129260488,15.4081758884546,0.0636578761814211,0.0474228802163306,92,98,8.99482742119778,0.128613865075463
"rápido",456.665333312932,532.882358693784,-0.873341232969006,-0.659155985957044,9.73167402924663,22.945615631657,0.0335142572650924,0.0551179295156655,123,92,76.2170253808524,0.214185247011961
"saber",551.501812492586,509.77823335394,-0.56387298590326,-0.64377567684868,17.7565867467181,13.8970436247369,0.0510486953194985,0.0583587588306237,96,90,-41.7235791386458,-0.0799026909454198
"sabotaje",606.722156612749,651.611473671983,-0.35458322114568,-0.0751906686932557,21.7153653444665,15.8903188266862,0.0627894834777485,0.064352392918988,83,114,44.8893170592337,0.279392552452424
"sacerdote",627.704473660593,629.577552068531,-0.180819426579144,-0.23320494684272,21.436121642247,22.8140342816231,0.0745434086469189,0.0619003250239488,76,96,1.87307840793756,-0.0523855202635763
"salario",557.564592085781,539.292851230406,-0.566694813855002,-0.511731336967214,19.9215336385655,10.6115604495928,0.0659581185667383,0.0458301510097328,76,121,-18.2717408553743,0.0549634768877882
"salida",510.641231717565,534.535638107501,-0.6590182732815,-0.490841420299324,16.3928706106097,14.4928919966754,0.0646398670571974,0.0556175705296359,82,105,23.894406389936,0.168176852982176
"salsa",501.393761466585,576.352868153259,-0.70364393811,-0.493167539431289,11.9399517866489,23.762633054418,0.0468293423006719,0.0681432831570043,109,91,74.9591066866737,0.210476398678712
"salto",555.685939007626,541.041568177283,-0.554908009272426,-0.477516825086602,19.7632996174196,17.9118248940294,0.0613028844653199,0.0698753314001119,82,88,-14.6443708303434,0.0773911841858234
"saludar",528.093097577752,523.141013134682,-0.554586501173599,-0.65385614328296,14.1380235974359,12.3062422275989,0.0663053073269846,0.0443876162652602,82,76,-4.95208444307036,-0.0992696421093611
"salvador",551.292210529528,574.02236606792,-0.582761987018787,-0.371455439681578,15.3570211682703,15.9052395156965,0.0431084044587316,0.0616784329419064,95,112,22.7301555383916,0.211306547337209
"salvar",553.257686028591,476.322769999392,-0.564289215277075,-0.741175085819531,17.0572034531489,12.1945717021432,0.049160544599373,0.0561167967774665,86,100,-76.9349160291983,-0.176885870542456
"samurai",640.127020831478,733.648666639522,-0.0148461280586678,0.204937904712335,18.4059348807335,24.8094283256379,0.075363286494769,0.0876081052849955,96,78,93.5216458080441,0.219784032771002
"sano",542.858499992417,588.625755089753,-0.529677709443521,-0.367772050092477,18.1478627353711,22.051176186607,0.0548793681491051,0.0697398626128014,108,98,45.7672550973359,0.161905659351044
"satélite",578.07008334177,607.842114948045,-0.342337447354138,-0.261533313781772,17.9113627952082,19.1529123229523,0.069378345086448,0.0730095845659514,96,87,29.7720316062755,0.0808041335723655
"sed",542.627021070876,581.74442531605,-0.542157136620813,-0.455889842083495,13.7587036478963,16.912094804628,0.0549326676790451,0.065512129612801,95,87,39.1174042451736,0.0862672945373179
"sede",557.277109096505,642.232308844523,-0.446666221016295,-0.0821096275090264,20.4625936426319,29.7782172037231,0.0917104669309881,0.110727990332603,55,68,84.9551997480182,0.364556593507268
"seguir",538.722714300157,560.901285714572,-0.556719752868703,-0.542068653563272,15.748089874577,21.962245919813,0.0554568171325307,0.0657644036450016,84,70,22.1785714144153,0.0146510993054308
"seleccionar",561.601000016511,598.518236833439,-0.467778390831734,-0.346631921716437,15.0534725661363,14.5934027896187,0.0527410466229159,0.0470039399474097,80,152,36.9172368169285,0.121146469115296
"semana",525.729043526239,524.031853645497,-0.725634931407062,-0.653620178611327,17.1408591668099,13.4035249199408,0.0485837310048992,0.0447413663642123,69,82,-1.69718988074203,0.072014752795735
"semanal",544.060453839364,622.86671332253,-0.554416364233302,-0.342188445704422,14.4515788454604,16.7943947316459,0.0394919068159601,0.0474603271024979,130,150,78.8062594831657,0.21222791852888
"senado",598.759692855326,662.322377770878,-0.296921478688761,-0.0095618389005524,17.8961980003706,16.9899587348973,0.058263496375992,0.0686786244738055,140,135,63.5626849155526,0.287359639788209
"senador",591.354499993817,554.22435618506,-0.238339963023797,-0.315037223499059,15.5628470889225,18.7238562931575,0.0685934360558121,0.0842778245556402,88,73,-37.1301438087569,-0.076697260475262
"sencillo",508.02890566216,557.749986489042,-0.641647636565709,-0.56167052005453,12.7195145129588,17.2058555305853,0.0477920473059626,0.0542350607964792,106,74,49.7210808268821,0.079977116511179
"sendero",577.121597400384,687.270942040436,-0.296899117436941,0.0306915751286028,20.5805328808006,26.5118533441052,0.0812218872406717,0.0847471649550761,77,69,110.149344640051,0.327590692565544
"sensible",554.287150024323,572.504493826275,-0.481309267771139,-0.397249421329801,18.419145709649,11.6720729911051,0.0572256213690772,0.0452976487544908,80,162,18.217343801952,0.084059846441338
"sentarse",553.306963633596,644.199007740263,-0.48831303704504,-0.255720822768628,13.6792091720713,16.8818808937986,0.05453630413758,0.0519114103894551,110,129,90.892044106667,0.232592214276412
"sentimiento",526.768303354729,566.082934187732,-0.512563947232168,-0.423115616697112,15.1523605496367,17.5351085713498,0.0625525648807062,0.0511593438401569,89,76,39.3146308330031,0.089448330535056
"sermón",703.056658544418,673.948056178268,0.129402835414102,0.0222074886290383,17.2943548419613,19.2235119734912,0.0660954949964447,0.0669508851528438,123,89,-29.1086023661496,-0.107195346785064
"serpiente",587.668825602951,534.052752183642,-0.514880092044366,-0.649556556889611,23.3410505319098,14.5825564050083,0.065160114369073,0.0489365346872186,86,113,-53.6160734193093,-0.134676464845245
"señal",557.155068181607,498.528975005823,-0.561809203977022,-0.711080469752349,18.3722096633057,11.3415099739312,0.0515806453793485,0.0427686882521064,132,80,-58.6260931757841,-0.149271265775327
"señora",486.264555573388,523.357690012001,-0.746699869043331,-0.660138024168725,11.0394493169703,13.297034783921,0.0493128913987246,0.0466589403016783,90,100,37.093134438613,0.0865618448746059
"siempre",490.076340920163,542.807344826154,-0.758143632393371,-0.630926548306962,12.5282828632899,17.0049573074238,0.0406016725617217,0.058307108399038,88,87,52.7310039059909,0.127217084086409
"siempre.1",490.032956789763,560.006499995564,-0.812954785764338,-0.563607163905656,11.0253001405002,13.2115691279171,0.0411684953779599,0.0436062884705901,162,126,69.9735432058018,0.249347621858682
"silbato",640.570305539772,614.498492947632,-0.148788732016876,-0.124744693164405,25.2537490054467,17.7790610825676,0.0696695447074469,0.0693187501353227,72,71,-26.07181259214,0.0240440388524705
"silencio",526.326085086191,538.565463629462,-0.537822905242348,-0.564526913425971,14.868019348347,18.2920387453527,0.0649440774258789,0.0638761989323599,94,110,12.2393785432708,-0.026704008183623
"silla",477.039274514574,567.175191755506,-0.833140738227631,-0.405221068407776,11.1143352225677,15.4744684534988,0.0396497972238703,0.0740571682492457,102,73,90.1359172409316,0.427919669819855
"sinceramente",588.566622442192,596.798337514611,-0.44963917402636,-0.369448314729156,14.7519917708661,17.7615863804033,0.0473031482552476,0.0552663063990529,98,80,8.23171507241955,0.0801908592972044
"sirviente",597.190880351789,607.308267822497,-0.27643793824327,-0.158470231940484,14.5570274253436,17.9763527014691,0.0546495721922012,0.0657659301867549,117,112,10.1173874707075,0.117967706302786
"sistema",537.610056201161,551.731967047658,-0.441789416561778,-0.55571568405753,11.7082012122658,14.6402842523464,0.059264967444568,0.0497174078390219,89,91,14.1219108464968,-0.113926267495753
"sobre",519.097280003695,545.714862056762,-0.608983754640919,-0.454154613286141,14.601603929657,17.8502306358697,0.0505517772259151,0.0719522536072588,125,87,26.6175820530672,0.154829141354778
"sobrevivir",527.956205350688,605.753407416035,-0.58980039727801,-0.367667192243604,11.2311185322979,16.1042606083845,0.0397640058201767,0.0590276004081333,112,81,77.7972020653472,0.222133205034406
"sobrino",533.459464758519,577.072855214714,-0.615244091143678,-0.437566777296782,19.1616254078218,19.5956603788654,0.059136554901022,0.075362113946006,71,76,43.6133904561946,0.177677313846896
"soda",546.979466655454,627.864355258121,-0.438594138025366,-0.186316663718576,14.3877895095704,21.1608232090457,0.0664336154997655,0.0789992028704612,90,76,80.884888602667,0.252277474306789
"sol",472.151870982529,502.268229774608,-0.922445066328728,-0.765747758916702,8.68495043192675,10.5978182082915,0.04103650952152,0.0408223991070753,124,148,30.1163587920781,0.156697307412026
"solar",500.214825160438,582.327787380753,-0.68403832257846,-0.399820383785687,10.61070569146,20.3502506978277,0.0434725043730231,0.0657773486907805,143,127,82.1129622203148,0.284217938792773
"solicitar",545.264305897318,567.214226512512,-0.567252114165618,-0.473619467786511,14.9685096046991,11.6988770539227,0.0489651976088466,0.034443649982402,85,181,21.9499206151944,0.093632646379107
"solitario",530.281456029864,571.145406596992,-0.563242933170267,-0.421084430121473,8.9044057402423,13.2946346754946,0.0448014900015027,0.0475420285782178,125,182,40.8639505671282,0.142158503048794
"sombrero",546.966703304836,584.276391306693,-0.570384244934383,-0.409303434627232,14.1902434611554,13.6940304850321,0.048090731720787,0.049275829969765,91,138,37.3096880018572,0.161080810307151
"sonda",656.341133815886,722.302119991113,-0.150405230199958,0.0269153715819538,17.8106051572566,38.6000131126506,0.0630136853997914,0.1092758765863,142,75,65.9609861752266,0.177320601781912
"sonido",540.620292290225,550.323243240782,-0.638060449518569,-0.613454035760806,15.1942834130623,17.7726582780984,0.0436823107037119,0.0472918316723474,130,74,9.70295095055678,0.0246064137577628
"sordo",529.524032986142,534.966362601741,-0.587625230982966,-0.43668320589088,15.1513831032734,15.3946989080236,0.0521019555445535,0.0707327620931724,91,91,5.44232961559885,0.150942025092086
"sospechar",560.519561403535,587.747207694617,-0.438119132572869,-0.384535635247739,14.4974846574254,16.3559079007785,0.0535300219827117,0.0520070899311154,114,130,27.2276462910818,0.0535834973251302
"suceder",549.901364478617,620.506619058487,-0.467681775003582,-0.282507616665108,15.4064338314229,17.0472041916732,0.0517589187406051,0.0509421492599841,107,126,70.6052545798698,0.185174158338474
"sueño",514.812565219708,540.567500014603,-0.636305246146419,-0.55935972295918,12.7231450516582,16.5829704629313,0.0466525953153983,0.0715520797818636,115,88,25.7549347948948,0.0769455231872388
"suficiente",526.282699191119,578.457690913986,-0.647493000042992,-0.374368690188033,14.5169741643801,13.730663392606,0.0456090195795869,0.0549452485339619,123,110,52.1749917228673,0.273124309854959
"sugerir",586.68305662859,584.611543470108,-0.363648850963036,-0.385570807036927,16.3891558714796,18.263337611376,0.0573266995797352,0.0577079050901794,106,138,-2.07151315848159,-0.0219219560738914
"sujeto",512.679225816184,557.978424025553,-0.639610815467091,-0.495010317919083,15.4145933988175,15.2919837343222,0.0516286824144986,0.0591339992772458,93,125,45.2991982093681,0.144600497548007
"superficie",615.657974979066,583.853878500915,-0.295759603622467,-0.387425602219418,18.440513742268,19.2069843687709,0.0544694490731464,0.060277200742631,120,107,-31.8040964781507,-0.0916659985969503
"superior",533.816589045671,525.819799998447,-0.627127555495929,-0.606574859980744,16.5118539283285,13.4124168266625,0.0631914646357642,0.0536057635055515,73,95,-7.99678904722407,0.0205526955151853
"suposición",646.065304352738,664.729458002996,-0.208201111385011,-0.0876283870106782,20.4847859432994,18.3312164081264,0.0655866431539021,0.062030682326893,115,131,18.664153650258,0.120572724374333
"sustituir",588.08865288077,633.657048199342,-0.346263936479555,-0.256274431755236,15.7944462521857,29.1964049284442,0.0552984082882952,0.0775776783186427,121,83,45.5683953185717,0.0899895047243184
"sí",470.120761884642,570.039141172676,-0.761856393903592,-0.474672161379568,14.1013241947415,21.1258505711913,0.0647083706030701,0.0645774802795649,84,85,99.9183792880335,0.287184232524023
"símbolo",555.817403230731,530.243516787049,-0.574987663114121,-0.588852219781984,16.1266085955793,15.5361722077815,0.0580983203674415,0.0455061495320718,62,149,-25.5738864436817,-0.0138645566678629
"síndrome",536.914040007563,569.605722974681,-0.63814566092854,-0.459640884412005,10.4759885820136,12.8310823386691,0.0350826604238774,0.0460476200977853,100,148,32.6916829671189,0.178504776516535
"súbito",655.769885078234,683.855542170259,-0.155100938154344,-0.135328819597839,24.5933305659318,24.6224446951298,0.0708979606151526,0.0757650885142146,87,83,28.0856570920257,0.019772118556505
"talento",532.943993202935,515.363400002882,-0.576309579793202,-0.541507023327436,13.386302976724,10.8067413809045,0.0499677069461587,0.0467760552735866,147,115,-17.5805932000521,0.034802556465766
"teatro",528.168863023528,507.818473709926,-0.634222533415878,-0.707319098648179,14.8013129671166,20.6106920014794,0.0464990328326933,0.0448717595381179,73,76,-20.3503893136015,-0.0730965652323017
"tejido",508.20479517657,596.570096155108,-0.663324182656524,-0.351190227640818,18.963409486205,14.1051687924693,0.0708687895235385,0.0478472859375624,83,104,88.3653009785379,0.312133955015706
"televisión",516.141037377507,544.110437497661,-0.628143436833162,-0.562337870489667,11.4463966818538,16.0307245337614,0.0413497824503774,0.0562504507866028,107,112,27.9694001201538,0.0658055663434951
"teléfono",510.62455555756,514.040672610981,-0.719233723719303,-0.656802043870203,13.9627484021559,9.59032606607817,0.044952592386231,0.0418880484220499,90,168,3.41611705342137,0.0624316798491009
"temperatura",570.666677229663,578.515425008768,-0.368556823943745,-0.43190617185965,13.1424637460849,18.0935328409208,0.0490154338147589,0.0649495274137309,158,80,7.848747779105,-0.0633493479159049
"temporizador",627.395010427789,631.168140364087,-0.219803569763794,-0.284079457250175,21.2443299971171,20.6631111380599,0.0672406530054882,0.0518512655992926,96,114,3.77312993629857,-0.064275887486381
"temprano",525.271769226992,532.194377782359,-0.602445915052552,-0.52631847526601,16.5279482615408,15.7319157590428,0.0643053876174909,0.0620730820938755,91,90,6.92260855536642,0.0761274397865411
"tenedor",554.822662764597,612.568637353314,-0.473205415059357,-0.274925485263987,17.4614387220306,19.9045422983225,0.0583658276792631,0.0710371260935745,86,91,57.7459745887163,0.19827992979537
"teniente",639.126274192717,691.164099989831,-0.200638507336645,-0.111869907052186,16.1384188616243,29.9838087339695,0.0561455711380128,0.0763461636175788,124,90,52.0378257971138,0.088768600284459
"tenis",494.323012513934,533.797504662593,-0.727885465624115,-0.58348687984791,12.842129404708,15.8966032209199,0.0539034566677213,0.0558856118137641,80,107,39.474492148659,0.144398585776205
"teoría",560.598515792158,508.917705285633,-0.503605612803585,-0.720444496700697,20.7399882438997,13.8251712373359,0.0656913573257471,0.0485600143940378,95,95,-51.6808105065253,-0.216838883897113
"terreno",521.356595770821,520.565378037399,-0.63082248349294,-0.696126975944175,12.8897778496755,15.0752767052726,0.058257600850162,0.0486312269691482,94,82,-0.791217733422286,-0.0653044924512349
"tienda",531.236397858794,551.001101478346,-0.526524637218324,-0.475931886579465,13.9268223223996,25.0621363747884,0.059971358058606,0.0932991544820457,93,69,19.7647036195515,0.0505927506388592
"tierno",534.74668594481,618.16047014192,-0.582286332588528,-0.22144494724773,12.1785953116894,17.9192371233948,0.0546296697408555,0.0600312266915712,121,134,83.4137841971108,0.360841385340798
"timbre",551.812021046992,538.08112121606,-0.552401285718128,-0.60080942077124,16.2020573049309,14.4814408276621,0.0536026497422739,0.0394655323352028,95,66,-13.7308998309318,-0.0484081350531128
"tirar",512.360869159823,556.739548627667,-0.625345911174274,-0.577062357665837,12.2893054968905,16.7397314310711,0.0517012505823959,0.0461145378304801,107,144,44.3786794678442,0.0482835535084373
"toalla",570.125768413586,542.933752588728,-0.443037051793086,-0.591039073378732,14.6300349126068,16.7400009454096,0.0593158429782909,0.0485096112567941,95,97,-27.1920158248575,-0.148002021585646
"todavía",519.173681315485,516.11843362857,-0.651497192391854,-0.578473159591544,12.1678639140337,12.6897551735076,0.0457551282423269,0.0564961315706728,91,113,-3.05524768691487,0.0730240328003099
"tomate",493.535831756691,537.162578976552,-0.710336764003969,-0.67113339306121,9.22911862219946,24.2354885732265,0.0406519839110853,0.0586276940722399,107,76,43.6267472198609,0.039203370942759
"tormenta",557.300286896067,550.752060586752,-0.50648749395668,-0.41767633744957,13.7233452429906,20.2203346438324,0.0510860461390049,0.0664375623816164,122,99,-6.54822630931471,0.0888111565071105
"tornado",580.822039567103,629.975787622027,-0.409815103413379,-0.201467065152985,16.564126077458,21.0857879611887,0.0594072144882465,0.0644108942222317,101,113,49.1537480549242,0.208348038260394
"tortuga",537.739211136588,527.587798621839,-0.667982673546432,-0.565641644810327,12.4143831312511,12.0495389768167,0.0485147628301082,0.0405869383062411,90,144,-10.1514125147489,0.102341028736105
"tortura",519.556016657231,569.018052614352,-0.525921238501287,-0.446000900094494,12.1002876379471,20.1478078659486,0.0539358468970629,0.0597556797156279,120,95,49.4620359571205,0.0799203384067935
"trabajador",540.937578453665,539.578456784664,-0.623691723404709,-0.602929108369136,14.8381077513501,16.5721162389276,0.0430349252795683,0.055266121019073,102,81,-1.3591216690013,0.0207626150355729
"trabajo",502.022373130887,544.147784290084,-0.738831239663596,-0.568948426632137,11.4636619049183,15.4236539505503,0.0471092182872843,0.0540149194582374,67,102,42.1254111591968,0.169882813031459
"tradicional",559.05204476964,575.38277875447,-0.46634128759851,-0.358954244978171,12.6051576431496,17.1540254373391,0.0404361346499268,0.0650903018664426,134,113,16.3307339848301,0.107387042620339
"traidor",598.886043091488,635.126496662378,-0.34592126996311,-0.174488443811866,15.8399552729522,16.8660771303719,0.0584544980018339,0.0566320211871982,116,149,36.2404535708901,0.171432826151244
"transferir",599.352302063679,624.777990109244,-0.37539277033628,-0.252424103186551,16.86695687528,17.9946275652895,0.054308697031983,0.0573634521590858,96,101,25.4256880455644,0.122968667149728
"transmisor",648.33944871978,719.07163704474,-0.282481747713026,0.276965725250279,24.3286792583293,18.6969702803636,0.0680556533939979,0.0604204211806461,78,135,70.73218832496,0.559447472963305
"trasera",559.301392864584,648.968011894999,-0.430535716185069,-0.184898755897737,17.1852444356367,21.9011507842497,0.0567815817356966,0.0746745862320221,112,84,89.6666190304152,0.245636960287333
"trasero",510.387727984279,577.063435653229,-0.634714245233655,-0.428609602917996,12.1946019500872,17.5802249943619,0.0373104086119637,0.0548952613476087,125,101,66.6757076689503,0.20610464231566
"tratamiento",561.145311678972,603.003663455142,-0.423969687405345,-0.220815431617303,12.0884951302654,16.7279655860862,0.0424736427086765,0.0592063815162555,154,104,41.8583517761701,0.203154255788043
"tres",510.060349998876,525.704609519853,-0.650106444449976,-0.691121951353551,20.5765493324477,13.7852693307372,0.0744115608186945,0.0395173719680433,80,105,15.6442595209768,-0.0410155069035756
"triple",529.378924989671,597.586651172588,-0.681520400472127,-0.394204168207083,17.3848983495666,23.776397019707,0.0703915012232878,0.0709081291922443,80,86,68.2077261829176,0.287316232265044
"triunfar",595.846904773375,572.682452607964,-0.303366683375303,-0.390258516083107,17.2639632122892,18.3007268317436,0.0629106596006745,0.063308452776336,84,95,-23.1644521654108,-0.0868918327078048
"triunfar.1",588.168877566307,596.436905653156,-0.451381619389088,-0.361449912613227,22.1951816055064,14.5680371785357,0.065060548103203,0.0521888607040157,98,106,8.26802808684897,0.0899317067758611
"triángulo",506.588999987545,555.823126578907,-0.607082801894886,-0.495344258828008,15.3763918810884,14.6105023853008,0.047464181771541,0.0377610294424092,87,158,49.2341265913623,0.111738543066878
"trono",571.722704227395,645.773621942012,-0.551860451830037,-0.226467763495852,23.2014205470027,28.5403123316316,0.0724007358321901,0.0908039238753088,71,82,74.0509177146179,0.325392688334185
"trueno",536.839753979871,528.820054262885,-0.597599915536273,-0.582979497562401,15.2644967217329,14.8261299747233,0.0494175613027338,0.0572266592036372,126,129,-8.01969971698566,0.0146204179738724
"trágico",574.271226183379,568.086344267896,-0.488126728785031,-0.49763502200785,12.1112334994951,13.4604889832844,0.0387610045979706,0.0466830273382951,168,122,-6.18488191548329,-0.00950829322281854
"técnica",565.225850515409,546.111743816791,-0.577871057334364,-0.520639397643609,20.0569154746838,12.6975067092206,0.0577495788665618,0.0413058469758162,87,121,-19.1141066986187,0.057231659690755
"título",535.83046751298,534.33110768924,-0.574971426052379,-0.547051822111032,18.0404676458464,15.5121133655173,0.0711492612182686,0.0682175279336995,77,65,-1.49935982373972,0.0279196039413475
"túnel",568.473786324207,614.894878386701,-0.471844902095833,-0.432065907838961,13.5171927796331,23.9188146652583,0.0454210308060415,0.0819778436394637,117,74,46.4210920624936,0.0397789942568718
"ubicación",600.756176474629,589.051853649589,-0.281654515165936,-0.345991948659327,19.8527825302929,26.331646926567,0.0739564748919718,0.0729357995338322,85,82,-11.7043228250404,-0.0643374334933905
"uniforme",569.362984014696,577.820829998867,-0.445979527363958,-0.342776671691388,14.482356281417,16.4080609871476,0.0499444843043668,0.0597680978340516,125,100,8.45784598417049,0.10320285567257
"universidad",512.898131596137,523.148031476442,-0.646204068765194,-0.592209892802449,11.1132324966119,12.7805720127687,0.0455652081104807,0.0475484399678938,76,127,10.249899880305,0.0539941759627455
"utilizar",528.487530281817,570.09077998844,-0.515277720218482,-0.41620418882425,13.3336053427836,18.5023697650612,0.0534453287111632,0.0636932901720154,66,100,41.6032497066235,0.0990735313942313
"vacuna",561.073394752542,567.323029201896,-0.475018589617448,-0.553262183728579,16.6458397959467,20.5794932282063,0.0628222219232931,0.0513296001321512,76,137,6.24963444935383,-0.0782435941111309
"vainilla",585.62323634085,572.579037984844,-0.399669600080042,-0.350346026858592,18.0140263079391,19.5988863491776,0.0594053188459169,0.0761558939856674,110,79,-13.0441983560063,0.0493235732214495
"valiente",530.316770835024,637.262078117454,-0.600848841939546,-0.193222249221335,15.6870443214833,21.3831925620578,0.0581078671239705,0.0927361943224028,96,64,106.94530728243,0.407626592718211
"valioso",567.699223022414,589.68663156932,-0.428543595763806,-0.365006297426844,14.1822379307174,17.3866347881735,0.0535868350017305,0.0594211346722936,139,133,21.9874085469062,0.063537298336962
"valla",599.983157908367,704.878842857503,-0.204347472810761,0.0359515132610347,25.0561272854576,31.3056840477128,0.0819258334113762,0.108782610252662,76,70,104.895684949135,0.240298986071796
"valle",569.055466650827,613.382194913265,-0.418064070769374,-0.29418348667118,20.7430055270844,21.0853879932116,0.0679602539357845,0.0748427386496232,105,118,44.3267282624381,0.123880584098194
"vampiro",581.02449513867,549.758893801135,-0.276384516149357,-0.521538821521105,14.2138205305068,11.1221363965507,0.0624563168065843,0.0414142444163215,103,113,-31.2656013375343,-0.245154305371748
"vaquero",583.966599972183,596.300821759918,-0.431667927803594,-0.226089654949996,13.8865832266047,16.6152862391668,0.0480097944186944,0.06250959598733,135,101,12.3342217877348,0.205578272853598
"vedado",761.461837234539,620.997683298966,0.36384064623699,-0.285124285538411,35.7364365671572,39.7326843025005,0.158191428381453,0.13309276171554,43,60,-140.464153935573,-0.648964931775402
"vela",532.430119043032,585.371336039434,-0.50109320129907,-0.421679499725128,13.3272551066992,20.0764788677423,0.0566060385736832,0.0604283166606276,84,122,52.9412169964025,0.0794137015739422
"vela.1",610.595059532057,560.372737844898,-0.335278075347688,-0.423333675572508,20.2676191949345,13.3351400600895,0.0668206904177721,0.0558930778771181,84,103,-50.2223216871583,-0.0880556002248193
"velocidad",503.78103788171,556.934087494249,-0.671776279685344,-0.51970199178131,12.6651451676117,21.4384629611942,0.042795014705699,0.0666027284024812,132,80,53.1530496125392,0.152074287904034
"vender",521.815009003413,603.082589275695,-0.656400575951895,-0.345605561141856,17.1527562142569,21.1998067479296,0.0606981206098144,0.0637578341494001,111,112,81.2675802722823,0.310795014810039
"venir",513.681165144163,572.312903591112,-0.694691710426744,-0.495344653644414,12.0557225911717,21.106385047376,0.0409674802757285,0.0813493857025185,109,83,58.6317384469487,0.19934705678233
"ventilación",596.682095241113,641.108120342064,-0.238857587172672,-0.177891882834098,17.3478813980135,19.4633004299721,0.0548690225821739,0.0705556854310555,84,108,44.426025100951,0.0609657043385749
"verdadero",565.594670581899,578.221260005133,-0.476310631103756,-0.479807338911213,11.6845894945038,15.6207004997254,0.0445083622284847,0.0421209776525479,170,150,12.6265894232341,-0.00349670780745714
"verificar",578.607201353861,655.824876803885,-0.387132821436656,-0.126049377887874,14.1346589008251,16.801271623091,0.0486435097237475,0.0571262286373806,144,138,77.2176754500247,0.261083443548782
"vestido",547.588456535527,536.994303909419,-0.492312180839859,-0.468233798246405,15.151619940957,13.004971530374,0.063209375634017,0.057393422561195,92,102,-10.5941526261081,0.0240783825934535
"video",643.730831874029,526.80683674111,-0.29507892538234,-0.646378217095216,29.4451584319712,15.5522306521264,0.0672277777569779,0.0492979695447301,113,98,-116.923995132919,-0.351299291712876
"visión",501.960631151216,512.850920413107,-0.715097070141766,-0.669409364320576,11.9288476634967,13.9338780003879,0.0439979560020429,0.0609274543400554,122,88,10.8902892618911,0.0456877058211904
"vitamina",583.064120011822,562.399434226261,-0.444280243289051,-0.432755381631998,24.4856243656252,19.7798704355687,0.0800914536648454,0.0572507755531982,75,76,-20.664685785561,0.0115248616570529
"vodka",535.914240950584,657.829692293921,-0.491902802740227,-0.0905235575300383,10.2722392112344,12.7518647796905,0.0492011383097327,0.0448426810379224,83,169,121.915451343337,0.401379245210188
"volar",553.478314510567,499.166371430532,-0.576342659644355,-0.715845894679615,14.4262173804485,14.4366330845242,0.0501240168567803,0.058160512742606,124,70,-54.3119430800347,-0.13950323503526
"voluntariamente",649.05208450156,687.020788149234,-0.218314401699032,-2.26052509283458e-05,28.0238845324961,19.8793139857396,0.074276201982786,0.0562879768192278,71,118,37.9687036476738,0.218291796448104
"votante",563.530247309803,694.32379999959,-0.379279484339915,-0.0541115631482938,21.081886987413,26.7506131143478,0.0828599295878336,0.0808706161687535,93,105,130.793552689787,0.325167921191621
"voto",527.499099184233,560.68542265792,-0.574431944462726,-0.495555005025078,12.7118619988333,13.1703008025606,0.0459197527688638,0.05573986877895,121,97,33.1863234736868,0.0788769394376482
"vuelo",544.751680245043,521.310949502383,-0.590246071600406,-0.565649560558191,12.7598060222987,14.1103520692456,0.0460542670202752,0.0601507173906568,172,99,-23.4407307426607,0.0245965110422157
"web",592.866893197395,614.521161269617,-0.190361270124071,-0.273547447322818,14.5261054278435,22.0035109072781,0.0674023838924247,0.0761449107887992,103,93,21.6542680722213,-0.0831861771987473
"zapato",532.630458305943,549.126040011682,-0.634949029977605,-0.493024853395192,13.0003555896926,17.124829769529,0.0512945144895174,0.0589215337612819,96,100,16.4955817057391,0.141924176582414
"zona",526.414101844785,582.536494600923,-0.673942363009502,-0.468437431920886,17.9365312848645,20.9429420005554,0.0555742667917912,0.063252329882032,108,93,56.122392756138,0.205504931088616
"árbol",507.509986674213,498.930213335629,-0.73385300832114,-0.707973893963785,13.3882293309445,13.0058811292968,0.0527810366202025,0.0563580275790761,75,75,-8.57977333858355,0.0258791143573553
"íntimo",559.807182877926,595.11350723229,-0.457339150268277,-0.310418768456744,17.1825975762636,16.0567527211651,0.0687504039364656,0.0496052415974616,82,138,35.3063243543646,0.146920381811533
"órbita",594.5399805781,630.654085999487,-0.17119237357268,-0.249247489835604,13.4975651508083,18.3234824439341,0.0648134352276961,0.0626473430604507,103,93,36.1141054213876,-0.0780551162629238
"último",536.833087989787,552.509617993412,-0.622691101692783,-0.490501951090135,12.5198698264313,15.4680038778705,0.0461806507493393,0.0572782552355103,125,89,15.6765300036251,0.132189150602648
"último.1",524.590649993507,544.165540237507,-0.61887091783665,-0.56550580635522,20.6654532711384,14.1412602635307,0.0668869333020153,0.0505724487906652,60,87,19.5748902439997,0.0533651114814302
"único",533.974786680358,516.629048749001,-0.612647499397901,-0.681979821426428,12.6321463083085,14.4397980443846,0.0454397451474014,0.0592019808455016,150,82,-17.3457379313578,-0.0693323220285271
