"target_word_unique","avgRT_related","avgRT_unrelated","avgZ_RT_related","avgZ_RT_unrelated","seRT_related","seRT_unrelated","seZ_RT_related","seZ_RT_unrelated","target_sample_keep_related","target_sample_keep_unrelated","avgRT_prime","avgZ_prime"
"hiv",886.992055557328,1002.91539999504,0.710572985116655,1.12817849823554,64.3095068060129,72.237495241333,0.211665457005843,0.282759891640921,18,10,115.923344437711,0.41760551311889
"一刻",603.599021730485,688.672644455788,-0.270687252583166,0.126396786787358,23.4348671933878,35.1180974692256,0.105151158588481,0.138147148740381,46,45,85.0736227253035,0.397084039370524
"一百",606.088533376846,668.662000011109,-0.337029624132326,-0.0632295893135656,23.9155346726319,28.8891054304187,0.0851545609476388,0.116893714885777,45,52,62.5734666342631,0.27380003481876
"一直",570.380814807972,655.581369564501,-0.429080959447773,-0.105661705750277,22.2949393101473,38.9663898437621,0.0819989397876264,0.121175373449175,54,46,85.200554756529,0.323419253697496
"一级棒",610.961936180856,845.087333334057,-0.239496346829976,0.611805087909596,23.7414985105687,43.609584719574,0.110243726873229,0.130700015281118,47,42,234.125397153201,0.851301434739572
"一餐",660.148512190975,809.816590906624,-0.0788872794718562,0.390727591110012,32.2085481717432,46.6355337876248,0.114672062092033,0.140207927566002,41,44,149.668078715649,0.469614870581868
"丁",780.5480263102,806.642923091488,0.31931242912851,0.60767189264154,39.0375664955882,43.8084602734248,0.136328308248266,0.148069487469168,38,26,26.0948967812878,0.28835946351303
"七月",601.876603766541,659.448340000422,-0.296507475053,-0.126057358414537,17.8263336668903,33.5900651413213,0.0553100671438415,0.111155574656072,53,50,57.5717362338818,0.170450116638463
"三",666.217120010002,708.398639993546,-0.122797055688888,0.0615251454441191,34.9521101078448,27.1667989019499,0.104319964811132,0.0820968844949856,50,75,42.1815199835446,0.184322201133007
"三角",565.81703845366,670.875177788178,-0.493505809123486,0.0974454601015105,21.058232908376,30.3889957480493,0.0885606380717985,0.131938701161487,52,45,105.058139334517,0.590951269224996
"三重",719.2693783777,947.711079999214,0.219915597588917,0.836064069624601,37.9142579008018,76.7528007545842,0.146156763108934,0.237678234549037,37,25,228.441701621514,0.616148472035684
"上",539.496938782914,702.164656247313,-0.58460484638341,0.00581860660486186,21.8049483386167,25.7620637617251,0.0726276668589881,0.0910244286972675,49,64,162.6677174644,0.590423452988272
"上校",660.87078430676,718.69532560043,-0.0732466013498076,0.062587319160964,25.8041054897275,30.6737925639325,0.0910175504883386,0.116427195192657,51,43,57.8245412936693,0.135833920510772
"不值",608.341361701415,654.779342105621,-0.277505033340963,-0.0889530652262125,23.5235142085691,38.1786560317641,0.0877081836521152,0.135301677829856,47,38,46.4379804042055,0.188551968114751
"不公",706.009088881061,684.821065244112,0.117151587686364,0.0859868104958944,34.4374294217647,35.7381961757849,0.106422439542606,0.119733073751962,45,46,-21.1880236369491,-0.0311647771904693
"不可靠",554.556326090239,625.638179995504,-0.600525175035606,-0.157021429824871,29.4975077193191,24.5291364881817,0.0859122219352403,0.0892332565685235,46,50,71.0818539052651,0.443503745210735
"不同",681.085755565319,597.172761905251,-0.168055202393907,-0.379439967534171,42.0555808170446,24.3941090713537,0.119070641959155,0.0839829263533034,45,42,-83.9129936600687,-0.211384765140264
"不料",644.549439035525,745.36054285739,-0.232841540545536,0.19469182300993,37.8923375783643,24.6640446128,0.119180670598819,0.089035871410037,41,70,100.811103821865,0.427533363555466
"丑闻",663.225826086237,717.583222220738,-0.0957199199752977,0.189275275062848,18.6661739779748,27.2798884349899,0.0788807372495647,0.110763747392843,69,45,54.357396134501,0.284995195038145
"丑陋",538.620214292793,608.53528261917,-0.499326652764844,-0.333698040727664,16.572764040017,24.8785788398731,0.0538912497448271,0.0760391614878516,56,46,69.9150683263767,0.16562861203718
"专业",564.462173095306,507.30835397502,-0.570557632595584,-0.732240070356226,33.1309976705747,10.1197050029701,0.0755026226354249,0.041518956126146,52,113,-57.1538191202864,-0.161682437760643
"专家",570.742745098007,576.785062510847,-0.441504108278584,-0.480385998904494,19.9554973377732,30.8835874961329,0.0803586835767243,0.0832111317478033,51,48,6.04231741284002,-0.0388818906259096
"世界",510.469431029991,474.826920636344,-0.596036815778168,-0.821174737493215,21.1211604175144,11.7772258798172,0.0735823398741089,0.052063652675513,58,63,-35.6425103936468,-0.225137921715046
"东方",468.961736841116,640.561137257932,-0.758913341739409,-0.123818802735135,15.1692429250248,28.0998522746179,0.0563682622295168,0.100914316727739,57,51,171.599400416816,0.635094539004274
"个人",511.795000007799,585.382347821066,-0.633428277691391,-0.467594661545041,16.3992227034852,19.4882489068959,0.0641674863458603,0.0726933067605215,47,46,73.5873478132667,0.16583361614635
"中午",507.962439013527,553.62465909305,-0.718053341428011,-0.519697970486959,13.044669321416,15.5703909163,0.0506028335890246,0.0541282186757588,82,44,45.6622200795231,0.198355370941052
"中尉",608.525823527754,699.063169230362,-0.347976014297404,0.0532574406906879,32.6761944615776,20.034603047784,0.0975020647047421,0.0707649568223066,34,65,90.5373457026078,0.401233454988092
"主页",595.34059181883,633.491630434938,-0.318651309218071,-0.252087979497456,24.0925487509731,26.6375953465433,0.0885244988738903,0.0872886724843256,49,46,38.1510386161083,0.0665633297206151
"主题",527.642999980609,548.043775877021,-0.609798372156897,-0.473985420343796,19.2040004175272,15.4237573157432,0.0711441869149178,0.0607740087050786,54,58,20.4007758964123,0.135812951813102
"义务",565.107032783432,593.000509092812,-0.538244942133133,-0.459193806571154,33.4931900509192,31.7619519338456,0.0946867491517902,0.0616505278706745,61,55,27.8934763093799,0.0790511355619791
"乐师",618.466538475013,770.57454411349,-0.207811452905499,0.407150971918491,28.7420586089442,24.298260223615,0.0975313094887943,0.0957261533981301,52,68,152.108005638478,0.61496242482399
"乐队",536.279755557287,548.130288899046,-0.556675174390379,-0.489517273951798,22.1152449486312,19.4220490260189,0.066958092235287,0.0702946750154003,45,45,11.8505333417592,0.0671579004385809
"书房",527.62990000063,559.158603776345,-0.623430442573354,-0.481073040152501,18.5832333599336,22.9270279121607,0.0612315978326537,0.0804327072206099,50,53,31.5287037757149,0.142357402420853
"书籍",541.577673457342,567.376340902745,-0.499376527981478,-0.439428895794887,23.2170612549465,24.2972129042711,0.0734118342477849,0.0658240085662208,49,44,25.7986674454031,0.0599476321865907
"买方",615.086702121326,720.943000007493,-0.38830405623387,0.186896197699231,41.2906819563501,36.1474382976399,0.122513621443299,0.13747308475691,47,34,105.856297886167,0.5752002539331
"争议",565.814782603718,576.60390243117,-0.471273892630048,-0.442153419729557,25.7706788056169,28.6550971099712,0.0874475979944083,0.087522682684051,46,41,10.7891198274518,0.0291204729004902
"事件",552.178928577406,570.269636370853,-0.523021244514263,-0.419424608077057,23.4805240445093,21.3151909842838,0.0741246482157379,0.0893596607818598,42,44,18.0907077934473,0.103596636437206
"产品",547.571279999844,512.35925999443,-0.517471232111115,-0.663294081175994,25.6048184411788,12.6499532749718,0.0836428013496524,0.0549694182597809,50,50,-35.2120200054147,-0.14582284906488
"产物",626.57892307008,629.589777806472,-0.166580090130519,-0.295071817685279,33.4398493300326,23.902359848197,0.11174051784147,0.0794152260311695,39,45,3.01085473639228,-0.128491727554759
"亲密",560.610288473071,537.247117640838,-0.514848052356165,-0.531310212092201,20.4533022655235,15.6175967283324,0.0685342476987929,0.0831958370146026,52,51,-23.3631708322324,-0.016462159736036
"人类",527.046877538646,544.365977269814,-0.615885965371406,-0.560186226468617,24.9142451966568,25.4557717063556,0.087093711145355,0.0843776502111303,49,44,17.3190997311673,0.055699738902789
"人造",563.519156872021,671.864595746175,-0.46246183117508,-0.0867338399219191,27.4765385230168,33.3203057670859,0.0902040729844091,0.112135357839829,51,47,108.345438874154,0.375727991253161
"仁慈",553.726458323064,649.688953119165,-0.476705672955598,-0.204346501983417,23.7072197785059,20.7684663481647,0.087850045387054,0.0732396071001791,48,64,95.9624947961008,0.272359170972181
"仆人",590.568062513015,624.83684444791,-0.40071364793354,-0.160015652263941,26.9242698878084,28.6632887510522,0.0719684509432164,0.103789564490449,48,45,34.2687819348957,0.240697995669599
"仍然",507.556134624365,598.442333331114,-0.659632802315462,-0.451056786172769,16.1552442843113,29.9396836385448,0.0510919489294483,0.0809630730668699,52,51,90.8861987067489,0.208576016142692
"仓库",507.308380955738,524.96206349439,-0.727066174081487,-0.582887496287185,17.8448275074874,20.7899112019323,0.0560794449926827,0.066983502516579,42,63,17.6536825386512,0.144178677794302
"仪器",533.746693893019,603.465265302648,-0.584698915409027,-0.361995421565356,23.220204423315,22.9323995639174,0.0849048783353474,0.0723010459638958,49,49,69.7185714096295,0.222703493843671
"仪表",597.714659560918,624.33171739358,-0.364784214645046,-0.323875129128383,22.1000152906844,36.1901731228172,0.0792539862175378,0.103505656564567,47,46,26.6170578326623,0.0409090855166633
"价钱",614.687764719822,590.579761897908,-0.262742720699316,-0.380052066838595,33.1137372933879,30.8066168155964,0.10389644303722,0.103356179064983,51,42,-24.1080028219139,-0.117309346139279
"企业",535.146148936267,593.900244894817,-0.559403708142846,-0.392265421497229,22.4146159034256,27.5328841731596,0.0697515127128676,0.0864405360101925,47,49,58.7540959585505,0.167138286645617
"伏特加",569.25626667097,685.011900002218,-0.416958966293454,0.0414871324033149,19.7296717945142,30.7538434846666,0.0753858166935329,0.095329085664379,45,40,115.755633331248,0.458446098696769
"优雅",544.635041656349,528.934823529419,-0.588160018658905,-0.588552486016623,32.85254406918,15.59405817812,0.0813194650455198,0.0627169001773734,48,68,-15.7002181269305,-0.000392467357717918
"会议",554.667772734192,571.796047647859,-0.593958413997171,-0.468156022062398,29.021118776539,25.0631341393187,0.0937177699948035,0.0748896917538871,44,63,17.1282749136666,0.125802391934773
"伟大",523.13975925877,542.475690915098,-0.592928236433867,-0.593589217903257,18.8980546694446,28.4463328852375,0.0646536596621917,0.0805530770043395,54,55,19.3359316563282,-0.000660981469390198
"传奇",564.635428560195,546.244411781737,-0.553677179802261,-0.600591028119772,48.6778672574171,28.581559160574,0.0957141034991344,0.0864415363147193,42,51,-18.3910167784588,-0.0469138483175114
"传真",633.302638288839,676.142758618061,-0.278702810747103,-0.0483394413354293,29.0099537711846,24.404428658381,0.0919716027617467,0.0803252692730584,47,58,42.840120329222,0.230363369411673
"传统",552.860780034244,543.394100002616,-0.510351206895706,-0.596072434096214,22.4214601312915,24.0778370907918,0.0765894262335069,0.0696932818847976,50,50,-9.46668003162813,-0.0857212272005078
"传道",770.695899983526,682.915681813452,0.164111657992099,-0.186250537279482,54.8350646968039,64.2225403422368,0.176710032767448,0.209464628352662,30,22,-87.7802181700739,-0.350362195271581
"伤口",518.916934778053,554.678913025679,-0.5277862069383,-0.500708818679919,20.8095269630972,28.6650035958216,0.0749099162376439,0.0861422395066839,46,46,35.7619782476268,0.0270773882583815
"位置",548.564791679135,543.047119042582,-0.565793215527352,-0.445349037161524,23.5810569403336,30.0845959762866,0.0786646661024985,0.115504373985664,48,42,-5.51767263655347,0.120444178365828
"作家",542.205068953978,569.163480005927,-0.520470722558843,-0.486621163934377,20.4533963963764,20.42072855861,0.0626694700304652,0.0702090999241076,58,50,26.9584110519492,0.0338495586244664
"佩服",535.59378000574,559.886260015148,-0.633139188537387,-0.545333010225823,36.9390488794098,28.565378393887,0.0601155691268275,0.0741256310908082,50,50,24.2924800094074,0.0878061783115631
"使命",527.102133338498,573.723408171959,-0.639683251000622,-0.413076296178227,16.6370540577361,22.3925989754477,0.0602386225069266,0.0844504111470298,45,49,46.6212748334613,0.226606954822395
"侄子",543.317739990312,676.888810341151,-0.510070069989958,-0.165216469258601,20.5520820105166,39.4671170639795,0.0681435209564696,0.096293959870607,50,58,133.57107035084,0.344853600731357
"侍应生",692.829379300461,874.08195834131,0.0267071722832988,0.885599962539431,35.6511537707829,48.100920977569,0.111008291395884,0.187933057403929,58,24,181.25257904085,0.858892790256132
"侦探",578.586636366371,593.033803955773,-0.41304105909487,-0.328289561627175,25.7235638470512,21.4170478922478,0.0819792859947563,0.0815746544092453,44,51,14.4471675894026,0.0847514974676949
"便宜",530.229056604185,577.057787238103,-0.646035245940934,-0.483025178171199,16.7808587020753,27.0291576345946,0.0580463429604058,0.0931744418838893,53,47,46.8287306339181,0.163010067769735
"保护",491.714600009224,561.640381831125,-0.782773222321126,-0.46797709017277,19.0833539761479,24.8979357021303,0.0601362976230643,0.0928854490767519,60,55,69.9257818219012,0.314796132148357
"保持",517.32915003314,554.786886381016,-0.669518667562837,-0.501841719690954,15.7680617200917,26.1052173335718,0.0550027736973751,0.103402902189095,60,44,37.4577363478761,0.167676947871883
"保持.1",591.54176923277,457.191803921985,-0.50787338625403,-0.84512807500875,32.830867738027,14.5192012116915,0.0780287126668364,0.0575581966764058,52,51,-134.349965310785,-0.337254688754719
"信仰",539.27055319684,563.457879306595,-0.503282986873171,-0.484206862384532,17.5665882467318,25.2067753180675,0.0700211882766981,0.080069323409983,47,58,24.1873261097551,0.0190761244886395
"信件",548.786942313291,581.746719299378,-0.517232537688695,-0.362631372229284,26.4260923819624,23.5420262144822,0.0829023787564821,0.0744647791845111,52,57,32.9597769860867,0.15460116545941
"信任",514.611098078731,566.429419348172,-0.682254355447846,-0.532167028350052,19.5157121098466,24.1827788964283,0.0701369641299157,0.0696804061432712,51,62,51.8183212694413,0.150087327097794
"信号",546.055470592127,519.50134939313,-0.556261070177936,-0.66700829997726,28.1496449196976,12.4109985466322,0.0776353540588761,0.06344843955811,51,83,-26.5541211989964,-0.110747229799325
"信息",459.165232562619,531.673423076775,-0.902947774593086,-0.544766442855307,18.4726893181441,17.7817418193928,0.0584529974972666,0.0719540324273836,43,52,72.508190514156,0.35818133173778
"修建",612.606460018395,686.834044442942,-0.283098744598368,-0.0344186709976295,30.9589185601399,29.7847525909612,0.095050305817407,0.105107450325226,50,45,74.2275844245471,0.248680073600738
"修道院",607.258509086195,719.361777774782,-0.391032584566006,-0.00269872976057601,23.4569946404062,36.8940352260962,0.0651128990691682,0.101168060980735,55,54,112.103268688586,0.38833385480543
"修道院.1",617.169440000729,651.784075003122,-0.262242636109033,-0.164541456249132,25.4306759829134,23.0040055559049,0.0697557191302739,0.0778200123197131,50,40,34.6146350023939,0.0977011798599005
"借口",581.428199986025,561.81136364035,-0.477195699096968,-0.526327896645568,19.0038488928624,29.2822313463421,0.0539017881379397,0.0875697658381743,80,44,-19.6168363456752,-0.0491321975486003
"值得",578.587611100668,517.097520826054,-0.430220592297431,-0.561912958203317,25.5828757898481,17.1725489233454,0.0941785838364606,0.0648954108921622,54,48,-61.4900902746133,-0.131692365905885
"假期",570.031306113667,603.476064094047,-0.423772636127959,-0.393110748174272,26.6103525943887,20.7541969715991,0.100334521109461,0.0628493729932266,49,78,33.4447579803802,0.0306618879536869
"假设",560.889795913607,573.95929090452,-0.54726157854428,-0.405417367956755,21.4680981928625,22.9573204426653,0.073992280856153,0.0761681311700244,49,55,13.0694949909129,0.141844210587525
"做到",588.814474585785,651.353762713003,-0.32187189026852,-0.175031722304183,23.9989379068653,28.8241676235218,0.0885413646361789,0.0970793466726149,59,59,62.5392881272186,0.146840167964337
"停止",514.818865387355,580.591428570217,-0.661800880122152,-0.375240733281641,16.2180802293286,27.8119441753121,0.0537323300925964,0.100378756152465,52,49,65.7725631828623,0.286560146840511
"傲慢",562.765857141354,564.004680012239,-0.52648039162214,-0.488964197993688,17.9314366416154,17.9987383074939,0.0610664741577355,0.0669344621972316,56,50,1.23882287088418,0.0375161936284522
"儿子",476.816879313127,520.969244893303,-0.880086884335668,-0.65373160494348,19.6509589775227,18.6164590029245,0.0614476104851725,0.0635807455583608,58,49,44.1523655801756,0.226355279392188
"儿时",692.168883722434,737.378170720608,0.0795344073234896,0.26018982915092,30.4870440822043,31.911923258201,0.119424859696566,0.111604913616028,43,41,45.2092869981739,0.180655421827431
"元素",553.427895828084,594.160249995353,-0.565573371103455,-0.334762717022795,28.3777350719027,21.866044737952,0.0749040798135504,0.0576458029285579,48,64,40.7323541672687,0.23081065408066
"兄弟",487.411307687045,496.09693617305,-0.815016906011779,-0.739765914512965,21.1203425069857,16.1487011190636,0.0661478169534048,0.0640560630297374,52,47,8.68562848600453,0.0752509914988135
"兄弟.1",460.211591824231,527.539507697633,-0.834432741558367,-0.660983444260853,18.6728888970568,16.0105121232454,0.0691433326364735,0.0408563428483467,49,65,67.3279158734019,0.173449297297514
"充分",598.659541671106,570.111422223059,-0.346034664586545,-0.532518315951725,31.507914422328,41.9060502693001,0.10626581133158,0.0907910179847631,48,45,-28.5481194480467,-0.18648365136518
"光明",520.948137273616,565.310734678966,-0.57074668391645,-0.488441467914655,21.1929779697184,25.1794806617299,0.0842605408245944,0.094949374339524,51,49,44.3625974053498,0.0823052160017949
"光溜",669.473893612178,821.076566675984,-0.0887915997393466,0.50254260971254,35.7072641057325,36.4846964773301,0.122668120306748,0.122988551156706,47,60,151.602673063806,0.591334209451887
"克数",664.856842102757,669.94029165079,-0.032281916267441,-0.0402079922056023,22.7911156693355,39.6410043881077,0.0929792654198574,0.108993580618635,38,24,5.08344954803249,-0.00792607593816123
"兔子",529.029072710432,600.496897959058,-0.651389927476757,-0.417230183989762,16.3607165403427,34.3118926949244,0.0659397558704862,0.104173610613907,55,49,71.4678252486258,0.234159743486995
"入口",618.295488081368,600.118499995581,-0.27572097909055,-0.375434991868238,18.1029388089056,27.3505626205118,0.0673864592671902,0.085035084017134,84,64,-18.1769880857876,-0.0997140127776882
"全球",551.363999983381,529.982820008742,-0.581172808048739,-0.583278155366244,20.5317191939079,24.3584527512247,0.07693914792605,0.083263912564687,65,50,-21.3811799746389,-0.00210534731750434
"公交",500.464181809426,580.292581795985,-0.788479681001699,-0.357257136415921,9.57053094284921,20.4178903007436,0.0367617521251577,0.0736125819757758,77,55,79.8283999865585,0.431222544585778
"公墓",642.715852928961,607.187040820724,-0.220053359578515,-0.267653291863052,22.8256968803524,20.0384711711581,0.0673155425956883,0.0694966555670569,68,49,-35.5288121082368,-0.0475999322845369
"公寓",566.146791672374,566.040378773234,-0.524285906520728,-0.555141612528162,27.3091458361665,24.4517683926964,0.0912237695300737,0.0691486227853535,48,66,-0.106412899140309,-0.0308557060074341
"共产主义",542.437098037027,594.757204071926,-0.561576126094905,-0.319587314528201,19.4143987471879,20.5389891962596,0.0620664490371241,0.0655801778509697,51,49,52.320106034899,0.241988811566704
"关闭",563.92406521627,543.485541692844,-0.493963678147778,-0.484255983866371,26.7438447033591,23.1129184488835,0.0868701776936718,0.0988518596096549,46,48,-20.4385235234258,0.00970769428140705
"关闭.1",553.040423735632,573.39667307029,-0.550394452049735,-0.446756602096598,28.8846760717352,25.2720151446519,0.0836963080899765,0.0904764143391445,59,52,20.3562493346579,0.103637849953136
"兴奋",524.321694461742,548.233061223147,-0.669134001661792,-0.554128012477199,23.3181538595862,21.495735934761,0.0746946989878527,0.0771564497191251,72,49,23.9113667614051,0.115005989184593
"兵营",531.577058813814,690.851743584879,-0.575230717775433,-0.0147077858955259,18.8442186546817,40.0070328398442,0.0580877089943892,0.119381050147655,51,39,159.274684771066,0.560522931879907
"典礼",549.499545461475,608.66653333426,-0.552503273303089,-0.395457145207708,19.1531439493721,31.3113598485885,0.062655396614354,0.0841351881745187,55,45,59.1669878727846,0.157046128095381
"内容",498.139587497833,565.236046510075,-0.77520262677334,-0.535382641148146,10.4147363389036,36.7446627002639,0.0409588792780441,0.0943595953565224,80,43,67.0964590122427,0.239819985625194
"再见",490.115642851517,536.209304342578,-0.747770078404764,-0.528487520699036,21.2535251568201,22.0716504390759,0.069211902918982,0.0769785819504338,42,46,46.0936614910612,0.219282557705728
"冒犯",629.522148134167,579.524510196184,-0.280653514101441,-0.476693660108094,33.6637493863656,33.9429329262422,0.0900978700246178,0.0922819653021705,54,49,-49.9976379379831,-0.196040146006654
"写作",576.988519991737,517.438863629493,-0.458768544651405,-0.644568855320264,30.7925660583153,16.279762473588,0.103526786847833,0.0479974175900916,50,44,-59.5496563622435,-0.185800310668859
"写作.1",576.988519991737,580.198764714254,-0.458768544651405,-0.457709110157179,30.7925660583153,24.4197589869443,0.103526786847833,0.0749453818483298,50,51,3.21024472251781,0.00105943449422541
"军火",662.956764707706,684.452297876984,-0.137732573737467,0.0253469896752766,35.9789854584019,31.5757202245502,0.128765033349958,0.131077880322299,51,47,21.4955331692787,0.163079563412744
"军用",531.525224480252,648.758100005299,-0.624540934657077,-0.160896718159594,21.8850784628152,40.8077757847117,0.0731823826855437,0.126454018200174,49,50,117.232875525047,0.463644216497483
"冠军",508.417452376147,538.142500007532,-0.615624244609514,-0.536028631441458,20.7362304542749,26.2433736188952,0.0854572537397638,0.0838790436956647,42,54,29.7250476313849,0.0795956131680565
"冬天",489.519764044735,562.084804347924,-0.815040967331473,-0.586069462249512,9.35864845724214,34.5250638225457,0.0312471573480019,0.0928771278982968,89,46,72.5650403031894,0.228971505081961
"决心",531.574777788716,585.664377778471,-0.59188240127334,-0.407900711448778,21.3794004551488,27.1061640688957,0.0686889389451377,0.0821469327252615,45,45,54.0895999897546,0.183981689824562
"冷静",542.054012652217,471.05694000587,-0.576966775819337,-0.801227424821854,14.3906537723314,14.494261245279,0.0539406901851232,0.0538837895156933,79,50,-70.9970726463466,-0.224260649002516
"冻结",684.299976192637,694.690500000343,-0.081420360317398,-0.16959108073513,34.0929212315165,32.6649953873725,0.118602477135156,0.0699070505095468,42,60,10.3905238077065,-0.0881707204177324
"准备",536.147196062551,504.538571439194,-0.58071901545366,-0.639856543761153,22.4762245313927,19.2922745499369,0.0745586136126758,0.0721438880518907,51,49,-31.6086246233572,-0.0591375283074932
"准许",681.59993999741,719.759525006549,-0.0577249698602592,0.25089725963339,43.8457074265986,31.4775018934628,0.135563095032536,0.127776888945655,50,40,38.1595850091384,0.30862222949365
"凉爽",594.986033322048,591.230731712277,-0.325605971797093,-0.370205743018812,21.8524171472218,19.3595643309973,0.0756168167327347,0.0737625128825975,60,41,-3.75530160977019,-0.0445997712217192
"凌",779.995370372134,932.854648634848,0.288472373710899,1.00625479358484,55.8146357464062,46.5730898135003,0.18561401709195,0.144349052586186,27,37,152.859278262715,0.717782419873939
"减少",537.86192307024,681.242374989215,-0.545465360958109,-0.0823854354371798,18.6831001328353,41.2867069092706,0.0628728789208375,0.111446636341459,52,48,143.380451918975,0.463079925520929
"减法",586.40378845216,684.095533326205,-0.425177333996283,-0.0680924010640869,26.7554520206589,36.9738881345017,0.0825824605229478,0.0999896175055149,52,45,97.6917448740444,0.357084932932196
"凶手",526.552566032352,610.270044448578,-0.55731334918736,-0.334540732205099,16.5751746519574,24.2532930677724,0.0660580076913149,0.0907523579478216,53,45,83.7174784162258,0.222772616982261
"刀",502.537803596091,597.019708350678,-0.70613535250503,-0.353578081302253,18.3126844229551,24.9505877907868,0.0690665516138696,0.0785410682473721,56,48,94.4819047545863,0.352557271202777
"分析",587.980520831956,544.486819977933,-0.52871633663135,-0.549598220564513,49.9990160878311,19.8244057845725,0.0946225095259406,0.0679372733567832,48,50,-43.4937008540226,-0.0208818839331628
"分钟",547.861388895297,563.984367345373,-0.53680071327771,-0.437040369815935,22.3130374825588,25.0065650077025,0.0687000901042465,0.077188656325442,54,49,16.1229784500764,0.0997603434617752
"切实",731.743769231197,736.260069760224,0.12588461924191,0.227398463353369,44.4378987014529,42.2667359246792,0.15848919013799,0.152278594109188,39,43,4.51630052902738,0.101513844111459
"创造",514.531488380265,523.291823528478,-0.60012773599316,-0.60610216803475,19.7130409276516,13.7346096714416,0.0694452978385134,0.0502873665279073,43,51,8.76033514821279,-0.00597443204158998
"初级",549.278399998122,586.417170207394,-0.554255219012124,-0.399256480415096,15.7053382202954,24.4085921361964,0.0486292796966809,0.0794672405045397,50,47,37.1387702092718,0.154998738597028
"制服",574.6151836761,572.085813946916,-0.390293591248873,-0.389428948063553,23.0708879982472,18.2120629923867,0.0803642888178217,0.0621274107990837,49,43,-2.52936972918303,0.000864643185319647
"刺客",540.020215696827,572.783829789723,-0.510279447262191,-0.344090631094161,13.9548506605275,24.8958596833381,0.0574546092017296,0.0975778718510763,51,47,32.7636140928963,0.16618881616803
"刺客.1",517.983541663177,573.448395330006,-0.620258874282092,-0.425672004911676,17.7864154968078,24.6521445453638,0.0555307699833846,0.0890135583286788,48,43,55.4648536668286,0.194586869370415
"剧院",615.569066662087,550.704105258398,-0.289825715757513,-0.550401320309974,17.871472899936,13.7833125737338,0.0620854946736841,0.0482359800007777,120,57,-64.8649614036885,-0.260575604552461
"副本",580.562411772068,628.73402126673,-0.28235438610727,-0.203955362234567,21.4199589745977,27.7840632960099,0.104571177828061,0.100365283253415,51,47,48.1716094946626,0.0783990238727024
"力气",608.932022763391,560.175336134048,-0.344448851006028,-0.489287104344219,37.0206526315025,15.5944118420267,0.100118357760865,0.0574247288078158,44,119,-48.7566866293429,-0.144838253338191
"劝告",551.01910638728,562.115729168976,-0.429778612326417,-0.487421337359359,17.262259659232,22.2385994280296,0.0642227919771372,0.0769723795886154,47,48,11.0966227816961,-0.0576427250329417
"功能",542.825329109675,547.636444480451,-0.639158599647897,-0.459685071949037,17.7302547720705,19.5259425715088,0.0551612729977188,0.0729996128815819,79,54,4.81111537077641,0.17947352769886
"动作",525.125673093415,530.357833337738,-0.573399334677144,-0.587456134669271,23.7078148102537,26.9392411570025,0.0860898049885622,0.0836792768553296,52,48,5.23216024432384,-0.0140567999921278
"动物",507.175949153533,534.964395837448,-0.672493772439051,-0.650498013270496,16.8875662352104,20.0710301490191,0.0614972328192459,0.0666033833995133,59,48,27.7884466839151,0.0219957591685547
"动脉",535.855499994478,614.79007317109,-0.582255607545637,-0.243167776908017,18.2863700313263,31.0540315007442,0.0544144636386944,0.089904569313911,56,41,78.9345731766119,0.339087830637619
"助手",586.64037499096,586.439879991602,-0.516984538540857,-0.416354050613354,33.4988682473459,26.5276176095245,0.0809035460423104,0.0835244731945605,48,50,-0.200494999358625,0.100630487927504
"勃起",713.865499999286,740.032324989321,0.114367646519003,0.287754891831294,35.1238133397689,29.6611743539204,0.122587562119547,0.12489672133848,38,40,26.1668249900347,0.173387245312291
"勇敢",551.83629787097,526.387625007115,-0.540917184943219,-0.574013449414605,29.2410297155544,19.5856573431988,0.0849131069383399,0.0785694128811279,47,48,-25.4486728638548,-0.0330962644713861
"勋章",581.637017553581,671.626913043722,-0.372686574958368,-0.195473509826293,24.7847582703424,37.4563156988472,0.0775484026065772,0.0997831907006308,57,46,89.989895490141,0.177213065132075
"勒索",616.579872345662,671.199108103004,-0.313625054995585,-0.145724326995289,27.4273374854958,43.5148454299226,0.102391339160481,0.0876756039181703,47,37,54.6192357573415,0.167900728000296
"包裹",596.112666645389,596.533999999824,-0.294833439867701,-0.426178873232428,23.9605174380134,37.357849429234,0.0881528987881014,0.0780266629055914,45,51,0.421333354435092,-0.131345433364727
"北方",503.461938759677,610.603869562112,-0.67275526044979,-0.302264645259766,20.0727742408846,29.3117881923125,0.0791583860867936,0.101259074767859,49,46,107.141930802435,0.370490615190025
"医治",566.942576911751,653.77431249799,-0.389223242705255,0.00153254939267675,25.7762453616489,24.6808179993973,0.103567594621882,0.108607148435725,52,48,86.8317355862383,0.390755792097932
"十二月",509.720549994807,635.915428565936,-0.786837868303729,-0.301969350837732,31.8778572392878,37.1382815029395,0.0629070109050426,0.09968532688471,40,42,126.19487857113,0.484868517465997
"十亿",539.092744199306,626.311456153246,-0.473233864190575,-0.228351500802516,17.0064931929631,18.9040948062238,0.0847710444457424,0.0683354849689034,43,57,87.21871195394,0.244882363388059
"十年",566.295800019622,596.679578946856,-0.37068385798231,-0.416656290130608,27.2818318977285,36.4466599656851,0.0934610278681749,0.0798350572056209,45,57,30.3837789272333,-0.0459724321482984
"十月",508.083136354843,618.82287273291,-0.749674014088015,-0.302937685872569,28.9106108282904,18.8358270004504,0.0780166467769172,0.0664987670491301,44,55,110.739736378068,0.446736328215446
"升高",649.152155563597,689.813999987733,-0.254476365014941,-0.0263942102221212,40.8624962085994,28.4646527466687,0.0924018643542155,0.107610386421286,45,64,40.6618444241357,0.228082154792819
"午餐",577.171365391084,585.687420302965,-0.568297265689087,-0.293323885872438,42.4665589572349,20.1514343651861,0.0830957904689407,0.0723035449228938,52,69,8.51605491188104,0.274973379816649
"协助",624.667981484867,622.646779998547,-0.240147335437543,-0.210592405682943,27.426191224044,25.5976579713552,0.0966244756868521,0.0949867010521342,54,50,-2.02120148631923,0.0295549297545997
"协议",546.448255332056,584.724083322949,-0.539968081606301,-0.346160259525984,20.8939320375482,18.9912333130375,0.0657544568137511,0.0733129369788988,47,48,38.2758279908925,0.193807822080317
"协议.1",536.741142857285,607.547300002445,-0.533918397612687,-0.320430618926747,24.8862112969694,28.1689868848212,0.0876388240289028,0.0898488874658593,49,60,70.8061571451598,0.21348777868594
"博物馆",526.351137940011,569.314711132312,-0.60430560367575,-0.536373209495313,24.5660834379433,24.9359076880204,0.0880872838361144,0.0831570886651972,58,45,42.9635731923011,0.0679323941804371
"卡特尔",708.749866682007,900.214777787449,0.0773718220300237,0.882033204592505,44.5384764587009,56.8154144288795,0.138338941809044,0.221694214432949,30,18,191.464911105443,0.804661382562481
"卡车",602.202224487286,652.528244885424,-0.344650895936492,-0.203459837756792,21.3495519970235,31.2691665499055,0.0720629288394749,0.0930047338450455,49,49,50.3260203981375,0.1411910581797
"卧室",500.40326828425,609.250642851263,-0.672095442417191,-0.403546634650797,17.947186842201,44.568444370899,0.0608095063336875,0.094899179600329,41,42,108.847374567013,0.268548807766393
"卫星",556.157596763584,587.448661762728,-0.512097104107116,-0.421384757906873,21.0896943779643,18.2014097606027,0.0698816318754496,0.060531464277467,62,68,31.2910649991438,0.090712346200243
"危机",510.725739132765,564.628021272148,-0.682525543751329,-0.541392471592572,18.4580576875523,35.3204970213731,0.0586698574013955,0.0752306017522833,46,47,53.9022821393827,0.141133072158757
"危险",554.499593741828,524.033408176361,-0.538665031277127,-0.679458484028033,17.7296944037236,24.8111677032948,0.0558506129193377,0.0699082664365305,64,49,-30.4661855654666,-0.140793452750907
"危险.1",554.499593741828,533.252500013201,-0.538665031277127,-0.616124233008653,17.7296944037236,17.429427493636,0.0558506129193377,0.0633134707720196,64,50,-21.2470937286272,-0.077459201731526
"厄运",612.565854167189,665.482530603709,-0.281838610973601,-0.179072057561757,25.5220690226519,29.7837279077584,0.0800687503717398,0.0815945024703014,48,49,52.9166764365203,0.102766553411844
"压力",549.305849045413,589.688456533223,-0.557562201629392,-0.439502252034294,21.6645835754095,27.1717929518924,0.0729615355317696,0.087169979244744,53,46,40.3826074878099,0.118059949595098
"厌恶",603.068275869165,585.51603999411,-0.333092439334725,-0.375034851571241,28.0543821522792,23.7354530608399,0.0892703224866781,0.0747268388832723,58,50,-17.5522358750549,-0.0419424122365154
"厘米",592.719638318638,593.797904758359,-0.409380220099167,-0.331694666756576,37.1370173898202,26.1067705327721,0.0875533311978353,0.0958643066720149,47,42,1.07826643972066,0.0776855533425905
"厚",533.251931803972,732.004976174508,-0.598962379719204,0.130204074882846,25.499359815137,41.9429695666305,0.0749762935542976,0.139196411780755,44,42,198.753044370536,0.72916645460205
"厨师",517.189799999834,537.499300005822,-0.680630456059388,-0.54073251545722,21.8115985730992,29.6264743936924,0.0705897161913283,0.0936804387201611,45,40,20.309500005988,0.139897940602168
"去掉",617.592016117478,648.858581379986,-0.271267798087261,-0.0573426539612029,17.8656497460992,33.5280997305192,0.0713453631015793,0.132937834720967,62,43,31.2665652625078,0.213925144126058
"叉子",633.589714287489,689.011047609317,-0.271184715055002,0.081930872827014,30.6353888266687,23.0267476073154,0.113027997408286,0.0945567841879942,49,42,55.4213333218278,0.353115587882016
"友好",545.996108677705,575.238297877922,-0.550374956298131,-0.442507718133693,21.5004272203086,22.432781868714,0.0734061068493531,0.0787041789454739,46,47,29.2421892002176,0.107867238164438
"友谊",509.877937497477,539.550075458977,-0.675574873941902,-0.59540877390909,17.814724789017,21.2262849161872,0.0753707873051774,0.0629821127351204,48,53,29.6721379615001,0.0801661000328113
"反应堆",691.902690473964,670.235191498687,0.204698039978566,-0.0929656117112022,31.8032741280027,25.1217945511959,0.130903576196528,0.0872813630156255,42,47,-21.6674989752764,-0.297663651689768
"发射机",549.353450979699,661.459581425514,-0.523637528782776,-0.0408472551856042,28.7087587918484,26.8923819289392,0.0761364919863678,0.0928139082136619,51,43,112.106130445816,0.482790273597171
"发展",587.722979586906,536.000863631196,-0.4034395738846,-0.549315999310597,30.6879426845149,26.6145359238014,0.0952393161820843,0.0913964466894936,49,44,-51.7221159557108,-0.145876425425998
"发热",608.682981469497,567.52311112941,-0.313867578413324,-0.487520624394124,25.2525875618587,25.3261335725655,0.0957063388989311,0.09346579613507,54,45,-41.1598703400873,-0.173653045980799
"发生",519.743769233347,586.166808505753,-0.661015138326695,-0.336581138906007,16.1827259522755,29.8985541131631,0.0555652903225456,0.124311464168439,52,47,66.423039272406,0.324433999420688
"发言",525.114285717466,613.708339276136,-0.608385884047157,-0.216984885579062,17.8510362041581,29.125957973865,0.0690028642199844,0.099309116738884,42,56,88.5940535586697,0.391400998468095
"发送",517.069276597357,572.071354171452,-0.596132494915739,-0.382340685642674,20.7609784559335,20.5577368093584,0.0678936595884643,0.0820774863918531,47,48,55.0020775740945,0.213791809273065
"取代",573.736852453721,622.865982447543,-0.477050975668918,-0.184182749208474,17.9997836247209,20.7211982318013,0.0713679991663278,0.0831262481587239,61,57,49.1291299938221,0.292868226460444
"取胜",637.891459458652,702.883260872595,-0.142515463188782,0.0511152428800093,34.7454113662088,37.8483180307427,0.119582554191954,0.118824030112036,37,46,64.9918014139422,0.193630706068791
"受伤",531.290883720204,544.310468085743,-0.5412823895482,-0.567683334185462,28.9149805833803,28.4989826391235,0.104886942283183,0.0957454757879925,43,47,13.0195843655387,-0.0264009446372615
"叛徒",575.361763635879,590.561499989371,-0.394807079404494,-0.275990610986549,20.322364199166,18.7130298849234,0.0761296560631457,0.0857903807068412,55,56,15.1997363534921,0.118816468417945
"口渴",551.992418607458,596.166631586966,-0.512470499733886,-0.282612145629258,23.5981163808739,25.5031102009932,0.07740485426344,0.105843200824387,43,57,44.1742129795073,0.229858354104628
"口音",575.5197777744,587.914711550961,-0.374562665780334,-0.301986733429106,28.0435293299674,18.7518392857195,0.109942181721112,0.0820740603606896,54,52,12.3949337765609,0.0725759323512283
"句子",545.448032268879,595.303563652352,-0.531128478920674,-0.341351214944563,19.8442683842851,16.8578718308544,0.0656794951040745,0.0609682085293375,62,55,49.8555313834729,0.189777263976111
"可信",670.900666680115,599.275655178405,-0.162861775698577,-0.310709063227685,31.974571368038,30.09641529952,0.107181328887618,0.109086774501689,51,58,-71.6250115017097,-0.147847287529109
"可怕",506.787039989362,553.967276591674,-0.70385877665537,-0.51697629719197,21.1887360934698,21.0251693666965,0.0707069177500327,0.0639219675325432,50,47,47.1802366023127,0.1868824794634
"可怜",514.548742423677,499.759021746806,-0.715355442369852,-0.69773463822398,17.4616473677001,15.9309163168989,0.0481152369476267,0.0524257236882032,66,46,-14.789720676871,0.0176208041458723
"可爱",485.111679248632,529.378938768607,-0.866244288307272,-0.553156826399287,19.6291003425902,23.8945955858244,0.056732586208912,0.099384581146852,53,49,44.2672595199749,0.313087461907985
"可爱.1",516.898677413479,526.057148947379,-0.718004636417548,-0.597660541478623,16.0214245652253,24.9467172058794,0.0639255704760744,0.0705578223024263,62,47,9.15847153389961,0.120344094938925
"司机",561.347166661553,566.417191500578,-0.56349971895844,-0.469633452864266,27.1356584854228,23.7015752173186,0.0755951306423802,0.0815982451325876,54,47,5.07002483902545,0.0938662660941738
"吃饭",511.196479175394,523.196409093523,-0.640689433190575,-0.599601814780002,20.4572611832176,19.1290538004113,0.0725984709967554,0.0600150464916235,48,44,11.9999299181292,0.0410876184105734
"合理",489.02234694456,560.113729732139,-0.746246922908631,-0.501703911314927,16.5521018091956,21.5471832235049,0.0635204562617536,0.0711487556387351,49,74,71.0913827875788,0.244543011593704
"合理.1",572.676728808967,567.6397457699,-0.454743065364535,-0.424177763570683,29.2976185661333,18.1625112855743,0.0863602260355768,0.0656968035195276,59,59,-5.03698303906708,0.0305653017938521
"合规",557.361132077097,703.46063414117,-0.565492970642155,0.000224703414387076,30.6515242970467,46.9136982247308,0.0949029396344021,0.136844381325259,53,41,146.099502064073,0.565717674056542
"吉他",565.640392168806,577.752539700892,-0.466099999310897,-0.347266681424139,32.6717498292471,18.0191425364435,0.091995639212568,0.0587453064793239,51,63,12.1121475320861,0.118833317886758
"同情",500.863885248992,598.781770839992,-0.612143260453357,-0.279945067731731,15.4690534217111,22.0717898107499,0.0588827598523621,0.0835518338180208,61,48,97.917885591,0.332198192721626
"名声",577.558673465936,595.919928573038,-0.411930770890206,-0.381773995946384,18.4980464211787,29.0559820541672,0.0767957800298878,0.0815051194763657,49,42,18.3612551071019,0.0301567749438219
"后部",607.077717397291,722.785085715619,-0.254414667949077,0.231652828318395,34.7621081678798,42.3858776410071,0.132663548624824,0.153698771992825,46,35,115.707368318328,0.486067496267472
"吓唬",612.277142859522,581.660282616571,-0.274142073456609,-0.408824826217628,28.3235950644155,21.8299496031487,0.0937155233466,0.0724188284179583,42,46,-30.6168602429507,-0.134682752761019
"吗啡",650.498276603007,797.627628563554,-0.132050937847607,0.517041903900551,24.5068595789886,28.0955207048899,0.0798786782230961,0.130260882732034,47,35,147.129351960547,0.649092841748158
"吸引",566.339042572851,606.85974418012,-0.478869920244369,-0.361889578061796,24.0358647507399,37.6058071576915,0.0832146608012044,0.115757249076704,47,43,40.5207016072685,0.116980342182572
"吸血鬼",595.599804337747,605.141066659102,-0.350057562370856,-0.20836535074546,25.6946616163608,18.8686764329375,0.0845175299837631,0.0977235180561495,46,45,9.54126232135582,0.141692211625396
"告诉",504.751654553237,526.596437497378,-0.690457229683006,-0.664451207214019,14.6300051907652,9.89238033469593,0.0611753080206724,0.0421125291145534,55,80,21.8447829441408,0.0260060224689869
"呕吐",579.602624995513,589.590395381018,-0.491668998200271,-0.415839020971381,28.400003213174,28.2025884347238,0.0858998813816119,0.0978545658249582,48,43,9.98777038550554,0.0758299772288896
"周二",506.906897956716,591.409604642988,-0.747974938562058,-0.417505055642228,28.2727740052139,24.0716256109611,0.105492829527856,0.0837377192858163,49,43,84.5027066862726,0.33046988291983
"周围",542.37205554801,530.097050002361,-0.568037557767223,-0.533716534779361,14.5639916578464,18.0539575003847,0.0451157820105682,0.0749045937187055,54,60,-12.2750055456487,0.0343210229878618
"周日",515.513035723384,579.506800002284,-0.737340962742362,-0.39477943015095,13.3338677590641,19.5478901656663,0.0446989546584536,0.0745953006129437,84,45,63.9937642789002,0.342561532591412
"周长",637.282511620803,730.151758631959,-0.244654489332643,0.14776467221522,39.9565811579106,46.9077112217047,0.119735439055092,0.176453949423815,43,29,92.8692470111552,0.392419161547863
"命令",554.337963644406,582.392000013489,-0.463172480702925,-0.412923753648808,17.4327763413527,23.3547245280741,0.0638080172265269,0.0940062502808908,55,48,28.0540363690832,0.050248727054117
"咀嚼",538.723692302158,634.577512829485,-0.518619112474744,-0.139119266829667,14.6175134553775,22.4818049212829,0.0644491997585245,0.0946227602913761,52,39,95.8538205273272,0.379499845645077
"和平",565.155441869299,525.019200007049,-0.60986670747796,-0.626733964903906,38.2950411200756,16.0470833754393,0.109061349749108,0.0625161132187498,43,50,-40.1362418622498,-0.0168672574259456
"和谐",548.301132362046,541.785707316417,-0.501670018264749,-0.491004109500817,20.7381177009384,14.2578251633993,0.0622608296266659,0.0506809565022392,68,41,-6.51542504562906,0.0106659087639329
"咖啡",516.233078420505,521.105292687318,-0.606099960162193,-0.581173486736873,18.3520324158336,20.639002235689,0.0697974679548101,0.0876130207941478,51,41,4.87221426681299,0.0249264734253197
"哨子",645.036283328362,772.199051727018,-0.0864168386080703,0.230806246027728,23.1789848276322,36.0722270326382,0.103680016284751,0.11628883786522,60,58,127.162768398655,0.317223084635799
"售卖",591.124851055196,711.385272735613,-0.351205498986936,0.0365158569071963,19.7105164069325,36.8436152611657,0.0739889436517202,0.115305644619976,47,44,120.260421680417,0.387721355894132
"商业",494.182720007727,560.73000000427,-0.730197185654514,-0.497966773796999,14.121712454528,29.9769030146767,0.0589080727628931,0.0876938437601688,50,48,66.5472799965426,0.232230411857514
"商业.1",520.052297887731,503.686312494954,-0.628724484694421,-0.705043002301507,14.5035769889223,13.1225810733196,0.0767380070944957,0.0417458182566959,47,48,-16.365985392777,-0.0763185176070854
"商人",517.84262963142,526.638719507426,-0.681097318353413,-0.673303737399774,14.1167553541119,15.4330987205457,0.06086151631732,0.0545712885490866,54,82,8.79608987600591,0.00779358095363858
"啜",941.961166677231,945.748559995126,0.651209009874537,0.586895026594303,56.8822937666836,100.812922791381,0.163336537496971,0.154983918783749,24,25,3.78739331789563,-0.0643139832802347
"啤酒",530.314733333558,546.558630449489,-0.583975588126029,-0.563044228363133,18.2099145373173,20.1739883073169,0.0846146417661314,0.0625456758192194,45,46,16.2438971159308,0.0209313597628957
"喜剧",494.646727248064,545.535912271192,-0.702238624475114,-0.490096636618215,18.3554243959712,19.0966882561305,0.0566166054145621,0.0618129604157034,44,57,50.8891850231284,0.212141987856899
"喜悦",540.366727257795,535.175399998943,-0.546820389180207,-0.512346970275248,20.3382365736735,13.2158004095548,0.0645319001935967,0.0582899690463302,44,45,-5.19132725885197,0.034473418904959
"囚犯",579.290652179261,687.068190472954,-0.500118235302932,-0.141769039179798,25.6161450599773,31.6379475614499,0.0701256288710705,0.0966344579134338,46,42,107.777538293693,0.358349196123133
"四个",480.522339984184,672.41314582889,-0.835035421401558,-0.0506282341276722,16.1410531027554,34.5573511696573,0.0775051649120828,0.111743299932216,50,48,191.890805844706,0.784407187273886
"回复",541.539342470285,551.399288483014,-0.625437047611215,-0.523469582899401,13.0440057382469,13.104240156384,0.0473275737507961,0.0535013851857952,73,52,9.85994601272898,0.101967464711814
"团体",570.487000013394,603.112074997105,-0.464033285655807,-0.315098164751302,24.3218213217442,28.3208853019721,0.0698048145648667,0.107797703484523,52,40,32.625074983711,0.148935120904505
"团队",560.585499995131,542.272775509532,-0.469626962045079,-0.543554735435336,28.6528831036128,18.1775790049596,0.0977311581638406,0.0698259505969889,46,49,-18.3127244855984,-0.0739277733902565
"困惑",585.724782607331,590.826041663002,-0.370246355149206,-0.317839072542313,26.1322508497283,23.5963507598249,0.0996973643139916,0.0930665520289361,46,48,5.10125905567043,0.052407282606893
"困苦",602.0425416723,743.539418589023,-0.420671564097394,0.243363663672813,33.0188703154505,40.5965066057514,0.0966487273182943,0.13223470894528,48,43,141.496876916724,0.664035227770207
"围绕",594.563979604627,630.045759997081,-0.322725106001547,-0.278086160894,24.5587345161214,26.0773098657965,0.0874888899229897,0.0864367813316684,49,50,35.4817803924541,0.0446389451075469
"国家",508.417733335824,496.458679992236,-0.654994566272802,-0.73490877251068,26.6767239265914,12.6290045268514,0.0829344115313568,0.0430535596458236,45,50,-11.9590533435886,-0.0799142062378781
"国王",518.050396230597,581.612639997729,-0.68262312470825,-0.439937355814416,19.383773481342,35.2655823167207,0.0723625035057582,0.100426438296626,53,50,63.562243767132,0.242685768893835
"地区",532.00804348572,554.637916665672,-0.565690794819783,-0.540833106501682,21.7154622426144,21.8301324022145,0.0747419227217,0.0736267624351446,46,48,22.6298731799518,0.024857688318101
"地图",542.804786887378,518.861666651369,-0.586673624896706,-0.647110860061482,22.8055692198152,24.1937028612117,0.0699188490103989,0.0772289644926295,61,42,-23.9431202360086,-0.0604372351647763
"地址",514.607813952738,546.747695643513,-0.587153278851021,-0.589290651791568,19.9663293813688,25.8274473214879,0.0703901162666688,0.0854906506973098,43,46,32.1398816907745,-0.00213737294054683
"地带",753.768704547651,656.826888894473,0.18715117425927,-0.0654222821265324,41.3133010117545,28.7856441442902,0.139484890760288,0.109876118891038,44,45,-96.9418156531777,-0.252573456385802
"地狱",496.367755115611,563.888319143648,-0.74726864101077,-0.437817341017268,14.2362774747243,16.3210328246281,0.0450491179439518,0.0822026280500776,49,47,67.5205640280377,0.309451299993502
"坍塌",631.159795460289,693.125468070227,-0.120012837276019,0.0662358407199565,24.8338223536198,25.9217491967908,0.0888799861105846,0.0882922418192289,44,47,61.9656726099381,0.186248677995976
"坐下",590.595609742065,672.24657143916,-0.437663593454026,-0.095350854672806,45.7814959287339,25.6195335847898,0.111298308667686,0.0801579180634521,41,56,81.6509616970956,0.34231273878122
"坚定",532.899844447903,568.279440008782,-0.603544439545554,-0.597958966817697,24.6142365870823,37.7605321492619,0.0649228696108917,0.0746484074788742,45,50,35.3795955608792,0.00558547272785626
"坚实",578.501744695962,587.250781828459,-0.452655371177213,-0.374153409981662,31.1817120139705,25.1385453696686,0.0954892407482418,0.0743816163749718,47,55,8.74903713249716,0.0785019611955509
"坦白",529.01997917533,602.096615373596,-0.650359818620614,-0.360335912124553,19.8380391926079,20.2430440933633,0.0618846170579947,0.0724809469469799,48,78,73.0766361982658,0.29002390649606
"埋葬",626.251181809627,622.927500006524,-0.416130688124801,-0.262463550281365,51.6519513566721,21.5880958815857,0.0836496008237144,0.0651481326272747,44,42,-3.32368180310311,0.153667137843435
"城堡",514.978782613909,540.853093023598,-0.645546438165325,-0.492586549922427,13.9405965929873,21.2800109005284,0.0530644477863277,0.0819598412003516,46,43,25.8743104096891,0.152959888242898
"城市",534.692999991848,496.249842109817,-0.644058034034198,-0.679836004755823,36.013783295288,20.1358485979071,0.0856044687463567,0.0807827351226546,44,38,-38.4431578820307,-0.0357779707216256
"基督教",546.995666680442,638.276213333072,-0.505393832482263,-0.224664710131889,19.3808577294416,14.5460826060686,0.0738450995568432,0.0442672900636413,57,75,91.2805466526293,0.280729122350374
"塑料",550.784532467959,570.39178002653,-0.575083876692545,-0.461904931735862,15.5593430491207,33.9211105122496,0.0486638704973307,0.0902128729718548,77,50,19.6072475585711,0.113178944956683
"壁橱",698.03029629984,750.978727266407,0.0882664443072253,0.206273245902968,26.5950604145402,35.8216781277538,0.103928167350387,0.117972479788952,54,44,52.948430966567,0.118006801595743
"壮观的",505.253481483426,681.746510217514,-0.702392524811166,-0.0918271397054342,14.7990555828081,26.5814187869042,0.0526050393644662,0.0855897026350076,54,49,176.493028734088,0.610565385105732
"声响",551.664096780471,662.838277784013,-0.510413896534217,-0.276274463904621,25.2153175248571,63.4639934561428,0.0735586664939382,0.100001553682434,62,36,111.174181003542,0.234139432629596
"处决",603.181061220793,679.278770834499,-0.39336777269227,0.038518976797087,26.1988602690792,25.0777265131965,0.0775010789224906,0.101853448487871,49,48,76.0977096137057,0.431886749489357
"外星人",560.383607830456,544.753446807996,-0.519100526793795,-0.45769019279182,27.2744468567374,18.3753372780897,0.0660864277490857,0.0632085249049952,51,47,-15.6301610224593,0.0614103340019755
"外面",540.305938765414,572.317380023333,-0.59465492405494,-0.581880908171789,31.4634482841581,34.800823697512,0.0885268720690457,0.0841346736124762,49,50,32.0114412579182,0.0127740158831517
"大众",565.469086938991,599.087291667655,-0.368676766835151,-0.378578627303616,17.3979785776771,33.262615561644,0.08085694824551,0.0974280204562207,46,48,33.6182047286644,-0.00990186046846531
"大夫",568.957645806431,678.545340912128,-0.470812340012837,-0.0927090694349356,26.1799169988678,32.9370820005201,0.0774514306112229,0.0967083841233375,48,44,109.587695105697,0.378103270577901
"大学",548.585755548393,487.42747059225,-0.579768405224983,-0.706922499190026,11.8896447232869,16.8725035484813,0.0502717598337955,0.0576929404889403,90,51,-61.1582849561435,-0.127154093965043
"大概",531.407199983734,588.711866643335,-0.633928952091858,-0.355479616081211,8.24272427991484,23.5586412213611,0.0365960335987022,0.0844790014327712,75,45,57.3046666596013,0.278449336010647
"大概.1",531.407199983734,605.397071448795,-0.633928952091858,-0.436771637101137,8.24272427991484,44.5592609139629,0.0365960335987022,0.0958637075690442,75,42,73.9898714650607,0.197157314990721
"大概.2",531.407199983734,560.788979998485,-0.633928952091858,-0.440578416773817,8.24272427991484,25.7551040565639,0.0365960335987022,0.0867308158043118,75,50,29.3817800147505,0.193350535318041
"大脑",643.569499989325,609.873622635793,-0.214780367324762,-0.367090920331238,23.416114125036,35.7175331374803,0.0733603212115974,0.0951434026991054,104,53,-33.6958773535322,-0.152310553006476
"大西洋",531.49860419358,626.347891306963,-0.614092710033571,-0.158475083835866,14.8115121833091,23.8537684317974,0.049495433837212,0.093235122472697,48,46,94.8492871133836,0.455617626197705
"大门",542.92474075104,651.463237298649,-0.60971374498158,-0.290303250479275,22.440076584932,33.2188138458788,0.0811243844156017,0.0910787068564544,54,59,108.538496547609,0.319410494502305
"大门.1",627.34834693798,593.620948284693,-0.325508138096052,-0.281792273755574,34.695346496308,17.7724539872093,0.101155560201595,0.0682890938652588,49,58,-33.7273986532867,0.0437158643404779
"大雪",493.820345455398,554.963217390802,-0.845782953315852,-0.537573240047525,22.5347650594415,20.5430281773209,0.0529109823254335,0.0711580579819081,55,46,61.1428719354041,0.308209713268327
"天国",727.930488387887,754.92038460779,0.0953547435276136,0.154555382020215,49.3397879529457,41.2818967890519,0.150923377545105,0.120120915952938,43,39,26.9898962199031,0.0592006384926011
"天赋",545.803055560017,544.263326093552,-0.569933610754691,-0.583257560818844,15.9407689945857,34.3012063182734,0.0530289220126869,0.0687569611776019,54,46,-1.53972946646502,-0.0133239500641531
"太阳",491.31328259854,613.049978259791,-0.751384668336837,-0.290018926166991,27.2925216549499,24.6868672801513,0.0890178084790822,0.0983082832608018,46,46,121.736695661252,0.461365742169846
"太阳.1",499.735215697671,524.979408163058,-0.63994113871027,-0.67039782641681,21.1752863716052,26.9763285300827,0.0803456001359205,0.0585757227324976,51,49,25.2441924653863,-0.0304566877065401
"夫人",518.593790724947,566.447634587843,-0.641191440069699,-0.470461197643907,16.5614373345499,34.0038788896209,0.0558602634899708,0.0919003399221635,43,52,47.8538438628959,0.170730242425792
"失望",516.001241391354,561.012339991371,-0.634693155416213,-0.488703817117069,18.4895385936319,20.7550325552337,0.0668613470702543,0.0790114419796503,58,50,45.0110986000161,0.145989338299144
"失败",546.16617020174,520.660354171082,-0.589153055692929,-0.566198731267472,16.9069430655702,14.0863142683744,0.076712323582601,0.0526805255250035,47,48,-25.5058160306576,0.0229543244254565
"失败.1",609.661824997336,537.66195834095,-0.293861690681372,-0.57688839239622,31.2901319707138,15.8721694411759,0.109372252676194,0.0546225048570751,40,48,-71.9998666563866,-0.283026701714848
"夸大",712.072155537166,698.089999988927,-0.014478834594544,-0.0451100258605707,38.5543600882546,43.5399996738067,0.113655738082024,0.126861831760527,45,44,-13.9821555482395,-0.0306311912660267
"夹克",555.728255800198,719.303095238763,-0.405740197738272,-0.0106354311154749,19.6448651467372,44.1652748887563,0.0655890523592219,0.0975248769681657,43,42,163.574839438565,0.395104766622797
"奇怪",538.469847826246,521.341638305921,-0.592723620599707,-0.609899437383685,27.4389868150177,21.9592520294383,0.0900463204854311,0.0716385863472362,46,47,-17.128209520324,-0.0171758167839781
"奉献",566.177407413002,609.001468085565,-0.562458326199863,-0.343178164893457,26.3276171483136,27.1789862672292,0.0654196023226643,0.081222361277618,54,47,42.8240606725628,0.219280161306406
"奖章",547.958022734617,631.135774993645,-0.513349018494479,-0.242495061330047,23.3938348973129,30.6954287494119,0.0642160722394321,0.118972357085305,44,40,83.1777522590276,0.270853957164432
"奖项",628.738553208182,552.261782593951,-0.289365606174919,-0.449115935548609,26.2686101621673,21.8523060575376,0.0809409450142006,0.0759334668221317,47,46,-76.4767706142313,-0.15975032937369
"女佣",633.331423079081,674.165873023108,-0.2255873820946,-0.0821137652447927,32.6465563048113,32.0683739218916,0.101871425478287,0.0945979808743198,52,63,40.8344499440275,0.143473616849807
"女士",597.010041664603,611.668000004458,-0.455275044967568,-0.378756317764067,48.2651299812541,40.7283733645922,0.0988545734436399,0.10335711058261,48,51,14.6579583398544,0.0765187272035013
"女孩们",466.127159090808,681.671756090422,-0.7965217735147,-0.049737397070996,15.7498617004653,19.3291612274664,0.0564355664954956,0.0650066688730099,44,82,215.544596999614,0.746784376443704
"女性",444.792145834977,541.592486486871,-0.920207204330244,-0.483317451235132,14.7652901885926,24.7317841784066,0.0503373223768569,0.0885877401694224,48,37,96.8003406518944,0.436889753095112
"女爵",563.198783337644,721.225046523292,-0.520132938694272,0.0668966817986321,25.5411617477949,39.2469701009289,0.0837939518141299,0.124992203804526,60,43,158.026263185648,0.587029620492905
"奶奶",467.424347818814,503.4270199946,-0.838338082314651,-0.706370831806345,25.0710249866007,13.0422568307301,0.0707636983438105,0.0395269330532776,46,50,36.0026721757859,0.131967250508305
"妈妈",455.824888884714,606.922240765482,-0.869656074723953,-0.289379322917757,17.5883074680677,23.6705167513631,0.0755178885527193,0.0719284207161923,45,54,151.097351880768,0.580276751806195
"妻子",515.460160001099,648.159127655863,-0.723599965940427,-0.317002957545376,30.3241964962539,38.9291170308494,0.0734478058404322,0.101105686644753,50,47,132.698967654764,0.406597008395051
"姓名",506.251301892006,530.552264175823,-0.661209524484094,-0.603920181267433,16.1260605767127,22.3034202037936,0.0626199720867438,0.0842491866525624,53,53,24.3009622838167,0.057289343216661
"委员",553.72218604526,553.778618203828,-0.48787253774753,-0.428013929021293,20.3210844925573,16.6324196592485,0.076350348580963,0.0727327612998752,43,55,0.0564321585683274,0.0598586087262374
"委员.1",579.72964705028,596.438207549615,-0.471503115094929,-0.381346585170827,25.8255600466495,22.4641747158025,0.0756329455108859,0.0743785840328891,51,53,16.7085604993346,0.090156529924102
"婚姻",511.789387770664,561.271409088674,-0.639240594598821,-0.503287858899541,13.0609122664447,25.768736150228,0.058753113049443,0.0708783001485448,49,44,49.4820213180104,0.135952735699279
"婚礼",521.596931029077,530.570600011985,-0.637488318694259,-0.593636201081019,18.3860235475101,24.0772635290953,0.0668322206406653,0.0766057707140449,58,40,8.97366898290852,0.0438521176132406
"子弹",595.865269233869,601.737115384951,-0.419999338668006,-0.230355179380535,18.6324667219838,20.396667997288,0.0708147753206028,0.0680439979047151,78,52,5.87184615108197,0.189644159287471
"学习",502.067450976089,508.352121954143,-0.792000066032026,-0.706847280137772,15.3631196897267,30.0721631718125,0.0603470337564218,0.11003734468054,51,41,6.28467097805378,0.0851527858942535
"学校",503.834451003639,526.894317462969,-0.784980856344439,-0.654229362905439,16.2276674701685,24.9054179054033,0.0573584772001122,0.0592108119479584,51,63,23.0598664593295,0.130751493439
"学者",562.954600003389,549.301704921053,-0.41819277212012,-0.447846216595081,20.0541431527223,17.760631907713,0.0682720749801494,0.0628230935755783,50,61,-13.652895082336,-0.0296534444749609
"孩子",486.074511626177,576.1214399872,-0.757304283902022,-0.484595399530408,19.6322296244238,30.281548549769,0.0565601483575351,0.100618286655233,43,50,90.0469283610229,0.272708884371613
"守卫",614.235370968639,609.057446805439,-0.239450020441962,-0.356581008685187,25.7536438121593,33.3050674845494,0.0904944380765911,0.089695289851337,62,47,-5.17792416319924,-0.117130988243225
"安静",509.55943860816,537.87780390772,-0.628588278537554,-0.65671306492005,18.3019009839042,23.11770232922,0.0679453839727233,0.0632345931278853,57,51,28.31836529956,-0.0281247863824966
"完全",504.327119986664,526.573395355346,-0.65721760924266,-0.654253308278316,19.1596905552025,23.2802222852522,0.0781069428824182,0.0738659251223518,50,43,22.2462753686822,0.0029643009643443
"完毕",594.26077357514,658.393042556787,-0.388168319937834,-0.240723989143884,24.1586201071127,37.2846251107251,0.102351974734098,0.1045393358372,53,47,64.1322689816477,0.14744433079395
"完美",486.53065909238,576.143125009394,-0.787959580605797,-0.425413909747398,16.2375951559446,20.0373677964861,0.0590902812910635,0.0762101369397743,44,56,89.6124659170141,0.362545670858399
"宗教",535.013480764664,603.8740666605,-0.514559645596533,-0.210443926971385,14.6666392901882,24.4678862207804,0.0526108947034938,0.104730302681826,52,45,68.8605858958367,0.304115718625149
"官方",560.563938764796,596.445490579954,-0.492737390392486,-0.494475924056046,28.3297043917541,33.100660369466,0.0995029382314833,0.089639175333888,49,53,35.8815518151584,-0.00173853366356069
"定义",613.921619992674,577.291590887501,-0.286693972007445,-0.379796484935006,30.8708214431737,26.4276317645239,0.117405896866356,0.0835048031011826,50,44,-36.6300291051734,-0.0931025129275609
"定数",739.250323520764,709.32858536798,0.131797050259941,0.0670041626453186,37.0233917906414,39.693706172084,0.130081550696428,0.126402934849384,34,41,-29.921738152784,-0.0647928876146226
"实际",521.645468086633,578.448560991513,-0.564795289532483,-0.469141298025721,19.0208672273972,35.3530718965658,0.0815544408610587,0.117282783373474,47,41,56.8030929048805,0.0956539915067619
"客户",548.617294113104,579.471740001284,-0.56237787615058,-0.498926917059423,20.2303988387407,30.9713143874273,0.0802531763564972,0.0869865116191831,51,50,30.8544458881802,0.0634509590911573
"宪章",651.751046510284,761.018583332902,-0.0502888573689126,0.309000308598644,23.3002087369418,25.9384706548994,0.0940574028330121,0.0874071378306008,43,72,109.267536822617,0.359289165967556
"害怕",512.806714302036,511.944607850473,-0.670040259012885,-0.683062989593969,19.279676067181,19.6771764152026,0.0657858229393345,0.0674420774315715,49,51,-0.862106451563136,-0.0130227305810845
"家庭",582.075082183867,550.405680854019,-0.445640265480426,-0.590516481391361,19.9702284364115,27.5752799483771,0.0692581153373622,0.076236503876682,73,47,-31.6694013298471,-0.144876215910935
"容易",506.534181838576,519.939288456727,-0.771809836157175,-0.699228597356994,25.6972748050144,19.3949318752033,0.0730383093024034,0.0658715370231585,55,52,13.4051066181511,0.0725812388001813
"宽阔",586.13587754327,657.16609090891,-0.368159218619104,-0.161498210288711,23.1443311297473,41.0882255371466,0.0910860323430472,0.134005630668764,49,44,71.0302133656404,0.206661008330393
"寂寞",558.31685714487,590.552613630969,-0.463066723549698,-0.374466787566826,25.3956436628962,24.5300885663924,0.0919666125155383,0.0822732664980361,49,44,32.235756486099,0.088599935982872
"密码",528.921403840431,533.893916655522,-0.572745831997483,-0.541034396108085,15.5401190619874,22.1673656350097,0.0600935379798274,0.0828389583359415,52,48,4.97251281509102,0.0317114358893978
"富有",579.273200021094,643.785025621896,-0.384091777035685,-0.153548549553696,30.9762951299618,35.4565133081592,0.0926091123285036,0.102209733458475,50,39,64.5118256008018,0.230543227481989
"寒冷",517.243466677996,563.601145442884,-0.590426393293009,-0.469903204260613,19.6251275208805,20.0531489718069,0.0691738506451751,0.0742413461521483,45,55,46.3576787648881,0.120523189032397
"对手",538.609531924858,546.510079987915,-0.485426250030803,-0.487108282743235,28.7888548065985,24.6997793336233,0.100904789230786,0.0826944613103353,47,50,7.90054806305761,-0.00168203271243178
"导弹",540.885466650425,544.889934781948,-0.536565047922101,-0.538374905729753,18.2657112182121,19.1498273557161,0.0726247262158437,0.0821870351474748,45,46,4.00446813152303,-0.0018098578076523
"导演",546.27373999303,557.183612243943,-0.59799751363133,-0.551907818858518,25.2738920112997,23.4529420969304,0.0752518898338223,0.0819904305442936,50,49,10.9098722509125,0.0460896947728126
"导线",598.210044431195,696.407671218348,-0.326354893126764,0.00804396566255045,34.1839568828836,21.4574364868169,0.11146487094709,0.0745007537163492,45,73,98.1976267871538,0.334398858789315
"射击",508.74927271692,640.241770864569,-0.708119009717432,-0.361181373071635,17.6212789737627,35.3882539107182,0.0565747267893506,0.101098567747261,44,48,131.492498147649,0.346937636645797
"尊严",513.72640740734,537.862071423177,-0.597438725456305,-0.547971606912034,12.6205441385663,17.3773405360938,0.046600413848343,0.0503009115288043,54,42,24.1356640158376,0.049467118544271
"小径",711.647399993061,793.613368440447,0.100280487212729,0.421554749479941,32.3686816614297,41.2248773824835,0.101321502873321,0.122146246223799,40,38,81.9659684473863,0.321274262267212
"小蛇",648.896749995221,713.185552375359,-0.170686119633838,0.194315739350798,32.5521263102543,16.0751270069429,0.116963095021754,0.0677482723422703,48,105,64.2888023801381,0.365001858984637
"小鸭",606.665337076979,604.827702120534,-0.350496529491328,-0.312483556549287,18.7647016624692,27.4290950736348,0.0655314678051479,0.109436839287572,89,47,-1.83763495644496,0.0380129729420412
"少年",521.086061243513,511.914620014679,-0.642905527100043,-0.605497109497777,22.5536300543232,21.796149960592,0.0703528348014156,0.0791338717496394,49,50,-9.17144122883332,0.0374084176022661
"尸首",696.648023806098,720.337302328247,0.103577805162915,0.197390463653167,36.0239980607558,29.395452130407,0.139946582569666,0.103215051001295,42,43,23.6892785221494,0.0938126584902516
"尿液",590.662795452084,623.944528303678,-0.436953248234393,-0.130329834419148,30.3619299630599,21.5478554509923,0.0546628642158824,0.0803797717348691,44,53,33.2817328515933,0.306623413815244
"局部",651.174054944575,701.4367692363,-0.204322102447108,0.133170243867554,20.2338723788653,42.5735719747676,0.070385192164967,0.138594186494244,91,39,50.2627142917252,0.337492346314661
"屁股",516.543773585058,566.239018877178,-0.617782243104746,-0.441948059804054,14.1711801505694,20.320820580458,0.0562968028152079,0.0729984521875127,53,53,49.69524529212,0.175834183300692
"展览",623.733266662892,697.306333338634,-0.285101301832527,-0.0509484133105778,35.5984926320584,38.179808422551,0.105938654910471,0.104848988326238,45,45,73.5730666757416,0.23415288852195
"山谷",611.622624982004,621.02935851165,-0.328828339956047,-0.183076574026126,28.2904790520197,19.6054626514958,0.0803587526511831,0.0728340333476725,48,53,9.40673352964541,0.145751765929921
"巡逻",576.120869586205,608.026029843332,-0.383014961561633,-0.371635492915668,23.710459090313,18.3969717333233,0.0938711291551806,0.0621156333946777,46,67,31.9051602571276,0.0113794686459648
"工人",507.159285724773,538.970415103174,-0.729792970397937,-0.556479014112222,22.1712049797189,14.0721362726368,0.0824599511978467,0.0696527783102504,49,53,31.811129378401,0.173313956285714
"工作",532.679306118641,513.999733332706,-0.713868782688453,-0.623117170339819,27.9197931540094,19.6388078445248,0.0764830227068363,0.067614057979557,49,45,-18.6795727859351,0.0907516123486346
"左边",509.100857144126,509.100857144126,-0.64004430832161,-0.64004430832161,33.2295617505821,33.2295617505821,0.127730090088603,0.127730090088603,35,35,0,0
"巧克力",509.856927263659,563.877837191991,-0.695069906567733,-0.481796526506342,11.1462410507232,27.3015919711469,0.0405145438822196,0.0911746085906835,55,43,54.0209099283318,0.213273380061391
"巨星",586.97575926248,768.156979577994,-0.323756978897661,0.213005633913079,25.2959402698231,43.738095480013,0.0931898571083031,0.129663652807214,54,49,181.181220315513,0.53676261281074
"巨额",648.110046509048,633.904181828799,-0.14087300134312,-0.220472471232437,21.92092671083,28.3111650567833,0.0828826750572174,0.0877236430810371,43,44,-14.2058646802489,-0.079599469889317
"巫婆",549.443702133372,659.887822220168,-0.478002795507714,-0.169091947571016,14.3727340479689,23.5072639188162,0.0749525844487264,0.0941324085951252,47,45,110.444120086796,0.308910847936698
"巫师",557.149038460853,596.126780001066,-0.506118404492618,-0.36976570702444,22.0198607249496,22.8328011112394,0.082826530801879,0.0703030739707145,52,50,38.9777415402127,0.136352697468178
"已婚",552.870630438748,557.66549999914,-0.471601393714203,-0.430090947806428,29.5072156120255,15.3152182702536,0.0983765015347308,0.0593129956437239,46,52,4.79486956039193,0.0415104459077751
"市长",512.530058847621,566.725511114399,-0.677062785299091,-0.432814154024383,15.5782137094616,24.7894983594065,0.0449504751295983,0.0864519074625122,51,45,54.1954522667781,0.244248631274708
"希腊",560.994627271697,608.877847824954,-0.494900965557635,-0.379262266983727,12.3187965592693,35.6084954145849,0.048497851459687,0.104117104507142,110,46,47.883220553257,0.115638698573908
"帝国",552.122434752482,582.975888869876,-0.55678191302603,-0.387024752033879,22.3220237419243,24.4197078305475,0.0512046333878722,0.0934973072832375,46,45,30.8534541173942,0.169757160992151
"帮助",521.597181819643,542.615630419386,-0.654093499903005,-0.566852699006764,17.5994146058968,28.367148888273,0.053788063865333,0.0757020864618135,55,46,21.0184485997431,0.0872408008962412
"帽子",498.073428577212,575.162276606448,-0.69216074376396,-0.523961796434127,17.9635524315871,28.1943602852779,0.0583680760976092,0.0743760878409695,49,47,77.0888480292359,0.168198947329833
"帽子.1",528.772903839232,532.975804352322,-0.627872935504804,-0.659147258385107,15.7013467683271,28.4558444732466,0.052250283231974,0.0462448542293521,52,46,4.20290051308939,-0.0312743228803034
"年轻",545.844936174154,547.222521751818,-0.554474031434794,-0.635138918612613,26.189782478044,33.5377869497909,0.0727624003178779,0.0865013325303867,47,46,1.37758557766426,-0.0806648871778183
"幻想",598.122000002431,569.104229170892,-0.423575788983552,-0.477638832686092,33.6966823819386,18.9666792766997,0.0831493258711221,0.061823075814844,61,48,-29.017770831539,-0.0540630437025391
"幻觉",513.236318176699,605.17228261609,-0.68034003521542,-0.335352276630935,21.2254618748985,24.3211570112595,0.0673843270192923,0.0761606165095613,44,46,91.9359644393908,0.344987758584486
"庇护所",636.911295073576,726.521134606211,-0.22268196200672,0.195110424581015,20.6782168482351,24.8019732717032,0.0685773343848661,0.0892964687182331,61,52,89.609839532635,0.417792386587735
"床铺",570.784509433779,661.274869586133,-0.445271497299603,-0.147605678105841,27.6413817137345,29.7992618976769,0.0850125115025985,0.112739637788849,53,46,90.4903601523548,0.297665819193762
"底部",584.942092583421,638.515509822066,-0.372719227295494,-0.187106712193782,29.4924262672855,27.4838156904932,0.085405446278004,0.0891933406775184,54,51,53.5734172386448,0.185612515101712
"废物",510.613893615424,541.605028555818,-0.655907981764323,-0.602992176911362,20.2881378542987,15.885278175809,0.0743583105733187,0.0632044161342623,47,70,30.9911349403933,0.0529158048529603
"建筑",547.021137937702,530.112218188138,-0.454351442828208,-0.524398466319865,12.7333598116252,16.0075858272757,0.069824042725116,0.0717681752464574,58,55,-16.9089197495641,-0.0700470234916574
"建筑.1",523.601050022155,561.194092591876,-0.574208163155854,-0.520524298048044,21.6317630441294,24.8532771298751,0.072067395361923,0.063293583418529,40,54,37.5930425697209,0.0536838651078098
"建议",547.583511114089,536.328100011665,-0.603659011444634,-0.562773445753528,39.7204032359296,22.2866676309507,0.0821077861097807,0.064066167351229,45,50,-11.2554111024242,0.0408855656911062
"开心",490.860155579034,525.932437539936,-0.77058292702807,-0.608570701349504,25.402748890444,24.739032945188,0.0737295738297143,0.0967816266356725,45,48,35.072281960902,0.162012225678566
"引擎",672.507388049679,620.742104162398,-0.0402204509665564,-0.231399264148958,19.1112482756829,14.981473969772,0.0745299286373507,0.0594041203104647,67,96,-51.7652838872813,-0.191178813182402
"录制",646.969106377838,574.155722233233,-0.343330067730287,-0.352645865844596,50.2168767801342,24.3744439105393,0.1122795878134,0.0818803603181869,47,54,-72.8133841446049,-0.00931579811430927
"影响",544.553962275017,551.171952383505,-0.568881382432141,-0.528579690251585,24.4190006677824,28.312333337478,0.0620227735439572,0.103867669634785,53,42,6.61799010848733,0.0403016921805557
"很小",526.310372543262,626.217260842746,-0.620839791533644,-0.156107548290656,25.6388937790506,23.6762593718817,0.0801382172647283,0.0902450791990516,51,46,99.9068882994834,0.464732243242988
"很少",549.589166682029,628.297166670234,-0.474395694100692,-0.278848536187973,23.6521373024192,40.6808440334039,0.106400919073532,0.100675345942599,48,48,78.7079999882054,0.195547157912719
"得知",598.837266652382,676.438289462439,-0.265355577044149,-0.0495291926347147,22.6859167808081,45.5839731773103,0.0994032799226404,0.127752291399776,45,38,77.6010228100573,0.215826384409434
"心愿",540.318240027881,546.614156856087,-0.530393102548151,-0.551445364328651,17.5874048232486,23.0429056128227,0.0635398326075052,0.0871881655504554,50,51,6.2959168282058,-0.0210522617805006
"心理学",534.688796278768,565.671379989845,-0.658411434256178,-0.50172237384413,26.1935610332106,19.8570947529283,0.0862771263109838,0.0668556311754627,54,50,30.9825837110776,0.156689060412048
"心理的",556.821259258651,610.315688895203,-0.549346903175862,-0.26757720439934,19.6506083076594,24.2647104055903,0.0623316886125018,0.0877855005120563,54,45,53.4944296365519,0.281769698776523
"快乐",542.831976755431,493.066531918985,-0.595235021823774,-0.745950323989783,32.5591772169086,16.7522942398951,0.0981965101132735,0.0614350475261834,43,47,-49.7654448364462,-0.150715302166009
"快速",561.216644451129,495.951392858833,-0.459012742847381,-0.701299165526326,21.556942189113,14.1639588134184,0.0727618383079051,0.0619507287096839,45,56,-65.2652515922964,-0.242286422678945
"怀孕",519.589062521429,514.3243404281,-0.592911912776038,-0.573811597417827,17.6925789460091,15.3561741019332,0.0699490525800932,0.0599073080059982,48,47,-5.26472209332883,0.0191003153582103
"思考",552.550395337224,541.098654554508,-0.399437056332445,-0.544094625593848,22.7334773432887,21.5872175350488,0.0888031898336825,0.0651872083670034,43,55,-11.4517407827157,-0.144657569261402
"性格",549.109210526183,511.802159093313,-0.484369706492258,-0.678712859317406,20.8913645496394,20.2667100134936,0.0762745013074671,0.0666316887864635,76,44,-37.3070514328704,-0.194343152825148
"怪异",628.85560465903,782.609564107808,-0.123857160665338,0.401264828411963,31.22320849764,41.4015321762795,0.102399835128773,0.129166832531149,43,39,153.753959448778,0.525121989077301
"总统",535.979177207263,517.630148927884,-0.623111280645301,-0.683143093583957,13.3674297099525,16.5355677568715,0.0445995368466788,0.0586447016668027,79,47,-18.3490282793791,-0.0600318129386553
"总部",593.027565213155,538.898263155856,-0.367330287113337,-0.629918112705876,33.5913937899201,14.6569514865715,0.0961470769378926,0.0517186431730826,46,76,-54.1293020572981,-0.26258782559254
"恶心",592.736562497661,578.58177048191,-0.444105019125545,-0.533597273255081,19.8923725449634,27.0256478765768,0.0693181405954982,0.0597777509258363,80,61,-14.1547920157509,-0.089492254129536
"悲惨",510.286865382358,590.220048784906,-0.624545049485162,-0.404490871776761,13.6466834173421,35.3991970000538,0.0678018150451885,0.109142780887393,52,41,79.933183402548,0.220054177708401
"悲观",527.178720950032,584.10627692454,-0.593963825868344,-0.386722576668225,17.0860222515918,23.650476318743,0.0698008382536985,0.0669396327227369,43,65,56.9275559745074,0.20724124920012
"情绪",567.183596160395,534.193660371687,-0.504989863728016,-0.516067219678255,25.8051339717225,19.4981572615904,0.0820914576252287,0.0734616367752375,52,53,-32.9899357887089,-0.0110773559502396
"惊人",579.005333331762,542.279914897297,-0.463402852278807,-0.543285868824836,40.164483250454,20.2176000923142,0.109281487857528,0.0769138057362005,42,47,-36.7254184344646,-0.0798830165460295
"愈合",601.207058815748,632.084229154373,-0.340695111247037,-0.183789050037355,23.2238718230684,23.8942306574691,0.0780657478007922,0.0810860510379799,51,48,30.877170338625,0.156906061209682
"愉快",524.189897957868,496.601244453297,-0.625092963956087,-0.627876310768118,18.5455835359831,16.7592249072506,0.0628156459199822,0.0550067552719078,49,45,-27.5886535045707,-0.00278334681203085
"意图",678.456782591166,609.308568618971,-0.174233484980492,-0.210076676786507,56.1875346467877,17.2080065453954,0.0906387652117103,0.0743507660807232,46,51,-69.1482139721953,-0.0358431918060156
"意外",550.018267846315,515.246646164783,-0.55227432130054,-0.650046982324123,14.9512500411337,17.2007974533991,0.0511051304943473,0.043342860757467,112,65,-34.7716216815318,-0.0977726610235824
"意粉",739.827527778934,827.21418750261,-0.0744420477999826,0.504153636476374,55.5073069414578,76.3533474484324,0.12470736584998,0.228153369946639,36,16,87.386659723675,0.578595684276356
"愚蠢",552.053508772865,588.598000006745,-0.499967206010754,-0.404626885010868,17.6243129793286,21.564174950396,0.0724365790409375,0.0747259302243598,57,45,36.5444912338797,0.0953403209998859
"愚蠢.1",598.033855072812,551.792041663189,-0.351914382628144,-0.574718411879488,22.6429019980326,17.1323344539261,0.0800995547834748,0.0595826697153348,69,48,-46.2418134096234,-0.222804029251344
"感染",516.255499982061,608.897413053377,-0.60225233473928,-0.383193189710279,19.0021030848326,25.2642814460627,0.0698684338776691,0.0912417547818147,50,46,92.6419130713159,0.219059145029001
"感激",485.407000021603,548.620574082517,-0.737367421577727,-0.531143685932368,16.0252808747273,27.1798955836757,0.0536199773882152,0.070044721549998,46,54,63.2135740609141,0.206223735645359
"感觉",598.668499999896,512.146897960596,-0.445192965982216,-0.711769579440996,35.533638347989,15.0248608729704,0.100745988837877,0.0535962332583359,48,49,-86.5216020392996,-0.26657661345878
"愤怒",543.674777765141,556.283420020339,-0.569088085777526,-0.586553580686719,23.2209690175349,20.7701267189278,0.074365327291077,0.0525014085674372,45,50,12.6086422551987,-0.017465494909193
"慷慨",602.352134604728,574.045820005508,-0.306934817568736,-0.489753622689269,26.2365299404685,14.515011589708,0.0848445482343016,0.0503969909677704,52,50,-28.3063145992197,-0.182818805120533
"战场",545.391282616449,572.269346931535,-0.488317180026225,-0.51748496962392,23.7816793478075,40.4476979033766,0.0907754414297455,0.0858016284463007,46,49,26.8780643150864,-0.029167789597695
"战士",505.235840904286,545.223978261181,-0.726797706414599,-0.513618872786288,19.2594426440138,16.1906478764598,0.0714188783201878,0.0630857641360364,44,46,39.9881373568949,0.21317883362831
"战斗",531.858892883207,551.886340004458,-0.585012639337905,-0.607777697192541,16.2739008316563,27.3028369344716,0.05622861839777,0.0753527425170939,56,50,20.027447121251,-0.0227650578546352
"战略",568.424857150524,608.389649996446,-0.430479686356025,-0.46955276921309,21.8826393239175,35.4229946384215,0.0775270471063431,0.0646367286361951,49,60,39.9647928459219,-0.0390730828570649
"房东",522.727829264997,573.270456133396,-0.636111462037058,-0.383852285657621,17.7504766854123,19.3563788259118,0.0683422011549835,0.0792191786225486,41,57,50.5426268683988,0.252259176379437
"手帕",576.226222211217,543.152642891211,-0.384693403324949,-0.525439831667948,15.8122855835595,18.5291451462557,0.058461001321994,0.0617022670796993,45,42,-33.0735793200051,-0.140746428342998
"手提箱",541.689603446519,668.18851219008,-0.571082865109815,-0.120176682198705,26.4956752509962,35.5430643573255,0.0583744703033992,0.11708538561494,58,41,126.49890874356,0.45090618291111
"手术",527.834836743361,556.125714299785,-0.582219944640424,-0.534006274081068,16.2090093887442,21.6093191650695,0.060266521771179,0.0784909026153182,49,49,28.2908775564235,0.0482136705593561
"手表",562.399891317483,612.792478267385,-0.474405480528204,-0.296737243719349,20.2852470871994,35.2533934823068,0.0720849867969078,0.120483600260709,46,46,50.3925869499022,0.177668236808856
"扑克",590.548975001799,586.836139994375,-0.482933974031448,-0.346501625935802,31.1871578581109,19.2644138272176,0.0718670448004879,0.0725580807038603,40,50,-3.71283500742368,0.136432348095645
"打扰",573.677772152711,543.626979168307,-0.519296043856812,-0.62838916645175,19.5696063662628,17.5774512200384,0.0547867929020397,0.0648919890065111,79,48,-30.0507929844047,-0.109093122594938
"打架",515.221152159144,525.501438597673,-0.592533921514352,-0.570113531923912,19.6832460394211,20.876044333426,0.0781157738753909,0.0693688135448504,46,57,10.2802864385289,0.0224203895904397
"打破",558.588254557375,590.942538463176,-0.501658347464015,-0.357957944291846,24.0546111109063,28.5554996534543,0.0810626961939358,0.0930711892660332,55,52,32.3542839058007,0.143700403172169
"托辞",733.525822217662,721.825974983563,0.191415376575923,0.123418495513544,36.6376179748353,36.5924295321646,0.120329812162926,0.123350177428752,45,40,-11.6998472340989,-0.0679968810623785
"找到",579.378254540113,577.140411773158,-0.435461121243403,-0.458304965448528,27.1852377504816,25.9381615633378,0.0793458095634982,0.093041540738891,55,51,-2.2378427669546,-0.0228438442051256
"承诺",538.304386376975,571.987791656922,-0.512103331559109,-0.42887708630881,26.8037610565694,33.1873816441867,0.0964114926364812,0.0838994590311411,44,48,33.6834052799468,0.0832262452502988
"技术",552.093843135239,551.247346930946,-0.52917894756659,-0.469942680168852,14.6088507315241,28.4554202611185,0.0642987508305668,0.0975414927043686,102,49,-0.846496204292635,0.0592362673977376
"抑郁",585.393642867865,540.348410718999,-0.386594759167038,-0.489435422346553,24.6916218482956,14.6998471100745,0.0736900297382194,0.0663619915859099,42,56,-45.0452321488661,-0.102840663179516
"投票",573.413038474726,505.504065581717,-0.468622221682848,-0.631124096279915,28.8678236674931,17.5659368433334,0.0846790598020128,0.0810196328225695,52,61,-67.9089728930098,-0.162501874597067
"投资",506.336217393422,546.872088885071,-0.659653221863641,-0.489728973722735,14.462115255439,22.1432418176555,0.0454686034130177,0.0720779750936276,46,45,40.535871491649,0.169924248140906
"投资人",538.774510627415,599.128260883459,-0.507389994144353,-0.364216677121397,15.6811506953427,24.1460626577054,0.0723411540069634,0.0810788772690968,47,46,60.353750256044,0.143173317022956
"抢劫",637.77057447752,592.299839289278,-0.279146233532939,-0.380090278197818,34.4002264709083,20.8367473597963,0.1024636490285,0.0735995821068312,47,56,-45.4707351882416,-0.10094404466488
"抢劫.1",548.708629034271,575.911859999773,-0.485565051519012,-0.466931870211119,21.2876593080449,20.1328173019406,0.0707802062298128,0.0689022467178455,62,50,27.2032309655019,0.0186331813078931
"护照",552.137711542675,562.650782613066,-0.450950962495496,-0.511140730186725,18.0492923348279,33.0101021035404,0.0554973466472631,0.0875173824024048,52,46,10.5130710703912,-0.0601897676912281
"报纸",561.301365378607,536.457309508528,-0.481342719511509,-0.557299987973154,32.5513446724376,24.7451878235634,0.101362787049392,0.0726560180634069,52,42,-24.8440558700796,-0.075957268461645
"报酬",547.792840004382,557.026649116522,-0.466104438218618,-0.4806509192229,23.7682325973408,21.5658474124456,0.0917067142782207,0.0634142016482457,50,57,9.23380911213997,-0.0145464810042822
"抵制",622.077802618972,631.533311112008,-0.310652488668142,-0.286268709839836,20.0410653922203,29.5602455450467,0.0635716386146331,0.0651421077598026,76,45,9.45550849303527,0.0243837788283062
"担心",555.386647071129,534.862404772874,-0.657678390364423,-0.544152720101705,36.7192395672989,20.2999637680348,0.0783464363515761,0.0777769549752634,51,42,-20.5242422982549,0.113525670262718
"拇指",554.769163278039,548.612720016717,-0.581021583763009,-0.460146375723378,20.6356625218388,19.6641891098165,0.0720563725438054,0.0740974027149973,49,50,-6.15644326132235,0.120875208039632
"拉住",595.735977253629,751.549739141442,-0.369998137737084,0.378694247348219,32.9769983508121,36.2704457575126,0.101607892322391,0.125832464117266,44,46,155.813761887813,0.748692385085303
"拍照",601.809433737877,550.976622209706,-0.364563262369507,-0.498320085007492,15.5225080370261,20.4994517571628,0.0666966886074425,0.0842696654446963,83,45,-50.8328115281711,-0.133756822637985
"拥抱",506.610897977099,569.55735555031,-0.696150097550009,-0.467534055876085,16.7927786666589,30.9170283368586,0.0624524806110099,0.0840656511306899,49,45,62.9464575732113,0.228616041673924
"指控",615.946391305379,630.274340885835,-0.251889951174425,-0.222522291709199,23.8539417725069,31.4170647137876,0.0846425682141658,0.104088883100985,46,44,14.3279495804561,0.0293676594652255
"指纹",552.015958325079,568.455482147902,-0.526937748033886,-0.462508484893359,28.8962551674753,21.8520935280576,0.0929816297267027,0.08116762188224,48,56,16.4395238228232,0.0644292631405265
"按摩",550.421306131967,531.393111099591,-0.568443053040822,-0.636778498146535,24.7622011610294,11.0266410467011,0.0756295161574454,0.037750386854337,49,72,-19.0281950323755,-0.0683354451057131
"挑战",537.691306144647,532.240530633969,-0.5881102542714,-0.594239791148853,18.575711884709,15.9177338698479,0.0733120459411365,0.0550082131563174,49,49,-5.4507755106772,-0.00612953687745299
"挤压",723.343468751778,702.909272718698,0.19297618451811,-0.0889003923435296,17.5269500015727,46.5320897420387,0.0631918732964901,0.114908885733747,96,44,-20.4341960330798,-0.28187657686164
"挫伤",700.142804909202,676.742399988087,0.0594945257741146,-0.0482594560408064,41.5752841517487,21.3355415609196,0.145373903626273,0.0714009760817046,41,70,-23.4004049211148,-0.107753981814921
"捉住",495.682558144664,646.94467391665,-0.692672890102026,-0.197971216454954,20.2046336716915,25.8215787592757,0.071175503691283,0.0991480231304023,43,46,151.262115771985,0.494701673647072
"捐款",587.594195134102,543.329697683019,-0.408860033807746,-0.549914148729506,31.8394970365473,16.0992916757149,0.113378264505911,0.0507475116315351,41,43,-44.2644974510837,-0.14105411492176
"探测",616.223489356767,654.361070414808,-0.225073162469849,-0.10960721010509,29.5558735737072,18.517453597184,0.116320594716366,0.0694170070378166,47,71,38.1375810580412,0.115465952364759
"接受",529.33156605524,541.491306112088,-0.683379637949149,-0.664748109743534,19.9314808957902,28.1623262010473,0.0661404570993885,0.0563544627385376,53,49,12.1597400568485,0.0186315282056152
"描述",510.148528304945,585.77906121989,-0.648563374336172,-0.432364626777019,15.0051284894078,26.2270938982229,0.0508005937725845,0.0841667127865506,53,49,75.630532914945,0.216198747559152
"提供",529.36868085616,567.326081632596,-0.609442422088087,-0.41512194779086,20.2721395952624,26.5807814788994,0.0690615202939011,0.0978884087836763,47,49,37.9574007764369,0.194320474297227
"提前",576.070208333789,596.099043479759,-0.418317353970122,-0.386222545266842,24.8875993846544,28.361665583427,0.0967445755170062,0.0829622922602879,48,46,20.0288351459701,0.0320948087032792
"提升",588.787788457628,546.099300026303,-0.355416565106401,-0.448162234593629,23.7328209977617,19.1052398153647,0.090227151291777,0.0831909212891665,52,40,-42.6884884313256,-0.0927456694872281
"提神",697.322898541331,655.412288451726,0.0134261402485072,-0.0768784649967873,23.6496143757763,22.9768214677323,0.0796432211484855,0.0953422444281003,69,52,-41.910610089605,-0.0903046052452946
"揶揄",739.800599992163,750.477772741679,0.32997361421402,0.415886157022,52.6477317222585,47.9883317793619,0.150475745577729,0.181835828269823,15,22,10.6771727495155,0.0859125428079797
"搜罗",806.636285706379,741.008884617115,0.545258212640718,0.400447347102925,41.737188269759,34.9308549280902,0.160413116528317,0.131767937065851,28,26,-65.627401089264,-0.144810865537793
"搭救",650.718046876442,636.62384615452,-0.171734563219406,-0.242716584021588,27.0128313721892,39.9479966746243,0.0869115407899259,0.124792478903593,64,39,-14.0942007219223,-0.0709820208021826
"操纵",575.779941158813,602.601294122602,-0.331309610231354,-0.335788225254408,19.9402100409609,19.6520770703159,0.092579769889805,0.0752665818083965,51,51,26.821352963789,-0.00447861502305352
"收入",523.336127664453,557.679112885358,-0.61083436510418,-0.475446007764074,19.2635829266988,22.9602649277813,0.0797614051447368,0.0736360538321756,47,62,34.3429852209052,0.135388357340105
"攻击",540.867518517564,516.104735855237,-0.601589049888055,-0.603699225159189,25.2501210554722,15.9299045440362,0.0749682832942658,0.0569833610711475,54,53,-24.762782662327,-0.00211017527113433
"攻击.1",530.117652161123,517.435029413555,-0.675429426082011,-0.627227793671642,27.0465199617993,18.9232554010369,0.0859472584742447,0.0603033013994722,46,68,-12.6826227475682,0.0482016324103682
"放弃",542.041263146035,578.866042546165,-0.510232986052987,-0.482793061940171,29.3325912145396,30.1266497646921,0.100665924593434,0.074254482494334,38,47,36.82477940013,0.0274399241128157
"放进",609.937776304717,818.559838712829,-0.291069227405419,0.420073272288152,19.5574796752619,45.1362414051106,0.0791721425086863,0.157251575033908,76,31,208.622062408112,0.711142499693572
"政府",483.031142863968,557.535245618472,-0.807254406039318,-0.517416117946744,12.7878166492785,22.3565783436798,0.059531112465058,0.0647798112375422,49,57,74.5041027545042,0.289838288092574
"政府.1",557.083921577812,546.490434789204,-0.561051185749288,-0.618173823607142,25.97626377248,52.2948490188661,0.0812317580691395,0.0770093583944825,51,46,-10.5934867886076,-0.0571226378578538
"政治",571.425941173401,521.823274495757,-0.51311163579632,-0.645611300167621,17.7547429917698,16.1986058390109,0.0576828867358218,0.051079691088595,85,51,-49.6026666776435,-0.132499664371301
"政治家",585.27692157088,566.772933331572,-0.428886779292436,-0.385576506794557,33.1880332670487,11.033038765235,0.0803486799722949,0.0455865802556558,51,60,-18.5039882393078,0.0433102724978789
"政治的",534.808218168016,648.407921568978,-0.601682342574041,-0.115378433780494,24.3589113490129,23.661650726556,0.0721218893945743,0.0809501749041551,55,51,113.599703400962,0.486303908793547
"故意",500.899077908678,535.159699999236,-0.764654146012517,-0.622984564021879,11.0126947080943,20.3350669196543,0.0442443453289386,0.0842403223549357,77,50,34.2606220905577,0.141669581990638
"敏感",658.08337500383,547.09319148969,-0.33712094770679,-0.509269951998997,67.3364515439413,17.5169311813663,0.115060370426359,0.078162023920662,40,47,-110.99018351414,-0.172149004292207
"救主",549.509514285064,590.942281248097,-0.504433474721414,-0.253606569044052,36.821024891905,33.8397908679992,0.123334882481066,0.136456546981853,35,32,41.4327669630335,0.250826905677362
"教堂",551.244383341407,555.904740006995,-0.594751204019319,-0.569214593861386,19.7979078922592,24.4740649968598,0.0681650585367703,0.0784957491701528,60,50,4.66035666558787,0.0255366101579326
"教导",539.674557692784,561.50763634208,-0.472505509996564,-0.527267084341764,18.1357649084178,39.2484651142419,0.0806372964698915,0.0650391589743599,52,44,21.8330786492955,-0.0547615743451992
"教授",561.223690924508,511.368302327599,-0.55524112611032,-0.602864525071192,35.6845610969672,15.0978832337531,0.0853712325929228,0.0560122814764236,55,43,-49.8553885969083,-0.0476233989608713
"教育",491.054904108879,544.200270831563,-0.824909221015051,-0.595115494843233,12.4656001119554,27.5638407904242,0.052456146025961,0.091824657528784,73,48,53.1453667226839,0.229793726171818
"数学",513.129555560321,515.230937511238,-0.688698629057598,-0.671914427723332,25.4140579672094,24.799300439391,0.0814709899870043,0.0667779901272034,54,48,2.10138195091747,0.0167842013342664
"数量",551.788047623089,581.490749982257,-0.480527298624448,-0.454962344591358,23.037497402052,30.9004335341647,0.0949611646037317,0.0961782738907862,42,44,29.7027023591679,0.0255649540330898
"整体",576.700790329258,550.148779998523,-0.401098750484833,-0.581118380169551,19.1739958012616,40.364067324761,0.068629526731506,0.0849411908957994,62,50,-26.552010330735,-0.180019629684718
"文学",574.954102564667,556.509807009085,-0.490749827559677,-0.52671636807457,18.8972877715015,20.2424128463948,0.0741609642283992,0.0677038066955465,78,57,-18.4442955555814,-0.0359665405148926
"文明",496.608702133447,515.604079998379,-0.706592963043969,-0.656186739873826,25.2275120453268,14.2356934301233,0.0765037115620948,0.0460492795044366,47,50,18.9953778649327,0.0504062231701426
"文档",575.435461535092,560.246368422646,-0.463016443668165,-0.488428814563486,21.0176995838852,15.7439004914559,0.0608943549161893,0.0717906586525102,52,57,-15.1890931124461,-0.0254123708953209
"斗士",592.390209312706,675.802763153356,-0.210563803271434,-0.0664279895391649,25.7090099173898,40.3569904484955,0.111939412941993,0.129119203295878,43,38,83.4125538406499,0.144135813732269
"新娘",484.21811111694,597.982285711156,-0.731694921615134,-0.402010195371951,15.8652277001707,41.4696239985125,0.0548951968998432,0.100211383393223,63,49,113.764174594216,0.329684726243183
"新闻",546.444936162275,508.549660363666,-0.611400974640329,-0.61163954196368,33.9292106884642,22.440480856332,0.0788747816171967,0.0730711070573284,47,53,-37.8952757986096,-0.000238567323351813
"旅馆",520.78044444863,539.689846141449,-0.660455133021306,-0.538174875403744,19.1982340050237,17.547071162048,0.064280099301108,0.0809069331771735,54,52,18.9094016928186,0.122280257617561
"旋转",549.907612249923,576.255769230444,-0.582255502667006,-0.484107649515381,22.789749686923,29.5544071494629,0.0681060325708042,0.0727742827589764,49,52,26.3481569805216,0.0981478531516255
"旋风",583.146040000557,657.554019267489,-0.339492660383747,-0.0495302395155294,31.4937577935749,19.7022809136521,0.114429784739158,0.0804427752678749,50,52,74.4079792669321,0.289962420868218
"无名",652.131877207614,677.32433333142,-0.205274157735856,-0.0046331085158715,36.7356152760839,29.9511858343846,0.115217338606777,0.105865067039754,57,45,25.1924561238056,0.200641049219984
"无法",557.052215688492,630.565791669467,-0.495618070125224,-0.190539369416067,19.3560323598966,25.020593690874,0.0786914576539636,0.0878652449870897,51,48,73.5135759809758,0.305078700709157
"早晨",536.92246001369,493.706555562123,-0.674193714994274,-0.699757941580921,41.6745266306269,13.9879160838465,0.0584319396518137,0.0427223224372201,50,45,-43.2159044515666,-0.0255642265866473
"早餐",586.503686275353,557.019139538189,-0.398298000050455,-0.56114676342067,35.1509429196588,30.2463700401185,0.121187978879582,0.070214623736232,51,43,-29.4845467371633,-0.162848763370214
"时期",589.451947361483,596.464266664785,-0.360415325566449,-0.411018487771164,23.7485774713758,33.0079393493191,0.0881976181689377,0.096646064805998,57,45,7.01231930330164,-0.0506031622047151
"昆虫",574.840020829572,550.169829789182,-0.421687670304591,-0.479771917980124,25.294649416378,24.7820390475037,0.0892273538078024,0.0714974976011706,48,47,-24.67019104039,-0.0580842476755336
"明亮",522.9592553167,561.766297875024,-0.599179213457506,-0.451269698416143,21.811585413382,21.4343144689668,0.0716346116278548,0.077906832752408,47,47,38.8070425583247,0.147909515041363
"明显",603.096510211845,585.167674408463,-0.468561747145316,-0.298489917271637,35.7516084592389,27.3952823917373,0.0931775234612166,0.105125248994266,49,43,-17.9288358033816,0.170071829873679
"星期",556.337734692167,617.253878062988,-0.408613963726969,-0.198126567702143,17.7199743518358,34.6949495909889,0.0739061893443858,0.125504602417572,49,41,60.9161433708208,0.210487396024826
"星系",629.600666686671,721.133297854955,-0.202280766872579,0.0265646664829163,28.3284204235531,37.304505368628,0.0906770892863138,0.121599444659261,48,47,91.5326311682841,0.228845433355495
"昨天",514.65146511937,599.148530630726,-0.649172223780947,-0.341251745330785,30.3677889000226,31.5181511639087,0.0935816686933975,0.115128388841542,43,49,84.4970655113563,0.307920478450162
"是的",516.203647063758,591.910809515836,-0.697496975918698,-0.366316141400033,11.4543102417176,30.7461576490429,0.0477619250927621,0.120143306473854,85,42,75.7071624520785,0.331180834518665
"显微镜",569.536239124494,594.341195652672,-0.464372763300331,-0.402937106824784,31.7255748838395,18.7037176898047,0.0779154046630581,0.0526949325758253,46,46,24.8049565281779,0.0614356564755464
"晚上",530.734272724457,527.650900010221,-0.563210857356595,-0.565185954996636,24.9254661354038,20.110786052308,0.0750484562945375,0.0718256770025802,44,60,-3.08337271423557,-0.00197509764004145
"智能",570.087081978441,616.876311107017,-0.468573498388328,-0.319998291645607,27.4222312609184,29.1083635999093,0.0754213174861207,0.0905905255802314,61,45,46.7892291285762,0.148575206742722
"曾经",520.794358501248,541.937339615017,-0.592421119412337,-0.606763029682721,18.9899164201328,26.8597486344402,0.0708069805373192,0.0723969632940433,53,53,21.1429811137689,-0.0143419102703837
"最后",520.850999993686,543.689153869013,-0.706247243233659,-0.536780098459835,14.70768035456,16.4262120780077,0.0537746878986503,0.0575093738793737,77,52,22.8381538753272,0.169467144773824
"最后.1",490.93578723039,537.387106421791,-0.747271223956352,-0.610951831180379,26.2286372190926,21.6969536005537,0.0684082399161195,0.0664472699479802,47,47,46.4513191914007,0.136319392775974
"最大",487.170978715224,683.861981123498,-0.788112317561221,-0.167909542040908,20.8899176133142,50.0136538880806,0.0764716550205381,0.105657292020281,47,53,196.691002408274,0.620202775520313
"最近",519.513653065864,599.484347831133,-0.598544246311152,-0.32055957002853,22.9600245713138,34.4415806812269,0.0798773082906786,0.103776393368101,49,46,79.9706947652693,0.277984676282622
"有效",554.333021731136,577.753437513485,-0.653868826566426,-0.477596237900326,45.2722064753361,19.6231391189015,0.0628631148884255,0.0558682188849505,46,48,23.420415782349,0.1762725886661
"有罪",632.123711873308,565.733358239116,-0.226627420981911,-0.348488077870297,23.6971650755457,21.4514179893372,0.0791521436235796,0.0852272379090412,59,67,-66.3903536341928,-0.121860656888386
"有趣",521.544604172875,554.725207550554,-0.571245488967406,-0.553447861080839,17.873351924752,23.7998844950218,0.0699930854318448,0.0719286926200979,48,53,33.1806033776788,0.0177976278865668
"有趣.1",517.333450978075,558.452083348704,-0.643221882424037,-0.428578781140115,24.511536033659,15.3447940953907,0.0761107314281861,0.0626741460863325,51,48,41.1186323706293,0.214643101283922
"朋友",487.303163257977,505.634729176604,-0.749914749363278,-0.699588901576986,17.2655732279581,15.4115837453094,0.0532351627099685,0.0644963388084028,49,48,18.3315659186278,0.0503258477862923
"期待",551.423884609689,562.122066024073,-0.554054098710998,-0.543981776996828,28.1918346063367,14.377752746555,0.0870945638965448,0.044221068483901,52,106,10.6981814143837,0.0100723217141703
"朱丽叶",494.794235292138,716.402974671156,-0.707226542359042,0.114931500306957,14.7904013944349,19.2832167866704,0.0622597951675208,0.0735381533209446,51,79,221.608739379018,0.822158042665999
"机器",518.062380000487,536.994086962097,-0.677404826242913,-0.595344773819418,15.621778764956,24.7506825137674,0.0507403708493936,0.0678189142290453,50,46,18.93170696161,0.0820600524234948
"机场",531.313411744395,594.569449997323,-0.585957980584407,-0.41694074750095,12.5193139931547,15.4465890852072,0.0523217219207105,0.0613256333481245,51,80,63.2560382529272,0.169017233083457
"机构",610.75324561797,596.2125789446,-0.276943535916769,-0.368301299311379,27.4792060006262,24.7858595066689,0.0942328476498404,0.0965970178417995,57,57,-14.5406666733703,-0.0913577633946099
"机械",615.75224000207,618.760068179022,-0.338591895686467,-0.279635782157134,31.5221388001698,17.1766546606407,0.0976429972571409,0.0684785924761915,50,88,3.00782817695199,0.0589561135293331
"杀死",575.331361710218,625.002954543264,-0.417549116112463,-0.243558196229571,24.0322531666473,37.4698993679185,0.0948898962298259,0.106512478420179,47,44,49.6715928330453,0.173990919882892
"杂志",556.434107153635,585.789059993936,-0.512745800728979,-0.422968260434605,19.2948354849878,28.1157515313103,0.0577368045649972,0.0909375524226537,56,50,29.3549528403004,0.0897775402943735
"权威",564.088173068324,648.645207530775,-0.46972798667732,-0.205948996092873,19.3321992417614,39.5741324457446,0.0570198820146511,0.0972675094616273,52,53,84.5570344624516,0.263778990584448
"村庄",538.086860005677,582.318229171318,-0.543859620089294,-0.448583439831374,17.1623959898831,25.6402956783517,0.069756465716676,0.0665816930916218,50,48,44.2313691656415,0.0952761802579202
"极好",682.052975011491,630.646796303118,-0.0621036993356303,-0.177937826421005,36.5431367320405,26.7355763293461,0.113414063478784,0.0853555166302045,40,54,-51.4061787083735,-0.115834127085375
"果汁",499.298145459151,595.655782613674,-0.744727128655415,-0.44118716176296,15.8593327213394,33.5785220586579,0.0515472378689232,0.0798943271962479,55,46,96.3576371545225,0.303539966892455
"某地",656.567239999938,706.784695654417,-0.142025119383486,-0.0637966339906574,25.5524189539729,43.9597221256495,0.0926554905930043,0.0934441004572558,50,46,50.217455654479,0.0782284853928287
"某物",815.933937494631,697.072722230079,0.383996648439664,0.0928856778067338,60.7323409699493,35.6736879484351,0.171634036331947,0.137202340435728,32,36,-118.861215264551,-0.29111097063293
"栅栏",704.060291677102,606.654488895192,0.09365688298986,-0.241488079169513,38.2717409795736,22.1976617623549,0.116395331208778,0.0848849638706134,48,45,-97.4058027819103,-0.335144962159373
"树木",512.424357141535,579.307756101915,-0.63381705531743,-0.351095027918052,16.6111551302307,25.5089119719712,0.053585763402736,0.0853897124492873,56,41,66.8833989603801,0.282722027399378
"核实",626.473924521668,723.240891301544,-0.180871739489132,0.08322474477,27.5590133261964,38.4000676347887,0.0991827387937547,0.13066062330723,53,46,96.7669667798757,0.264096484259132
"核能",633.909306097716,624.857941185133,-0.173857027775319,-0.272800164032307,25.4459174900997,25.4420041082245,0.0949132539034884,0.0883522736731643,49,51,-9.05136491258338,-0.0989431362569884
"检察官",533.400462956727,585.388347823203,-0.541865301748259,-0.354077074647845,11.1238510447999,21.4325988646234,0.0470132868187795,0.0727892706237544,54,46,51.9878848664755,0.187788227100413
"检查",511.07647916761,552.400416666932,-0.65556291219638,-0.606674079955016,19.4312851221139,26.867642215174,0.0800319531040455,0.0735921669146166,48,48,41.3239374993224,0.0488888322413642
"棉花",543.001410714331,525.766792452882,-0.578430990590945,-0.63884173944009,27.1141191599723,23.8778407344208,0.0774699361419616,0.0583651776703552,56,53,-17.234618261449,-0.0604107488491453
"棒球",560.395634630811,618.400326086599,-0.542490088007335,-0.296981587603789,20.1966236378084,24.8181028006434,0.0688265174409641,0.0882659628133489,52,46,58.004691455788,0.245508500403547
"森林",491.206500026105,537.161385539016,-0.727721386072799,-0.675784992399122,14.818375745796,19.87031530714,0.045075314770234,0.0537017824440847,46,83,45.9548855129106,0.0519363936736771
"椅子",531.789774198384,515.748750004307,-0.657747772769114,-0.66610615320755,19.0126281124079,16.2518590928347,0.0575608623235043,0.0655240621044311,62,52,-16.0410241940763,-0.00835838043843673
"橙色",507.500518521513,567.519375014124,-0.695824103557262,-0.39722246219596,19.5717619755767,22.0017653729278,0.0684021112883007,0.0752397220716525,54,48,60.0188564926106,0.298601641361302
"欢迎",495.720416668647,493.453659095914,-0.713330265908554,-0.723391810739402,20.7685069892789,13.9995456233586,0.0749783893420521,0.0532890446407732,48,44,-2.26675757273267,-0.0100615448308476
"欣赏",531.331844476874,606.255153839344,-0.60967671273217,-0.336016630390227,21.6603715068707,25.0854707082734,0.0731594371849693,0.0808173889698444,45,52,74.9233093624706,0.273660082341943
"欺骗",592.124371430382,556.162942313427,-0.424405630681857,-0.444485291801492,31.4929124442606,21.6400697469266,0.0887846146079657,0.0796603512406086,70,52,-35.9614291169552,-0.0200796611196343
"歌曲",491.44572548535,512.369955561755,-0.72510057914347,-0.685165380712582,20.4605528443862,16.5052954321203,0.0602306267184798,0.0597796032766416,51,45,20.9242300764051,0.0399351984308878
"正义",516.102207539549,528.35195349589,-0.690893633350141,-0.623102874523304,19.0599163823342,31.0405355979511,0.0639622467574995,0.0915440006275122,53,43,12.2497459563403,0.0677907588268367
"正常",487.292312498204,519.764239996533,-0.7226893201757,-0.646322196339605,15.5168494583729,28.391637753696,0.0565806618814462,0.0887805015169904,48,50,32.4719274983293,0.0763671238360951
"正确",514.893388902406,502.629458318989,-0.655236024553077,-0.787052982842168,21.1765207379615,18.0522938233246,0.0692143972530408,0.0747857788661141,54,72,-12.2639305834177,-0.131816958289091
"武器",520.049124994556,548.646537034311,-0.624431437870582,-0.652640803601073,14.8555663759865,15.3569175545776,0.0590855770365752,0.0496914939933466,56,54,28.5974120397547,-0.0282093657304904
"武士",560.558000003065,640.97893104123,-0.505131608788287,-0.245503976695966,25.237668470039,32.9247817295624,0.0908519734039767,0.105232065553434,44,58,80.4209310381643,0.259627632092321
"死亡",510.748848488534,558.791118406792,-0.635953368614106,-0.50739618104156,13.6935490172298,18.1576280270131,0.0447386070784844,0.0696421145454598,66,76,48.0422699182577,0.128557187572546
"死的",473.230603783546,743.898250009534,-0.779403856862181,0.182195854334951,14.4651887738239,32.9819518276859,0.0509020179771535,0.124196030644325,53,40,270.667646225989,0.961599711197132
"残忍",533.668446161986,536.592372109311,-0.536786844285761,-0.555100270728763,15.5727771430535,19.1672046349014,0.0566652220564753,0.0720944503117578,65,43,2.92392594732439,-0.0183134264430022
"残忍.1",563.648000001474,691.97011291584,-0.416350996118713,0.0581580482090735,19.1401973371975,30.534301589178,0.0783710862318013,0.104156445600031,51,62,128.322112914365,0.474509044327786
"段落",536.910292699635,718.179523808686,-0.456135093645973,-0.0894298925792336,18.429651866527,45.3637392569193,0.0795202110162043,0.104086917490714,41,42,181.269231109051,0.36670520106674
"殿下",587.943123077178,625.080150003165,-0.36356224526713,-0.243818673315232,27.4116735642354,21.1138161755093,0.0808170866116517,0.0744913786427773,65,80,37.1370269259875,0.119743571951898
"毁灭",606.305869567864,549.305163258093,-0.317993997755382,-0.578953362922515,31.4364682311198,26.5908215854716,0.101716238531548,0.0626173194627888,46,49,-57.0007063097711,-0.260959365167133
"每周",633.947744684082,645.143291661394,-0.174735559226084,-0.0981591916946586,32.430322430206,29.2887819061784,0.0963027503773186,0.0981876114848323,47,48,11.1955469773119,0.0765763675314259
"毒品",581.336320014864,547.441760871718,-0.533492698592699,-0.511227402185637,35.1613077513588,17.5068969738523,0.0704258184995922,0.0748289877430537,50,46,-33.8945591431459,0.0222652964070624
"比赛",509.959673902894,531.801828950732,-0.709054809781027,-0.634498799468371,22.401372135255,12.2691100959731,0.0620173246071763,0.049128823017587,46,76,21.8421550478379,0.0745560103126564
"毕业",490.895115387259,527.310795915227,-0.853113395278147,-0.573745833855283,11.1258598744884,20.56631215164,0.0361650225145732,0.063570460935532,52,49,36.4156805279679,0.279367561422864
"毛巾",558.300136353678,552.362767442948,-0.585769267765099,-0.52307214328044,19.7818481634351,20.7755245811794,0.0698955776494129,0.0740983511592755,66,43,-5.93736891072979,0.0626971244846586
"毛毯",582.984249995434,652.291490909961,-0.398676602203824,-0.15461614087076,23.1552570705477,28.5663549037968,0.0782506719357805,0.0953580067970942,48,55,69.3072409145273,0.244060461333065
"民主",563.297019228879,593.828680859625,-0.469138759018072,-0.4376595174223,17.5784846531632,28.5682044787394,0.0675433402816163,0.0869533743665388,52,47,30.5316616307463,0.0314792415957721
"气氛",542.67693649889,575.81660526848,-0.52848148571675,-0.409541838000576,19.4684994726384,25.5540843113706,0.0717665523302524,0.0842395885929292,63,38,33.1396687695897,0.118939647716173
"氢气",686.573775487877,747.586698393917,-0.0705557324815247,0.28698388269044,23.3845758618479,20.8370073519899,0.0780216489997194,0.0840509612958589,49,63,61.0129229060395,0.357539615171964
"氧气",535.171763622091,557.417209301245,-0.594908295176415,-0.486371169564153,17.40352509956,20.2364727803079,0.05474764778264,0.0652373233936664,55,43,22.2454456791537,0.108537125612261
"水手",612.079392864925,591.855039996914,-0.380495014924015,-0.341563034542306,29.8834284947305,20.8114570480276,0.0971653322189429,0.0768063174885821,56,50,-20.2243528680117,0.0389319803817095
"水果",577.619936175804,517.945905659076,-0.552984854813423,-0.633313969113998,27.1790461329378,18.1199581259017,0.0864624253029046,0.0707993699225995,47,53,-59.6740305167284,-0.080329114300575
"水槽",714.410113632727,701.950599985422,0.0662561100723948,0.0469271503871275,27.6833743921077,20.3253336592821,0.0920479879559085,0.0756549431604734,44,70,-12.4595136473051,-0.0193289596852673
"永远",530.817488895556,600.79388636413,-0.524671259788213,-0.39527775696325,20.5920841650892,32.422175780337,0.0729336963355035,0.0979634304905774,45,44,69.9763974685734,0.129393502824963
"汉堡包",521.914673074231,573.584388871176,-0.629673562096634,-0.412564049241717,17.8381495303029,18.7713281336688,0.064092096588566,0.0558815736795964,52,54,51.6697157969456,0.217109512854918
"污秽",678.619702134365,716.062399990131,-0.162286087292038,0.00566273137701993,53.9263890316929,36.0492011250707,0.111898158411222,0.0950718175535941,47,45,37.4426978557669,0.167948818669058
"沃森",904.476120008342,999.691444442711,0.79611204143519,0.650458716280635,50.5553744050695,169.166177831549,0.198013100176071,0.340509736002077,25,9,95.2153244343689,-0.145653325154554
"沉醉",547.734125000018,558.059749988727,-0.516008261194381,-0.491962717197779,20.3398300034976,14.6243810248667,0.0654130361972919,0.0585628730610721,48,48,10.3256249887088,0.0240455439966026
"沙子",578.229326540379,597.651086973561,-0.515611174356324,-0.313665590788556,27.8676475053888,25.8106972578249,0.0739193674161264,0.0818711820082691,49,46,19.4217604331819,0.201945583567768
"沙拉",612.293710530656,692.149232555627,-0.253125813013465,0.0483870684822677,21.4505400078995,32.5821984662735,0.076278546212135,0.110191584615393,38,43,79.8555220249713,0.301512881495733
"法官",543.261735834827,570.836288457524,-0.489354252867982,-0.479464507590973,18.0663789751641,30.1061501610116,0.0640377613616521,0.0831094810292144,53,52,27.5745526226973,0.00988974527700875
"法语",553.01952631882,590.727847460277,-0.602051529841886,-0.35510060920486,23.6714126255258,26.2301344945032,0.0720113006099114,0.070939159316805,57,59,37.7083211414579,0.246950920637027
"波士顿",560.539040010635,659.274576952121,-0.588991921817979,-0.10474934325565,20.3039178887159,25.4018285831384,0.0617929532219607,0.0819878406906071,50,52,98.7355369414859,0.484242578562329
"注射",575.53154320475,549.8040416795,-0.507769409107902,-0.44254075678904,14.0769243453561,18.6398114009446,0.0481526774275153,0.0626824660465261,81,48,-25.7275015252492,0.0652286523188613
"注射.1",549.403897425375,586.889553188588,-0.567869154540313,-0.340490430716019,14.3079146976481,35.7621710736464,0.0574002547967203,0.107911468762127,78,47,37.4856557632128,0.227378723824294
"洋葱",535.510096166879,546.503470582072,-0.560899290530762,-0.487002362648626,20.0540563694433,16.1468800391193,0.0624368890868634,0.0623556436944733,52,51,10.9933744151932,0.0738969278821359
"洞穴",595.071603781234,603.077000006697,-0.392189081920493,-0.296067441932306,22.7806645588453,20.6520604722409,0.0707643750812759,0.0843279936414474,53,43,8.00539622546376,0.096121639988187
"活力",508.342958335713,512.73251788369,-0.65255170310971,-0.615765798900206,16.7011819319931,15.3434404795063,0.0609509046247226,0.0590268120044649,48,56,4.38955954797774,0.0367859042095041
"活跃",511.687461537573,549.702540002096,-0.733860030220326,-0.520350649812213,9.9837384988103,24.1255246348886,0.0305895442248415,0.0723149082377024,78,50,38.0150784645231,0.213509380408112
"流行",526.271973680464,581.872511119484,-0.608515135026779,-0.419912455199476,25.4888927209391,28.4270861931494,0.0759107496493099,0.0825030547868945,38,45,55.6005374390202,0.188602679827303
"流质",655.506538463154,713.931136360215,-0.128620165421896,0.186085033961692,50.1530642765478,56.1841444410886,0.148722568000593,0.222700739564755,39,22,58.4245978970611,0.314705199383588
"测试",527.520478281189,561.241425938912,-0.741348393027622,-0.465952402242291,29.5135716592728,20.1198580759787,0.0422644138765267,0.0739818619005244,46,54,33.7209476577229,0.275395990785331
"浣熊",639.107363625727,715.820630441118,-0.160853845785931,0.0365968263910546,16.2981737657818,31.7362956357013,0.0696620262915251,0.111660601662579,55,46,76.7132668153913,0.197450672176986
"浪漫",570.598148947321,579.941339290569,-0.49327422907235,-0.38902571243184,28.6203056460092,16.5608180257371,0.100147562084991,0.0645706421640403,47,56,9.34319034324722,0.10424851664051
"浴室",496.786096158951,566.668590902256,-0.712388710634518,-0.457618328002543,18.5860974793335,24.1926324015604,0.058868564107723,0.0797245470095877,52,66,69.8824947433051,0.254770382631975
"海军",600.22660871361,567.13728846025,-0.166545546503968,-0.485628749094634,20.2239106442733,16.5674715004172,0.101998253268068,0.0616034393827912,46,52,-33.0893202533606,-0.319083202590666
"海岸",529.221423078429,598.004891302673,-0.556858399377601,-0.274242477020334,22.2305364730827,28.9561110046944,0.0738436102034834,0.1105645894527,52,46,68.7834682242436,0.282615922357267
"海洋",521.850254903688,526.366924536054,-0.653755594287094,-0.540127480147526,18.1834425145692,21.0435901083875,0.0699009532235785,0.0853644746369823,51,53,4.51666963236619,0.113628114139568
"海洛因",581.80246512316,691.307199994502,-0.382580609150329,0.0100927729859827,24.917158040719,18.7089178172857,0.0769744850023054,0.0616866328571808,43,75,109.504734871343,0.392673382136312
"海龟",621.09994738414,699.394851069078,-0.400226638399889,-0.0584278790447145,36.2585862431955,30.894300976535,0.101313810773776,0.0825506933256307,38,47,78.2949036849376,0.341798759355174
"消失",492.26120832987,505.082039998918,-0.637218337474016,-0.608219257515936,15.865516515719,16.1091909955328,0.0581768242531586,0.0592202296075705,48,50,12.8208316690482,0.0289990799580805
"消息",504.822488885864,548.961200005265,-0.757983197194373,-0.511483923508422,20.8938136954588,21.4314262747044,0.0588201693728057,0.0811382664154309,45,50,44.1387111194016,0.246499273685951
"消极",523.890775505249,609.925804347756,-0.643093936184741,-0.307316418608981,14.8587051340435,33.6944790806911,0.0554297285843137,0.0952682277892791,49,46,86.035028842507,0.33577751757576
"消耗",560.672191481167,577.310073189968,-0.50995422329798,-0.367410216297958,19.6956507185004,22.8233013022873,0.0641676116605345,0.08578100858353,47,41,16.6378817088017,0.142544007000022
"混合",559.911653849063,638.172999998772,-0.528758053680696,-0.21936961802,23.0402685238236,34.6854375195917,0.0700047501319969,0.104660431870038,52,49,78.2613461497092,0.309388435660697
"清洗",555.901369574026,584.5405778051,-0.462018136828967,-0.473471437372943,23.7975713532697,20.4628758908485,0.0780169263946151,0.065254935421822,46,45,28.6392082310741,-0.0114533005439753
"温和",580.305977271608,650.794661287509,-0.555052205810639,-0.170598681683939,53.8422747053118,28.8756322384153,0.0957866724795808,0.096883450958337,44,62,70.4886840159011,0.3844535241267
"温度",518.878238087817,536.445791666486,-0.678812349319192,-0.549885784431418,19.1833141885843,21.5637746536783,0.0657099314601153,0.0987080219846315,42,48,17.5675535786686,0.128926564887774
"港口",554.900133340102,597.751673913446,-0.48943399657876,-0.294738169972668,20.9262872647548,25.3572428997345,0.0762011664554791,0.0969658823254347,45,46,42.8515405733432,0.194695826606092
"港币",624.133537326959,637.61529311902,-0.251261063066311,-0.309721843713283,19.9461916204119,33.569754246935,0.0579957434131963,0.0928966602617254,67,58,13.4817557920607,-0.0584607806469722
"游戏",489.597919996229,508.629644442789,-0.728903054461193,-0.667177031789381,14.560159493759,16.474342094951,0.0559672264625753,0.0590728458571106,50,45,19.03172444656,0.0617260226718119
"游泳",567.506121618247,563.361714273854,-0.494651603658198,-0.438321451279798,16.066331636718,25.4360404464584,0.0587075313690827,0.0832159473419914,74,49,-4.14440734439336,0.0563301523783997
"湖泊",540.673199992684,625.695234045165,-0.614096898109274,-0.271037156276256,29.9972856433895,23.0547317542298,0.087439602898473,0.0702878187434773,40,47,85.0220340524806,0.343059741833018
"湿润",531.390596157451,588.299156854725,-0.550110602470403,-0.297708059306486,17.7252778308909,25.1755730133409,0.0575948153942074,0.108513390255023,52,51,56.9085606972744,0.252402543163917
"演员",513.630109098856,528.325888881494,-0.641614418117793,-0.607378149076931,16.2858378788119,20.8664573703252,0.0596723626933648,0.0785835608958929,55,54,14.6957797826381,0.0342362690408617
"演讲",510.67968627686,579.642762748151,-0.721810079855352,-0.389958302655263,13.6267489690559,21.3166817854068,0.0466268143967396,0.0715882220643121,51,59,68.9630764712907,0.331851777200089
"漫步",614.935703721037,601.346680852235,-0.239373277769104,-0.308980487243398,29.0373946760796,28.540173286643,0.11071088797382,0.0894384829297111,54,47,-13.5890228688029,-0.0696072094742937
"激活",548.333960781979,630.59989798475,-0.469232112884305,-0.31643042743668,24.9452291896503,29.9793461708033,0.0860912632011427,0.0792560539216075,51,49,82.2659372027704,0.152801685447624
"火炉",559.688333331905,639.231238094737,-0.449002256388077,-0.192465378010775,30.2120231743024,33.7370891545276,0.119682535083486,0.0868438291647168,45,42,79.5429047628313,0.256536878377301
"火炮",596.192682928825,644.600218759903,-0.455412780318168,-0.13081636105956,33.3870718093006,27.6415283338317,0.094342211846789,0.083353447390084,41,64,48.4075358310777,0.324596419258608
"火焰",542.353086944784,617.475312495067,-0.575557719734304,-0.277521189875085,20.1780401105637,28.9585009847239,0.0659546548507452,0.0993911278281585,46,48,75.1222255502827,0.29803652985922
"灰尘",562.728619049728,573.641511111794,-0.510287441192007,-0.395137737406431,27.7951659608016,20.4415257510696,0.0661325811580374,0.0814600401010526,42,45,10.9128920620661,0.115149703785576
"灰尘.1",599.85841381144,589.252249995591,-0.372373226361031,-0.363905726083089,33.455476031331,29.8723453413529,0.0903524576502867,0.098867517698224,58,40,-10.606163815849,0.00846750027794124
"灰狼",558.347956528852,633.121195118097,-0.485059567730714,-0.217799568241539,22.180110086206,39.8289691996844,0.0742422934635054,0.115443746648088,46,41,74.7732385892457,0.267259999489176
"灵感",534.384590910368,580.257962288449,-0.552843036598367,-0.37549064346369,22.6052065549207,23.4470524821324,0.0754987588580973,0.0827586047524185,44,53,45.8733713780812,0.177352393134677
"炮兵",623.107148945229,635.313288444333,-0.229291267918946,-0.154065176577016,15.9092903095154,19.3634171981415,0.0679200959894078,0.0934271536872167,94,52,12.2061394991039,0.0752260913419305
"炸开",574.605244893354,726.352137243008,-0.424524622008643,0.0238296435749804,21.1972679277078,32.90588537266,0.0735434217265279,0.109606284009523,49,51,151.746892349654,0.448354265583623
"炸药",558.962800012018,574.761307709178,-0.508253280394907,-0.409650694550376,21.9445050397187,18.8531314977815,0.0735860833080679,0.0751107421573311,45,52,15.7985076971594,0.0986025858445305
"烟雾",589.755897958957,585.307320011038,-0.324428020563553,-0.356190203292058,26.4670404027875,23.1258653579191,0.0950094848418935,0.0957801066461703,49,50,-4.44857794791881,-0.0317621827285052
"热情",552.807627451559,528.247559138281,-0.494952331341668,-0.634027048353008,22.3888009873169,11.9196498624459,0.0818717160287961,0.0471914873868528,51,93,-24.5600683132782,-0.139074717011341
"热爱",541.27658695953,496.862603448144,-0.540375889447661,-0.676937102434591,24.4203138270235,18.0186272914126,0.0810487347190726,0.0608072493714904,46,58,-44.4139835113859,-0.136561212986929
"照片",531.709166656299,497.044839295685,-0.68414783936342,-0.760197903306226,19.988737190584,15.8653320916633,0.0628862500805321,0.0524377062564229,48,56,-34.6643273606143,-0.076050063942806
"熏肉",692.176844432255,777.97134146885,-0.00986783813520083,0.292751181599478,31.0303494611215,48.7625847907168,0.0851177081298187,0.113511062510747,45,41,85.7944970365957,0.302619019734678
"燃料",605.085740748185,621.16035998788,-0.351136083149337,-0.416942640243988,27.2480373085636,46.9542220601799,0.0899628169679552,0.0873264350539247,54,50,16.0746192396947,-0.0658065570946505
"爆炸",515.764315806708,532.102347818281,-0.646569374105423,-0.576380710023592,19.3258630753243,15.2045185688336,0.0595620264636607,0.0614732326571274,57,46,16.3380320115727,0.0701886640818314
"爆破",524.772404269661,647.922642846377,-0.508389466048579,-0.116828756158681,12.8006339128441,35.4762761009917,0.0597687215374665,0.104204730058981,47,42,123.150238576716,0.391560709889898
"爱人",521.867340902087,578.996971687891,-0.720642845209794,-0.491960863540069,15.4138460096404,18.142110978946,0.0546319919216714,0.0572817214577893,88,106,57.1296307858041,0.228681981669725
"父亲",457.040257150689,612.640747904869,-0.829464287823632,-0.324902818092223,13.8465389201334,18.6683788385143,0.0560718380322194,0.0612849888720706,70,119,155.60049075418,0.50456146973141
"父母",511.018133330138,499.311397425317,-0.722710407092432,-0.814871136485384,22.0184781561261,15.1917099009888,0.0701974982569791,0.050070758577284,45,78,-11.7067359048208,-0.0921607293929522
"爸爸",547.428829798657,513.306860006271,-0.641015392507814,-0.702414359354646,38.273805867162,24.3759147869458,0.0941901991861376,0.0846426651334582,47,50,-34.1219697923867,-0.0613989668468324
"片段",544.7551249937,650.5366735049,-0.57037078771035,-0.287584395188602,21.7607266565597,40.3702021180695,0.0730526710754199,0.078924559806018,48,49,105.7815485112,0.282786392521747
"牙齿",499.67142857401,595.456874997989,-0.743378906642315,-0.314796244248107,24.3394836617059,28.9390370464968,0.0711130625737201,0.0984863411182384,49,56,95.7854464239788,0.428582662394208
"牛仔",614.124020832932,602.563843739801,-0.364012019453086,-0.255607999704498,35.2399180334434,22.3902649607313,0.0727131782451978,0.0799938027296162,48,64,-11.5601770931308,0.108404019748588
"牧师",615.137560010388,597.073636365463,-0.323607180659948,-0.317096624869887,26.0349468779978,30.8085244070543,0.0893773420112814,0.109859933859785,50,44,-18.0639236449258,0.00651055579006071
"物主",588.823333329982,719.872249996851,-0.338704596399814,0.0523210522932134,29.9373191863226,48.333096966403,0.118119601200617,0.15082012450783,54,36,131.048916666869,0.391025648693027
"犯罪",604.762949157246,553.820432827724,-0.450889543672559,-0.456114623912125,32.7234969999247,17.4526167612374,0.0870410790449583,0.0651859870077701,59,67,-50.942516329522,-0.00522508023956575
"独特",658.143243920341,578.500921573684,-0.254504543041927,-0.449512475217153,53.4288903317485,27.3195520922751,0.136559675457614,0.0793765190524726,41,51,-79.6423223466569,-0.195007932175225
"狮子",528.898022225562,602.881411785022,-0.626829170294095,-0.317825012963765,19.6899971927069,34.3681768639813,0.0596737773959977,0.112333481519989,45,51,73.9833895594601,0.309004157330329
"猎手",578.650288466126,621.589901969665,-0.407453213286626,-0.217851560251384,28.5960306966793,32.7955140637753,0.0968923388471656,0.110886641701933,52,51,42.9396135035397,0.189601653035242
"猜想",648.969022224907,571.745770838477,-0.214025512998275,-0.418262852918165,37.2630112662628,21.2770557940255,0.101204049808491,0.0668072916448224,45,48,-77.2232513864302,-0.20423733991989
"猩猩",547.748374989001,588.331147545102,-0.54321122360003,-0.340188556581308,14.6906415213154,19.8462821548163,0.0592451267692876,0.0737208602827065,104,61,40.5827725561012,0.203022667018721
"猫咪",516.618408162674,599.52120001149,-0.615328876826339,-0.413330568548635,16.8688716556654,36.9566446142617,0.0591462620205406,0.0775554634552433,49,50,82.9027918488166,0.201998308277704
"王国",566.371900010251,593.094113217189,-0.547381277281839,-0.386785144943301,28.0891678177519,27.4535129319094,0.0605463595468582,0.0750076457826677,50,53,26.7222132069372,0.160596132338538
"王子",501.424469388544,571.008377777506,-0.768074670246556,-0.477292696020048,22.5820859825349,35.0389051029631,0.0619378622487512,0.0899796553312991,49,45,69.5839083889623,0.290781974226509
"王座",581.245500000868,767.452509801066,-0.385333433385422,0.271049777995159,26.8752640290683,29.7745498043614,0.0953876018211273,0.103207211513978,48,51,186.207009800198,0.65638321138058
"玩具",543.090962258381,515.164137266754,-0.551568915420429,-0.69201111347853,24.7627096458056,25.0838701576574,0.0719484762841581,0.0859743390945286,53,51,-27.926824991627,-0.140442198058102
"玩笑",522.55214285802,543.654299984303,-0.63008553003177,-0.612780367480515,18.5750340576057,21.5275913977566,0.0685980482775516,0.0651848448377559,49,50,21.1021571262827,0.0173051625512546
"珠宝",549.223431386705,527.757226425875,-0.486443473472402,-0.570626808286588,26.9630362671515,13.4295993546979,0.0894185356319388,0.0574333169925842,51,53,-21.4662049608302,-0.0841833348141867
"理由",537.22120755648,528.218795911151,-0.531025733895518,-0.624338790903904,20.3856378380703,27.1203662902342,0.0711991680091865,0.0821694064496775,53,49,-9.00241164532861,-0.0933130570083862
"理解",521.608499988302,552.136083336777,-0.600799312833272,-0.606902915548678,30.7446751410502,28.1083144443319,0.0847590122248141,0.0816783230201351,40,48,30.5275833484744,-0.00610360271540589
"理论",556.283708336874,551.655690441458,-0.519673718930833,-0.486334328292827,31.4485234715454,23.1998138748068,0.0872376885842643,0.0827095936553168,48,42,-4.62801789541618,0.0333393906380067
"瓶子",568.262595744112,540.020780005149,-0.493853164338319,-0.517728605974145,30.83099180112,20.4944133767102,0.100770276375756,0.069533696843394,47,50,-28.2418157389632,-0.0238754416358266
"生产",542.684240740108,539.09105883432,-0.564093891597282,-0.54882518123648,22.2188335170875,17.3555781303129,0.0655457263953932,0.0539850160542621,54,51,-3.59318190578813,0.0152687103608024
"生产.1",552.169733329768,574.549607826747,-0.592561271371548,-0.429002569746052,32.0556912441296,30.0223608633818,0.10581529795486,0.0884914684696773,45,51,22.3798744969795,0.163558701625496
"生存",604.487072720834,539.682477285888,-0.375367808604478,-0.533205216898744,28.2436546947509,31.8827444966601,0.0857277243007978,0.0974745697938817,55,44,-64.8045954349467,-0.157837408294266
"生日",498.754513154264,493.976571419461,-0.800867234593163,-0.754854262381548,10.1990470047494,16.9907331838552,0.0344080262799122,0.0666761282261608,76,42,-4.77794173480214,0.046012972211615
"生气",570.97325453863,491.667408164608,-0.491647192285222,-0.718107223534731,24.0687236488737,16.9457776815173,0.0678597790658347,0.0570472909166443,55,49,-79.3058463740219,-0.226460031249509
"生物",504.76848780815,577.513489794081,-0.715477980369054,-0.54844978202063,23.2603083028598,29.2144931345111,0.0846358897671608,0.0824983236769768,41,49,72.7450019859314,0.167028198348423
"生物.1",555.782602560848,555.384906990091,-0.544445642178264,-0.552636661238977,16.5174700948207,24.890318021727,0.063689460459724,0.0635666103247765,78,43,-0.397695570757264,-0.00819101906071318
"生物的",563.457488895056,597.393947362855,-0.648382657894796,-0.379641601630066,44.4250757573966,23.7013000401007,0.0895646754107296,0.091758695312212,45,76,33.9364584677987,0.26874105626473
"甲板",568.169728592328,601.708178569965,-0.386684717782527,-0.268581786580461,13.5228166475988,22.6056482883708,0.0523517546064606,0.0877654560145225,70,56,33.5384499776371,0.118102931202066
"电影",566.536627898308,531.11402001687,-0.60791097728789,-0.571364735809609,42.8286935070062,23.9685807750654,0.102188919728513,0.0809650434318075,43,50,-35.4226078814377,0.0365462414782809
"电流",543.901282597885,601.799862741231,-0.62889211002105,-0.356107821564786,24.0626465758057,31.1974146619266,0.068953302246372,0.0882050507187533,46,51,57.8985801433463,0.272784288456264
"电的",732.84870371394,793.448499998197,0.000327737774444409,0.39564680839101,63.6714753544614,67.7231080559009,0.156124120197633,0.243260661689367,27,16,60.599796284257,0.395319070616566
"电脑",498.036944443626,518.239863656507,-0.74650931796578,-0.575377133949365,17.2567429787956,15.2069781709807,0.0515118289805794,0.0564577920746018,54,44,20.2029192128812,0.171132184016415
"电视",501.170529418547,496.008727270962,-0.739093236149478,-0.706683076889542,16.30426995536,14.3756960752615,0.056271850032688,0.0519049672549114,51,44,-5.16180214758447,0.0324101592599367
"电话",525.080625007601,524.950897951719,-0.71550377966062,-0.670981723367043,18.8752782393491,20.7798543451364,0.0638341442809544,0.0745673418872345,80,49,-0.129727055882199,0.0445220562935768
"男同",676.634844454219,769.598021721934,0.0434427036384024,0.37169601506586,33.2347846297492,36.4747825290726,0.118218970348069,0.117078918208001,45,46,92.9631772677144,0.328253311427457
"男孩",463.585607846314,518.436584918293,-0.946549558892861,-0.674321676907374,14.8124564402843,22.0182409348984,0.0526197417542358,0.0897217156628468,51,53,54.8509770719788,0.272227881985487
"画家",521.672617004828,575.602263161352,-0.656286126716341,-0.408003730851621,13.3995752654031,21.7212604810764,0.0591468899840224,0.0652739227553736,47,57,53.9296461565248,0.24828239586472
"番茄",528.172645834999,571.111596145951,-0.619838619108434,-0.570205421313142,26.1339148988001,33.9066629686367,0.0864061281949057,0.0698634088134049,48,52,42.9389503109516,0.0496331977952921
"疫苗",555.748306121054,556.284903847386,-0.559327173338071,-0.507826250697178,20.0298319266393,17.3543186105633,0.0605264772503557,0.0564359511907017,49,52,0.536597726332502,0.051500922640893
"疯狂",533.276964284286,518.760897971678,-0.584087358750542,-0.579694584818973,21.1764247086885,15.6815754362709,0.0738415938944732,0.0647998004027514,56,49,-14.5160663126073,0.00439277393156867
"疼痛",508.374479172241,540.356999987921,-0.632816406190931,-0.531172502524699,16.6787563617183,20.9258876659957,0.0723188920423241,0.069156373675658,48,47,31.98252081568,0.101643903666232
"疾病",516.144893618773,626.686392858118,-0.583643102517292,-0.305650403080804,17.4971428246863,29.6239603616673,0.07704292329693,0.0863405670922788,47,56,110.541499239345,0.277992699436488
"症候",749.154666666801,873.082199982907,0.216755109794149,0.612868100577364,64.378369875611,56.7354108364002,0.206230977018637,0.194986660945319,24,30,123.927533316106,0.396112990783215
"瘢痕",664.629416698468,912.296899968008,0.170526316287193,0.821797141107039,63.5043398711095,70.3379509300622,0.199973473553842,0.164769367314757,12,10,247.667483269539,0.651270824819846
"癌症",527.492596170011,617.861551022947,-0.627642874381197,-0.23845043813383,14.6175340502154,34.8423812429368,0.0514290760840708,0.100430370777998,52,49,90.3689548529364,0.389192436247368
"白兰地",606.355607840391,769.113905661729,-0.294234985184374,0.436173948701131,25.214551828243,27.1993554860689,0.0899467664840018,0.0997669417642274,51,53,162.758297821338,0.730408933885504
"皇帝",549.729897959242,534.795333332115,-0.567355853341724,-0.573873805381458,24.8688003417439,16.0561228973276,0.070255798136103,0.0543338115666619,49,48,-14.934564627127,-0.00651795203973482
"皮鞋",505.382367350462,576.367276602131,-0.661743332662084,-0.420100502219098,17.4580827774265,27.2976693427337,0.0637343712818354,0.097460042236838,49,47,70.9849092516696,0.241642830442986
"监控",558.466404243304,542.829107140165,-0.500052789649001,-0.578065767090726,23.9980706538932,14.9569534343135,0.0807182564545135,0.0558727535502592,47,112,-15.6372971031382,-0.078012977441725
"监狱",581.604458331392,540.251941186022,-0.495766990181483,-0.523066490749843,38.9571733175524,15.5726251478894,0.0954539782131214,0.0713906559792958,48,51,-41.3525171453697,-0.0272995005683604
"监禁",624.542653853256,640.92650000366,-0.115295595586989,-0.255847167853558,25.9772029180893,44.0754757302319,0.0976282456734412,0.12374706984299,52,40,16.3838461504042,-0.140551572266569
"盔甲",566.885000007453,661.084282623598,-0.393177056909772,-0.111236748019448,24.3356391617789,37.1190144729657,0.0760800976685447,0.130614381634198,53,46,94.1992826161443,0.281940308890324
"盘子",552.139118418158,579.137326926473,-0.556728317363531,-0.418080846266067,15.4827977031727,21.8062085917451,0.0596378071007697,0.0793125312146341,76,52,26.9982085083146,0.138647471097464
"直升机",492.395109089778,577.902208336321,-0.720487243918888,-0.355735103478368,15.2655482078297,15.7646032100406,0.0644602619548226,0.0595135688936951,55,48,85.5070992465432,0.36475214044052
"直接",564.206764721312,596.898925918106,-0.413344889204736,-0.406751624457101,19.5351322352662,29.439930161558,0.0786516377618714,0.0804862308398164,51,54,32.6921611967942,0.00659326474763527
"直觉",564.904302328795,532.624391299928,-0.464501533490999,-0.562817725420914,31.6709964802179,23.9128064098368,0.0897092576222137,0.0688583853572677,43,46,-32.2799110288663,-0.098316191929915
"相信",519.558320752926,560.114608711764,-0.623817645719105,-0.552880602776858,20.2129884996043,26.4265632938814,0.079348414061771,0.0909882471431597,53,46,40.5562879588385,0.070937042942247
"相反",563.602960814374,606.527946429472,-0.422164688055845,-0.326552897598862,22.4313641441123,28.4648790636693,0.0994472359880492,0.0885393933357948,51,56,42.9249856150986,0.095611790456983
"看法",504.511500001988,589.107465105772,-0.735005437691281,-0.368797414744144,21.5639466266738,31.0373857991848,0.0499598327892177,0.0997290536896423,48,43,84.5959651037837,0.366208022947137
"真实",559.641499996285,535.548254903559,-0.612840135203287,-0.59422543669891,21.342631697084,26.0909528317544,0.068687011424091,0.0841038594468265,80,51,-24.0932450927261,0.0186146985043767
"真的",570.455083340904,543.659416666633,-0.444534280421787,-0.548312788253979,22.3325862023249,26.6507195618233,0.0778039013884497,0.0821759241824116,48,48,-26.7956666742707,-0.103778507832192
"眼光",589.720192307576,536.636155554924,-0.420415643602449,-0.574180304155316,35.0789823646243,24.4637205130424,0.0994414357556864,0.07232307338658,52,45,-53.0840367526517,-0.153764660552867
"睡梦",653.328111120051,670.219093020239,-0.237764032431025,-0.0426302252884571,42.7389119310673,31.230706835815,0.137614648439565,0.122332599987126,45,43,16.8909819001873,0.195133807142568
"睡觉",508.072472719121,520.800698127695,-0.691837962439785,-0.617066076902596,22.3872817326518,19.4104629128726,0.0735819022992639,0.0649326196687091,55,53,12.7282254085741,0.0747718855371893
"知名",705.109673906956,708.268564113951,-0.0317422998980315,0.0302980260563704,51.0739732702714,43.3209331556804,0.137432926134823,0.153667219919036,46,39,3.15889020699433,0.0620403259544019
"知识",546.74045284058,532.04855999641,-0.442697630783197,-0.632175818730727,24.0477854896133,20.4749824845931,0.0982087935084555,0.0635974235343696,53,50,-14.6918928441693,-0.18947818794753
"知道",564.65265908985,524.946820002848,-0.607996235103849,-0.585286408072986,31.4847689111476,23.3735491178899,0.0884379319488541,0.098618637892764,44,50,-39.7058390870022,0.0227098270308623
"知道.1",496.599392864291,545.752073177529,-0.712630933436749,-0.656944564089238,22.4943371863654,36.8813436856023,0.0904921200414016,0.105624673850984,56,41,49.1526803132382,0.0556863693475101
"短语",603.603963641282,547.821658520743,-0.225951730851626,-0.569251089109325,16.9949194262777,22.4768160992618,0.0656834178382417,0.0758548036571643,55,41,-55.7823051205395,-0.343299358257699
"石头",536.463538451091,543.234112914449,-0.616414514634242,-0.506061126103984,23.3284564450899,17.1466266441392,0.0755687518581966,0.0755123836982942,52,62,6.77057446335812,0.110353388530258
"石油",592.769415100827,625.955460004596,-0.412352663478429,-0.303048501931316,38.3931579288259,32.5273923639976,0.117312286964757,0.0789665502131219,53,50,33.186044903769,0.109304161547113
"破坏",568.279388885593,534.039553199837,-0.431641628043877,-0.580448367818899,19.8479856223714,17.6258550545193,0.0644264840934726,0.0614586952639957,54,47,-34.2398356857566,-0.148806739775022
"确认",526.386725008961,509.72782088483,-0.728736773214288,-0.72087192000793,48.9859947389034,10.4496147835456,0.0844183387809782,0.0522756863317014,40,67,-16.6589041241311,0.00786485320635755
"碎块",770.584903848396,756.54732355745,0.408226927701646,0.172123675631655,38.6737103749168,46.7732268540546,0.14958266903573,0.149274562597753,52,34,-14.0375802909466,-0.236103252069991
"碰撞",536.89126086325,579.352444434237,-0.525957377211437,-0.39967416959549,16.7478085477198,29.9831374067527,0.0491664476961437,0.0976211940156598,46,36,42.4611835709867,0.126283207615947
"示威",618.762065208322,658.189133331061,-0.286884875936031,-0.241666600579952,33.5859085225779,30.0093652476432,0.0982167839996765,0.077020432481645,46,45,39.4270681227391,0.0452182753560786
"礼物",520.843261903014,550.455680850256,-0.703597266135656,-0.588636093786412,24.3152805581545,31.7977773103478,0.0716056868987484,0.0863270851532225,42,47,29.612418947242,0.114961172349244
"社区",532.325782600914,590.456681815305,-0.565736417876488,-0.360391685153446,21.2137584821245,25.7036077986533,0.064925797221359,0.0920510946330604,46,44,58.1308992143911,0.205344732723042
"神圣",568.432913795276,672.873159098533,-0.457165927127116,-0.231314466225058,23.3027443298307,51.271564616417,0.0871431020295128,0.0935153379917174,58,44,104.440245303257,0.225851460902059
"离开",552.638020000694,563.029928576521,-0.554572096400885,-0.563957786940715,29.2354481916118,28.1645905192585,0.0956671493094795,0.0901752219238235,50,42,10.3919085758265,-0.00938569053983029
"秋天",543.579351855498,541.411800000351,-0.595827239411693,-0.525301924259381,19.1697925848446,22.1402974162226,0.0766494176648945,0.0901437786490463,54,40,-2.16755185514705,0.0705253151523118
"科学",499.622568186962,541.116083334363,-0.756821605173433,-0.592389647500088,24.3892349920637,24.2103919665043,0.0731272309852588,0.0725562585291194,44,48,41.4935151474011,0.164431957673345
"科学家",566.432375004928,578.926533335727,-0.54097545523401,-0.34384485610897,40.2619537683337,21.6408925501711,0.0827474284681562,0.0756433746139771,48,45,12.4941583307991,0.19713059912504
"租赁",646.690244896985,806.3506500063,-0.0989459114670609,0.304258418994108,24.4380508585421,41.5858025695249,0.0835370411588478,0.121464701307224,49,40,159.660405109314,0.403204330461169
"称号",591.986945943912,577.973170736191,-0.345451040541664,-0.43504176482813,35.9424849136037,22.6066005137794,0.127618740336296,0.0790286854003544,37,41,-14.0137752077209,-0.0895907242864664
"程序",520.888693875699,537.650217409399,-0.560366517249819,-0.578872360209662,13.1293019327462,28.3474660652728,0.0572385364190467,0.0873250737180045,49,46,16.7615235337,-0.0185058429598435
"程序.1",533.493959980593,547.697271424661,-0.644088237297676,-0.564358175244806,16.7475607014128,20.3280185233313,0.0544896740516698,0.0576333982576043,50,70,14.203311444068,0.07973006205287
"突变",676.472890901434,691.407113634101,0.0129986073696428,0.0675868811183643,28.270100025967,29.773446533754,0.0979306195905801,0.111143879917478,55,44,14.9342227326672,0.0545882737487215
"竞争",566.970415095259,538.696177783093,-0.520084472420857,-0.519788509480104,21.7424062659036,19.9745518557697,0.0676614924337792,0.0701189993538247,53,45,-28.2742373121658,0.000295962940752958
"端庄",552.986920006891,610.218666656494,-0.568738014524538,-0.307157129041751,22.7131822237695,24.1761194181582,0.059673268487134,0.0709551696107697,50,57,57.2317466496023,0.261580885482787
"符号",570.992872332264,547.046200004112,-0.45158293606865,-0.48358459771721,23.0535427277832,25.4003363083966,0.0770540067693804,0.0797712003868775,47,55,-23.946672328152,-0.03200166164856
"笨蛋",480.114745464167,541.027365085858,-0.727871611574248,-0.56058138078263,12.4695797705509,12.48593585246,0.0490784874178655,0.0473653850279611,55,63,60.9126196216907,0.167290230791618
"笨蛋.1",555.67006251259,586.959973676913,-0.525555582746725,-0.444466978529848,25.6778890393393,17.8482249450453,0.0874213430759818,0.0616033305510968,48,76,31.2899111643227,0.0810886042168774
"第四",455.240823527728,741.546524381999,-0.866431562235836,0.166001517555987,13.1714320770465,20.5281444591426,0.0569593386720254,0.0735231589270159,51,82,286.305700854271,1.03243307979182
"签名",530.990057713424,575.19061702576,-0.561094713203174,-0.467115604941476,16.2807284576245,32.9700143981067,0.0646891638166589,0.0616736242560926,52,47,44.2005593123363,0.093979108261698
"签名.1",498.178984629893,504.116408174984,-0.659182905524772,-0.727718218387239,16.8840366484853,16.8747761980315,0.0581425249186499,0.0604928514212177,65,49,5.93742354509101,-0.0685353128624665
"简单",493.60723943528,581.798755552942,-0.819589539848552,-0.598878736708964,11.7889386318462,59.4490422096733,0.0529025268522188,0.0904438056323028,71,45,88.1915161176622,0.220710803139588
"粒子",679.650634158903,730.255390240467,-0.00503089099988677,0.109048979220669,38.2688238554568,45.6154320213288,0.139696134454698,0.127172314148957,41,41,50.6047560815641,0.114079870220556
"精神",508.609393442595,513.502644442853,-0.703020802721485,-0.648257782667156,18.2072855084552,23.962344333636,0.0654191852730433,0.0799381510355647,61,45,4.89325100025786,0.0547630200543293
"系统",574.60800000929,499.850740001556,-0.510387284412507,-0.657919183331581,27.5276614438736,16.8769700509409,0.0698327754328315,0.0694990537242998,48,50,-74.7572600077336,-0.147531898919074
"素描",583.516551017657,648.696875008249,-0.408886485741454,-0.183546345197512,32.4321077278968,32.9930284769393,0.0981710250989978,0.107321981849679,49,48,65.1803239905927,0.225340140543942
"紧张",510.690059995697,535.094219986021,-0.664118034834343,-0.473640410743684,22.4532050527994,20.7086038586394,0.0752535868232068,0.0851624917799694,50,50,24.4041599903243,0.190477624090659
"红衣主教",716.30773171004,865.564296301561,0.0568889926852419,0.576162957613852,36.2331952779146,54.0732227304163,0.110181061880222,0.15777084580181,41,27,149.256564591522,0.51927396492861
"线人",658.159403858819,732.665061218568,-0.140094380114091,0.142773109277543,32.3149191935321,33.5751365912409,0.0999633603101931,0.110200717779512,52,49,74.5056573597491,0.282867489391634
"组织",530.852791691389,567.392259989176,-0.674680440781571,-0.472801283095635,19.7770445969181,24.07271328146,0.0532646579580436,0.0800888630138435,48,50,36.5394682977866,0.201879157685936
"组织.1",543.08255812874,640.983437499911,-0.565035550764674,-0.108392913787134,24.202225353648,22.5110282200554,0.0844510812333314,0.105267842661808,43,48,97.9008793711706,0.456642636977539
"终于",498.593555556865,526.037088899089,-0.709077306208846,-0.607486980955481,13.4873938361726,18.928694516635,0.045835526117275,0.0710309705815428,54,45,27.4435333422247,0.101590325253365
"经典",531.101679998908,530.802816320397,-0.592763203386775,-0.672109607454724,19.7028635903647,27.7584382711923,0.0651587802851508,0.0567364538544718,50,49,-0.298863678511111,-0.0793464040679487
"经常",545.217744688213,574.417800004287,-0.547455282803743,-0.432051478182096,29.6220200068125,30.744590772663,0.0961464404237058,0.0963922320532925,47,50,29.2000553160739,0.115403804621647
"经费",556.586978255955,644.403857157309,-0.416546364035971,-0.151477610928576,26.0440709994593,24.8408176355291,0.103929260877711,0.0801275085507975,46,49,87.8168789013538,0.265068753107395
"结尾",507.549159997745,578.23512498963,-0.665748579015088,-0.489471556980531,14.7491691442086,31.9083906121441,0.0522699655655894,0.0816642156646498,50,48,70.6859649918856,0.176277022034557
"结构",599.261750024916,567.494391317101,-0.256379582702785,-0.421592823652675,17.4424728322965,22.769723861228,0.0717784669447287,0.082492576002604,56,46,-31.767358707815,-0.16521324094989
"给予",598.22961362962,660.378922062245,-0.258897580572628,-0.0845929473862197,22.9012465971446,18.1401499507475,0.0908429497531814,0.0702279098816942,44,77,62.1493084326246,0.174304633186409
"继承",562.13363636964,550.227727290041,-0.506404391024151,-0.574889446317418,29.0399736166269,31.0219031850632,0.0816076349771944,0.0875765349376353,55,44,-11.9059090795993,-0.0684850552932671
"绳索",601.349578132209,650.747666688935,-0.260463485737924,-0.154273335129585,20.9031394583345,30.0272966177784,0.0819759743689375,0.10228473932052,64,51,49.398088556726,0.106190150608339
"维他命",603.640978280218,659.167317067061,-0.234747501556986,-0.0667926313189626,23.0163804406966,18.1918504179616,0.0898532883966448,0.0719893472831873,46,41,55.5263387868424,0.167954870238023
"维修",613.361560000169,548.557043471148,-0.306579105545209,-0.501054108637161,28.5847099994432,19.1390793241304,0.092146784154577,0.0854648984384903,50,46,-64.8045165290206,-0.194475003091953
"维护",513.177250001349,549.415897965234,-0.628778088076753,-0.45295725414015,22.5201310081372,19.6639571179627,0.0771986219605304,0.0805019277990928,44,49,36.2386479638849,0.175820833936603
"维持",631.658770828554,625.236833331735,-0.329092460836732,-0.310866305218003,45.0726415125234,43.1311809148065,0.115736124108307,0.0923909557908668,48,48,-6.42193749681974,0.0182261556187287
"维持.1",632.508404761046,600.467888889004,-0.331285550952052,-0.391790204220104,48.7297640215865,30.7467660460134,0.101735636538749,0.090482838470324,42,45,-32.0405158720421,-0.0605046532680517
"缺席",568.104573776267,616.648448283603,-0.411291581450906,-0.284792151446189,16.3434376248622,25.6731527616996,0.0702745552011216,0.0706291667610242,61,58,48.5438745073359,0.126499430004717
"网球",534.520558137549,524.098933353529,-0.55622085515504,-0.56976158672445,20.3134051978225,19.4588999869489,0.0828705696587055,0.0729524699491286,43,45,-10.4216247840201,-0.0135407315694097
"罗马",672.495043480566,603.490454550505,-0.280097082983969,-0.292184094875267,57.5769475684175,25.5236317357837,0.0914173069843865,0.0764700668233,46,55,-69.0045889300609,-0.0120870118912983
"罪犯",520.191085110927,600.155553178152,-0.628114098587069,-0.401744456429911,15.1379332126403,31.3789892496161,0.0590470055766022,0.0963174138318866,47,47,79.9644680672251,0.226369642157157
"美丽",478.153212757914,516.969511122642,-0.748442055334188,-0.638315196506358,16.3444268769765,17.4230542316089,0.0632724817779709,0.0733340701933514,47,45,38.8162983647287,0.11012685882783
"美丽.1",515.631101699391,568.182553202527,-0.661377106596779,-0.537738750967561,21.5007827944553,32.5636595929527,0.0719559083195084,0.0857168458941682,59,47,52.5514515031365,0.123638355629218
"美元",506.42584000792,613.192173067375,-0.693245385708524,-0.25972661891718,13.7903137015483,23.7534919512472,0.0467629665953693,0.0820585767750368,50,52,106.766333059456,0.433518766791345
"美味",509.700071429235,472.662760018277,-0.674140607599666,-0.774157264752125,20.4475955725448,12.7012951496515,0.059351222893685,0.0447539738725265,56,50,-37.0373114109574,-0.100016657152459
"美国",495.728372091392,527.72624445039,-0.720020456788904,-0.622377924491356,25.5685831919304,19.6470551085297,0.0864584602470305,0.0656729126006314,43,45,31.997872358998,0.0976425322975476
"老师",474.489393440528,553.143888895837,-0.754856939779532,-0.564702513559205,14.9393933592496,35.48700354445,0.0610788302511891,0.099749740225211,61,45,78.6544954553097,0.190154426220326
"老板",554.293254914429,533.759127269156,-0.531697320481129,-0.590962507344204,27.2352433285679,21.2495105138907,0.0887171427215751,0.0589605547108219,51,55,-20.5341276452731,-0.0592651868630745
"耗子",561.012449270797,616.710108700201,-0.445918671135283,-0.245691026068876,14.2381639578799,19.6286165974065,0.0529131284070394,0.0619266020485085,69,46,55.6976594294044,0.200227645066407
"耳朵",522.866916656554,514.161759998086,-0.669585961678828,-0.585588640715886,22.1661178629226,17.6366181897708,0.0758867917978845,0.0651392968447309,48,50,-8.70515665846722,0.083997320962942
"聋子",570.304340423792,653.534431825434,-0.357234711796128,-0.181234107324992,20.8585464932173,33.0926557594916,0.0790098795601786,0.0935248070312757,47,44,83.2300914016422,0.176000604471136
"职务",561.264531917948,576.448078436463,-0.469869205818667,-0.393507314779771,23.8098778895313,28.1002322381736,0.0716376972752258,0.0888299665505468,47,51,15.1835465185147,0.0763618910388965
"联系",534.962315796338,527.316707336141,-0.555794905566269,-0.597903641491062,23.1288677469945,27.2691419386863,0.0746352301043827,0.0954237252689071,57,41,-7.64560846019685,-0.0421087359247935
"联邦体",707.723250000473,884.601607160556,0.055622718342259,0.657569936989798,35.8413046601509,51.4882651244116,0.122072281097885,0.174275458410274,48,28,176.878357160083,0.601947218647539
"聚会",663.817652182186,535.756510635061,-0.236514169018293,-0.553320083108718,37.5959721012054,14.0552631111279,0.118524143835804,0.0704407104627319,46,47,-128.061141547125,-0.316805914090425
"肉类",613.187208333278,632.711301882885,-0.306322631591219,-0.158543386718874,41.1358384117623,21.6663992051399,0.106236846397019,0.078381464012688,48,53,19.5240935496064,0.147779244872345
"肌肉",624.225829786207,579.208739135749,-0.385786940864549,-0.407728550968521,38.3448945619929,29.7853670438064,0.105243633299472,0.101689962462254,47,46,-45.0170906504582,-0.0219416101039717
"肝脏",583.691369574578,578.542043505706,-0.445821339240521,-0.33229075311404,19.3969079450118,19.7938830702053,0.0483158798835464,0.0752042757579506,46,46,-5.14932606887237,0.113530586126481
"肥猪",600.50413999304,746.425348835614,-0.315431968434166,0.215081277228274,23.090751508275,33.7905681239993,0.0841656823012947,0.119899831115657,50,43,145.921208842574,0.53051324566244
"肾上腺",696.629326532666,707.322309531434,0.0981389442336473,0.0954947106745248,31.6101648533496,30.9510672763346,0.102651359706462,0.106623678615414,49,42,10.6929829987687,-0.00264423355912251
"胜者",538.866653062805,627.283436393864,-0.550744266789576,-0.228823936339758,15.3587773462691,29.2909393025315,0.061423051770905,0.106160736155945,49,55,88.4167833310594,0.321920330449819
"胡同",586.737596155877,607.026019621103,-0.340696400079433,-0.296629296441388,16.3701903665328,27.2997369041214,0.0612274429892313,0.08758916442023,52,51,20.2884234652263,0.0440671036380447
"胡须",651.05638094428,644.673725018619,-0.135543489505894,-0.0921578802647466,33.5253916001498,18.7287105441605,0.108332435455319,0.0723753209751027,42,40,-6.38265592566108,0.0433856092411469
"胳膊",546.40413999231,594.191363635363,-0.473766112485715,-0.375159195706524,16.6301688022606,27.4780415910069,0.0630281079481908,0.0895885353724939,50,55,47.7872236430528,0.0986069167791909
"胸膛",592.616160725212,596.651380012644,-0.322008469958509,-0.407613451464809,20.9506711412031,15.4234307524333,0.0694654080142984,0.0559911740233266,56,50,4.03521928743169,-0.0856049815063004
"能力",511.523961567806,544.279021259428,-0.656748102812225,-0.52863008867201,16.4625218739374,26.4367036032883,0.0637140292640199,0.0754222054122702,52,47,32.7550596916219,0.128118014140215
"脖子",597.452109105057,660.55125000186,-0.388645481489243,-0.098797445267256,26.7703907359618,36.9800445903647,0.091396339606482,0.122132361926069,55,48,63.0991408968032,0.289848036221987
"脸颊",608.921111116889,708.990800001181,-0.268633937433632,-0.106350387753586,19.2003942909007,50.3163311242797,0.0770855273503972,0.0852044239890429,45,45,100.069688884291,0.162283549680046
"腹部",563.348000004259,545.088451610267,-0.424061404450359,-0.474103319378635,26.8253619419336,12.6108372775067,0.0811554118560953,0.0524067216263456,48,62,-18.2595483939915,-0.050041914928276
"膝盖",556.36312726972,552.406999993344,-0.48865886348531,-0.525942971432983,22.8975311241237,25.7407332689034,0.0770475395734219,0.0826208751515037,55,53,-3.9561272763757,-0.0372841079476728
"自愿",563.644679993422,565.565181822722,-0.528601856780107,-0.483345464469793,26.520632888778,22.7390140503991,0.0746715540585578,0.0909351110300924,50,44,1.92050182929938,0.0452563923103142
"自由",505.785572719254,499.502621601686,-0.747141757722155,-0.786470550024213,15.9494917250926,12.7416794671741,0.0587688935255721,0.0425572639446665,110,74,-6.28295111756808,-0.0393287923020578
"自由.1",495.691312506201,523.663301891941,-0.622860109975632,-0.644382727724301,21.5799416100066,23.1946302126131,0.0839806128266094,0.0736152608282899,48,53,27.9719893857406,-0.0215226177486695
"自私",547.634918364553,556.865312486453,-0.544335215250104,-0.485455634494467,24.4640704458461,28.8970960511943,0.0727105398136098,0.0997261733714662,49,48,9.23039412189974,0.0588795807556375
"致命",552.138981475901,560.060553193635,-0.471116356307428,-0.603230885402645,23.7348437982204,37.2618534447008,0.074545337594999,0.0979621663358712,54,47,7.92157171773408,-0.132114529095217
"舔舐",715.307431368669,866.123729771039,0.187622420787252,0.704607750536623,29.3199670739747,42.067895841536,0.101806114911732,0.135958039769557,51,37,150.81629840237,0.516985329749371
"航班",573.553829817728,643.83088888643,-0.482316034069841,-0.173999801055135,15.9536821813984,35.4814318031151,0.0524303410478171,0.108796909213567,47,54,70.2770590687027,0.308316233014706
"航行",615.883785704506,665.542042535754,-0.325554674908467,-0.0468246480133968,40.4210292617592,28.2837303382492,0.12009915206623,0.100296978963325,42,47,49.6582568312475,0.27873002689507
"舰队",600.102267861571,644.940815775662,-0.432149397571642,-0.08707270720664,25.2746225623917,21.7377476269038,0.0730788234051105,0.102516991369974,56,38,44.8385479140906,0.345076690365002
"节日",540.431520837696,630.632142861393,-0.630356767133102,-0.31436667167714,21.5403218627535,29.0254319939642,0.0794847793353341,0.0931364412732692,48,42,90.2006220236972,0.315990095455962
"花卉",628.856815791314,723.00611110334,-0.162857029752636,0.182909449305904,19.8155723275561,32.3389452354105,0.0797048796579552,0.112286495596277,38,36,94.1492953120255,0.34576647905854
"苏打",637.654024393363,682.36510000828,-0.235481829620068,-0.103955705933978,29.018040207476,24.7624695941192,0.0774079859674485,0.0832178032688944,41,40,44.7110756149174,0.131526123686089
"苦难",564.508106391691,604.983800014884,-0.532336701438494,-0.382497324530595,31.603496826288,24.8465206602763,0.0981500187035374,0.069042700009549,47,50,40.4756936231928,0.149839376907899
"草莓",536.946629633884,540.864900001347,-0.611199630861409,-0.590385792047591,23.9209306367916,17.9921828684396,0.0765612964697376,0.0737537555140909,54,60,3.91827036746258,0.0208138388138178
"荒诞",629.731424654041,635.276739141932,-0.238104682124022,-0.249961422116843,19.0543071540809,30.0073292806842,0.0630483151796863,0.0950325546256585,73,46,5.54531448789112,-0.0118567399928209
"荣耀",533.327557696235,570.439828570705,-0.568375066955225,-0.489727139041249,16.1268225458688,28.3308547852492,0.0651927898078384,0.0849767042521978,52,70,37.1122708744692,0.0786479279139756
"荣誉",556.473500000533,554.218999996401,-0.549123491254914,-0.569440572447243,21.7719339741416,22.0009037252864,0.0529346558179394,0.0536826342293202,54,43,-2.25450000413196,-0.0203170811923292
"药丸",606.206320750987,654.625897968286,-0.313508082014954,-0.241099195980225,26.8305483314056,33.7174228549469,0.0885450826991291,0.0944268594304983,53,49,48.4195772172993,0.0724088860347283
"营销",611.915478256392,562.061812507322,-0.327199738601907,-0.486811150213641,25.691291420559,22.826161607576,0.0812577244390669,0.0730840042475355,46,48,-49.8536657490697,-0.159611411611733
"葬礼",564.70091778958,615.552491805186,-0.530413573025813,-0.262662285578561,14.6998176885406,17.4880552735937,0.0480287336448516,0.0705264625732954,73,61,50.8515740156054,0.267751287447253
"蓝色",500.003769228969,605.868037748806,-0.746222911002376,-0.276468536893342,13.7202127977726,28.855064916651,0.0455164604898246,0.0907876668010762,52,53,105.864268519838,0.469754374109034
"薪水",547.075739133984,583.307085107001,-0.471177685330211,-0.360235157893399,18.1633850894075,19.9011954150362,0.0789012132068712,0.0550480315133305,46,47,36.2313459730177,0.110942527436812
"虚弱",566.105319147699,575.540881358461,-0.40406268154266,-0.451381574677182,24.2889687647625,17.0694164625504,0.0915008237456042,0.0534105539836701,47,59,9.4355622107621,-0.0473188931345219
"虚弱.1",564.672574467019,612.718581390431,-0.553316571630134,-0.257689664875984,24.6070852281346,31.1787833508754,0.0858667264536919,0.10315728500268,47,43,48.0460069234122,0.295626906754149
"蚂蚁",520.889493500422,584.769372089977,-0.695470638912702,-0.429287224862631,16.3332495051549,15.8826740649054,0.0592809222869156,0.0619492725563211,77,86,63.879878589555,0.26618341405007
"蛋",585.846076916833,641.90033333397,-0.409254037082248,-0.18635734876836,34.1291635041741,29.0410295822941,0.10469117726045,0.0918252814243345,52,60,56.0542564171374,0.222896688313888
"蛋糕",487.182725490416,545.99945236471,-0.686508029295893,-0.503357634247959,19.0615962962856,24.4142873636802,0.0875873082697248,0.082274914609456,51,42,58.8167268742944,0.183150395047934
"蛋黄酱",560.052826080632,699.40365000612,-0.432775420311842,-0.074330677094745,26.533892215304,29.6877559567712,0.0910930469685181,0.0851192803918174,46,40,139.350823925488,0.358444743217098
"蜡烛",567.064166681618,533.111725481962,-0.535979645301337,-0.564752155920804,29.6982934820478,21.65452571986,0.074144018451683,0.0776428500539713,48,51,-33.9524411996557,-0.028772510619467
"蜥蜴",607.435916676215,677.346949363962,-0.335605124943773,-0.0359325172221784,34.4797976176357,22.890454332842,0.101950767596501,0.0831911827713216,48,79,69.9110326877467,0.299672607721595
"蝙蝠侠",586.105666667488,620.880266658056,-0.360444560096925,-0.357900371498579,24.9971955489123,40.4424626094319,0.0749969561827339,0.107220511986357,45,45,34.7745999905683,0.00254418859834532
"行政",559.467456536089,672.302130446913,-0.56127260514249,-0.0483097949616813,22.3190046567669,29.0847512836137,0.061358979063813,0.109693503565562,46,46,112.834673910825,0.512962810180809
"表哥",531.826400002811,602.772081070018,-0.617086168321889,-0.355679203648761,24.5471834562737,19.2515037897677,0.0776779792454323,0.0668453241879646,50,74,70.9456810672067,0.261406964673127
"表明",523.787746653789,524.446634625105,-0.71037334982864,-0.611874789263061,19.5231260265449,16.8807685728006,0.064192779964844,0.0594897657480258,75,52,0.658887971316176,0.0984985605655792
"表现",567.290098024724,650.253341464096,-0.491455478591965,-0.0461377182229031,20.3024976642876,32.5905422466293,0.0746006399105946,0.139731615456662,51,41,82.9632434393728,0.445317760369062
"表达",572.130961541171,514.42015625535,-0.515626225489714,-0.616552408236913,29.8103273185091,15.2045973955305,0.0840682163560521,0.0608775101978776,52,64,-57.7108052858202,-0.100926182747199
"表面",560.944940005444,538.266749997786,-0.482543091260011,-0.570955096892202,23.7495606536917,15.4730896465396,0.0751576765873095,0.0557299790345914,50,52,-22.6781900076581,-0.0884120056321911
"袋子",541.1392045528,561.809104175241,-0.50606498734537,-0.498406252524338,18.7182459549682,21.754044361823,0.0855164933504021,0.0689281793687245,44,48,20.6698996224414,0.00765873482103152
"装备",538.400687501561,573.844209677606,-0.616149566996222,-0.491670206739207,15.9955930509414,26.879398002184,0.0600402464054952,0.0614644737308678,48,62,35.443522176045,0.124479360257015
"装满",653.78880357821,701.437068179134,-0.0116368198464112,0.0798120263521962,21.5469527480066,27.2779609904329,0.0880051755544665,0.102251895210255,56,44,47.6482646009241,0.0914488461986075
"裙子",577.474152166768,590.29415385325,-0.463506733789931,-0.360837356942567,35.0899706269706,21.0109185393647,0.114606378945805,0.079964393436584,46,52,12.8200016864821,0.102669376847364
"西部",535.350240741437,609.635119987186,-0.614720749551776,-0.342026773915788,33.434017496578,27.5075708650479,0.079081130465382,0.0964912457054988,54,50,74.2848792457493,0.272693975635989
"观众",571.927000002683,504.964024997293,-0.53221254358954,-0.765802583201872,34.3562940201236,18.5492544264019,0.0890033080998306,0.0662542222892032,50,80,-66.9629750053895,-0.233590039612332
"观点",546.300063838592,578.467837831295,-0.536065508547828,-0.49886075851896,28.3736737956298,20.6340408825954,0.0840407403574288,0.0640853098114972,47,74,32.1677739927028,0.0372047500288689
"视频",527.287367360851,549.045670213237,-0.631581741215103,-0.558881851846168,16.3698276063318,12.6859080012718,0.0498904708438771,0.0508349827612923,49,94,21.7583028523857,0.0726998893689351
"解雇",612.728166664343,613.092173900481,-0.3201622971304,-0.152911028009514,27.6150502631758,18.5330658611785,0.0808679105822556,0.0745573660353792,48,46,0.364007236137809,0.167251269120887
"誓言",620.298836379117,636.304557690852,-0.348162374361828,-0.242131923331799,39.5624175821501,25.5101290596553,0.0751912159694197,0.079013132455227,55,52,16.0057213117346,0.10603045103003
"警报",578.971420012613,599.891489371461,-0.479603682626708,-0.38813460185496,23.4394386025992,27.3998249752287,0.0730659559100191,0.0680991378219438,50,47,20.9200693588481,0.0914690807717479
"计划",501.148622231395,562.558918375315,-0.674465971563279,-0.486632581020577,14.645000275762,22.290890962594,0.0423464523450276,0.090761831801831,45,49,61.4102961439198,0.187833390542702
"计划.1",569.863830184301,540.851666672879,-0.453521107493294,-0.546168770250635,28.1543005625161,20.9828141384683,0.0961803956012504,0.0663445045127336,53,36,-29.0121635114218,-0.092647662757341
"计时",668.089461532515,621.312428588597,-0.0808358178595709,-0.299812722526203,32.1243251610183,34.5597822283936,0.127385940144781,0.100446861478887,39,42,-46.7770329439174,-0.218976904666632
"计算",570.508576926416,593.24165000381,-0.434890461807497,-0.40786840140851,24.9725204209656,35.1662945847972,0.0864110719603722,0.101322459128139,52,40,22.733073077394,0.0270220603989872
"讨论",531.556755561371,553.429333347991,-0.556674405934869,-0.560080431800235,22.8762876345994,28.5866125891804,0.0892192961277403,0.0807940632749222,45,45,21.8725777866208,-0.00340602586536565
"议员",586.144576939243,624.785723403365,-0.413556051681642,-0.209770452287846,25.3830023641874,30.1244964515416,0.0875444454790539,0.100048938345778,52,47,38.6411464641222,0.203785599393796
"议院",598.537980761355,681.984636379952,-0.429298126966225,-0.0169369652372552,34.0132374482176,35.084170314859,0.102279732722036,0.147760988407916,52,33,83.4466556185969,0.41236116172897
"记住",591.497743900837,544.021313721932,-0.41355479298905,-0.600704539644112,19.4166599414163,15.5311680635605,0.0622918010593502,0.0546447073804528,82,51,-47.476430178905,-0.187149746655062
"记者",559.123099995986,598.174826082437,-0.49028769175163,-0.306764094054786,27.164233873997,30.3223100811337,0.0992047003332154,0.0838871683032694,40,46,39.0517260864511,0.183523597696844
"设备",515.882375012093,555.39023406511,-0.668552250264876,-0.452642550261181,16.530825293491,26.2389405988896,0.0574201455454302,0.08402884591955,48,47,39.5078590530173,0.215909700003695
"证明",505.182679238142,481.445624998254,-0.659270959042242,-0.753825278328132,13.9131469698172,17.1233026030794,0.061871546839147,0.0528313335485997,53,48,-23.7370542398883,-0.0945543192858904
"证词",580.982645154897,648.822656700539,-0.477402810695113,-0.158035040151126,21.6710449424457,21.8875696930592,0.0705712283264816,0.0803346755687375,62,67,67.8400115456419,0.319367770543986
"评估",576.456884607751,615.313553198684,-0.403680408793203,-0.277361481294475,24.4712566294657,19.9629162712322,0.082106327742397,0.0892330123801132,52,47,38.8566685909333,0.126318927498727
"诉讼",618.416608686033,718.728239984171,-0.271158411712774,-0.0466148223523379,27.3549674871912,42.1580475264247,0.0881673779537316,0.121429346693926,46,50,100.311631298138,0.224543589360437
"诊所",580.849125027467,527.56493180455,-0.442525974342931,-0.550134145937159,29.8486010344153,14.8360056571613,0.087252581192395,0.0555012282422481,48,44,-53.2841932229173,-0.107608171594228
"试图",605.200680850089,657.265795895913,-0.425030792615362,-0.211853732678537,29.1491301167765,39.7240558122087,0.0862765025527137,0.0965341913987902,47,49,52.0651150458233,0.213177059936825
"诗歌",521.742139542591,584.883062498741,-0.611017801971186,-0.381289842970027,21.3116903891758,25.2335875777675,0.0684319862521873,0.0811658255151939,43,48,63.1409229561501,0.229727959001159
"诚实",581.209382982251,505.251307682281,-0.566841094629256,-0.695953499141432,37.991281848555,14.691588004915,0.0843695208229772,0.0585827501952717,47,52,-75.9580752999694,-0.129112404512176
"诚实.1",522.135733336592,557.635333345925,-0.574747362772372,-0.587701507146917,16.9675889834641,24.8460184263752,0.071306724497087,0.0636928453297363,60,42,35.4996000093332,-0.0129541443745445
"话筒",552.679479999148,605.478234044069,-0.516565689149888,-0.386303832306444,22.3378771370991,36.4458240057055,0.0713975523810348,0.0892150390333646,50,47,52.7987540449218,0.130261856843444
"询问",549.646660027143,614.803068220459,-0.510705254686927,-0.281969902451414,20.5116129019728,33.0429484122962,0.0675926549051851,0.0959826541261773,50,44,65.1564081933162,0.228735352235512
"诱拐",661.98488636201,736.411261901381,-0.232681510324577,0.117755859541406,46.5316184561723,38.7791790314547,0.116257271742629,0.124793027369971,44,42,74.4263755393706,0.350437369865983
"诱饵",590.654399992276,586.552788452165,-0.295153448150951,-0.318668671014987,28.2518040070796,19.1028453453125,0.104444116001462,0.0798820622700526,50,52,-4.10161154011121,-0.0235152228640359
"请求",547.680021277373,594.982125011519,-0.574741141141968,-0.367696705442966,21.2696067659443,38.5032014640602,0.0840208639977481,0.0999063042403045,47,48,47.3021037341459,0.207044435699002
"调查",513.699017232772,517.86114584212,-0.605854009975566,-0.616334797588085,20.0375065800982,17.412744806877,0.0607795655292119,0.0605110518380605,58,48,4.16212860934729,-0.0104807876125186
"谋杀",601.526444460988,644.885607849687,-0.348100104790976,-0.330432961520307,24.9746199107677,48.4358333594374,0.0901816599698678,0.0869437174839406,45,51,43.359163388699,0.0176671432706687
"谜团",779.922066664041,716.551311108654,0.391524036323637,0.0345998491167696,22.8998253722199,37.3017926974271,0.0822570659680651,0.111287048225557,75,45,-63.3707555553873,-0.356924187206868
"谢谢",555.760226415909,567.698576911921,-0.592875124988495,-0.467942273030527,22.9413583596603,23.6376337007907,0.0757304117298486,0.0734235341681449,53,52,11.9383504960116,0.124932851957968
"豪华车",557.348755565207,679.649607845366,-0.52642103572019,-0.000713469358233937,22.8051577534025,35.6365497900834,0.0697761873441321,0.118106670650274,45,51,122.300852280159,0.525707566361956
"财富",511.531612254166,545.376130441212,-0.635036485983405,-0.533952515991265,19.9338379098291,18.4332400860776,0.0595374083415318,0.0583719111937791,49,46,33.8445181870455,0.10108396999214
"货物",632.694096158343,560.832531903956,-0.224456075088124,-0.535634993116606,31.2169521555364,21.7348878624655,0.0895429870996197,0.0655224361969962,52,47,-71.8615642543864,-0.311178918028483
"货车",554.071300006445,580.200933316933,-0.50226271335718,-0.343506684934487,25.24258244843,24.1071557248696,0.0842117348060114,0.084581945279871,50,45,26.1296333104879,0.158756028422693
"质量",543.083434788357,527.863941159229,-0.531878096595848,-0.627484013774494,28.1408742992414,20.0210987845287,0.0883702790182637,0.0640905523989027,46,51,-15.2194936291282,-0.0956059171786462
"贷款",659.875907423576,660.393722237333,-0.166188210260687,-0.102706984937803,25.0311089051324,27.4811144870077,0.0927946450795536,0.08889066733666,54,54,0.517814813756445,0.063481225322884
"资本主义",553.432519987458,640.873166660159,-0.520989875079925,-0.232847533902715,25.9976512444663,26.2606852569954,0.0758902539195026,0.0702818901225964,50,48,87.4406466727002,0.28814234117721
"赎金",592.218645824986,716.975671416027,-0.303912648793801,0.154599686848872,22.4403746625509,23.6495672349089,0.079840069416662,0.0807632233894962,48,70,124.757025591041,0.458512335642674
"赝品",656.80860001628,725.175063842661,-0.122357033402731,0.264619701441678,26.5929660234503,19.3781888513949,0.0762810694304982,0.0781790012283138,40,47,68.3664638263815,0.386976734844409
"赞同",568.504589292529,630.783661007274,-0.462246716968623,-0.334848004642687,27.1168594168551,47.3209882854617,0.0801895968724383,0.0928710675368842,56,59,62.2790717147451,0.127398712325936
"走出",637.30774648168,633.821666669095,-0.225865380517966,-0.133637106286107,24.2360725414243,31.0627446736888,0.0891556084099826,0.100213432885418,71,42,-3.48607981258533,0.0922282742318591
"走路",523.606568639297,494.457962259707,-0.6223171351194,-0.713232736710132,19.3919649972655,13.3535017415065,0.0715321206290237,0.0607971921078868,51,53,-29.1486063795898,-0.090915601590732
"起司",685.783062501074,815.869400002751,-0.124288232198016,0.392138509698403,55.6285171121422,58.5067055411153,0.147538704809078,0.187130660896719,32,20,130.086337501677,0.516426741896419
"起飞",581.376595750696,633.668894716606,-0.457501468596724,-0.205926091991403,32.6143212158023,17.6644589452499,0.10427672282816,0.0705948773724036,47,95,52.2922989659103,0.251575376605321
"超常",622.679294097333,674.320772733531,-0.143338072272406,-0.113881188386575,24.9589333746303,28.1440830344774,0.0969209754998808,0.0969833260224115,51,44,51.6414786361981,0.0294568838858316
"足球",514.924340442896,547.483250003052,-0.696589300990824,-0.52168529262455,25.6468614733881,30.7647222696484,0.089601407057428,0.0871545227845921,47,48,32.5589095601559,0.174904008366274
"跳舞",450.74308165039,534.877465169033,-0.871337233612062,-0.615056072132419,13.2453432866709,30.2173778256173,0.0388431845825595,0.0817630648815043,49,43,84.1343835186426,0.256281161479643
"跳跃",571.264543483788,535.007244914545,-0.409310729763119,-0.506259716192993,28.7469991329046,15.9959539245449,0.108840608893375,0.0554102047075439,46,49,-36.2572985692425,-0.0969489864298739
"身体",569.233139536169,511.778574472243,-0.514033563304167,-0.613064216088773,40.1596894099505,18.8050753184749,0.0994131030857438,0.0705485943664249,43,47,-57.4545650639259,-0.0990306527846065
"车站",562.228823528587,564.626274513897,-0.532648425440945,-0.397347565829119,34.1296986063107,22.6209883402464,0.0718690917645023,0.0906388223590386,51,51,2.39745098531034,0.135300859611826
"车间",626.253826082504,656.757808504588,-0.299630587960892,-0.149728335819815,29.5811925174877,29.5956941728789,0.0955837173087894,0.104342970108022,46,47,30.5039824220845,0.149902252141077
"轨道",628.599466692853,591.638629621234,-0.298026663243857,-0.384024611153736,29.2783593377324,15.469275685419,0.0877641244620457,0.0557080707415504,45,81,-36.9608370716185,-0.0859979479098793
"转移",591.858916645603,646.872815797984,-0.322847047697315,-0.193193280589765,17.2296944383199,49.0603579160245,0.0610787524074982,0.13765801015554,60,38,55.0138991523806,0.12965376710755
"轮船",655.317999995034,575.079260868311,-0.375480189261428,-0.394514738536203,56.0143255854531,24.8069081442202,0.118142503652651,0.0829873422827986,40,46,-80.2387391267229,-0.0190345492747745
"轮船.1",556.497666671404,646.387930237117,-0.561056402264914,-0.097554592659361,28.4882582381998,40.6207134348701,0.0743422804130578,0.12961908474327,45,43,89.8902635657129,0.463501809605553
"软管",670.649399986834,788.198633336777,-0.103161330476374,0.2682024693631,33.6650555529751,64.626872203113,0.111325906821318,0.187286635412263,45,30,117.549233349943,0.371363799839474
"轿车",571.164245287948,646.912607842868,-0.499008819836036,-0.133127117479651,29.4970989458887,29.0294735772505,0.0861310369920044,0.106926746222988,53,51,75.7483625549199,0.365881702356385
"辐射",566.045937501571,640.61855767996,-0.515940601061024,-0.209158108138715,21.0026507756693,22.4907947738412,0.0620801045428742,0.0749076694848616,48,52,74.5726201783887,0.306782492922309
"达成",621.808769232271,654.6948431256,-0.175779297927957,-0.162688155210487,21.7493105302822,27.1115350053276,0.0849262512993911,0.0825824082518015,52,51,32.8860738933284,0.0130911427174695
"迅速",564.914655189027,604.765681828145,-0.474830776433494,-0.426601321090322,17.074676289914,40.1448949288711,0.0597498022724302,0.098475485022968,58,44,39.8510266391185,0.0482294553431719
"过去",581.994719994381,576.636108103508,-0.541741731360603,-0.409351880110754,40.4858793398253,25.2219012287257,0.0988815772188007,0.100764840805982,50,37,-5.35861189087336,0.132389851249849
"过失",681.961411772702,663.297553202077,-0.104017735787682,-0.0887556369287476,35.0248604641472,40.0659296300196,0.108474493861425,0.118589517959115,51,47,-18.6638585706252,0.015262098858934
"过来",501.223499991749,619.612418629133,-0.764202011347646,-0.245416440558767,13.9687648382746,36.6576909505319,0.0478137557959838,0.120376082726336,76,43,118.388918637384,0.51878557078888
"运动",524.627000015724,495.551534233967,-0.632668714680874,-0.799024986959151,20.9890411632025,9.93314709571282,0.0798976210669476,0.0423279255198142,44,73,-29.0754657817565,-0.166356272278277
"返回",511.417300003899,569.820954548354,-0.672530638724256,-0.445773282775831,17.9841162848682,25.3682379975588,0.0628162594225534,0.0768768472591698,50,66,58.4036545444552,0.226757355948425
"远方",560.319363650352,581.684021280564,-0.552521790417108,-0.466607649492595,27.3206991532538,27.6073431705566,0.0852237793606827,0.082569564453191,44,47,21.3646576302125,0.085914140924513
"迫切",602.127243590459,605.745177759184,-0.34470595450079,-0.278863605584554,16.6684357094335,23.7750414905252,0.0614054777342073,0.0812187856695391,78,45,3.61793416872501,0.0658423489162359
"迷人",516.623963612899,539.100764699188,-0.623282306070806,-0.585547933990531,13.6293516438603,24.9505376072588,0.0542864260093191,0.081241115793797,55,51,22.4768010862888,0.0377343720802745
"追赶",537.341105253916,544.932044130283,-0.549621059312164,-0.502772229738608,19.3589961563935,13.7507830585155,0.0718763549211184,0.0504533823302091,57,68,7.59093887636686,0.0468488295735563
"逃犯",538.770260865577,575.936346173552,-0.537370672841346,-0.421151838160747,20.5942220790864,25.7837919281457,0.0684883825951865,0.077681885359105,46,52,37.1660853079749,0.116218834680599
"逃脱",583.579139993099,545.581750008182,-0.47996184267785,-0.531945747842867,32.5740087898088,23.0261418199235,0.0975802914644803,0.076419225855069,50,48,-37.9973899849172,-0.0519839051650163
"选举",641.297140002951,653.856266661183,-0.184858316592454,-0.100034672439981,34.8091154668509,27.0134885215341,0.11567159011044,0.0936930392207243,50,60,12.5591266582319,0.0848236441524736
"选手",630.983468091529,624.450490208834,-0.368506735609663,-0.112212283556296,46.3111469272439,26.5099301552489,0.0867213861318735,0.110349048646562,47,51,-6.5329778826956,0.256294452053367
"选择",550.862717412551,564.835886800973,-0.484041315296914,-0.438637372299199,29.1170206647745,22.3748548497169,0.0814723098629474,0.0818043127174342,46,53,13.9731693884212,0.0454039429977149
"选民",561.259666679034,718.243214303681,-0.378374700331884,0.114617995324501,26.2785680122475,30.0255471210308,0.103589687813051,0.111998048589704,51,42,156.983547624647,0.492992695656384
"选项",547.130595239156,535.136239116852,-0.487272936423671,-0.50499784250838,26.6857707116302,15.8688795781327,0.106932835412549,0.0507297913717216,42,46,-11.9943561223037,-0.0177249060847091
"通信",647.843711115872,681.570325569114,-0.120243368235967,0.0164863480088931,32.8660054855942,37.1574869760347,0.111532834478963,0.151973710913247,45,43,33.7266144532425,0.13672971624486
"通常",566.528653862391,573.624429998942,-0.497379814408107,-0.475542478380507,18.2891668170259,15.1392352168324,0.0627921433107333,0.0566169021263272,52,100,7.09577613655017,0.0218373360276006
"通常.1",498.546169806187,583.677560971728,-0.716377881732527,-0.46158495156099,16.0458486757645,35.6279524702288,0.065675603162078,0.103900947646291,53,41,85.1313911655411,0.254792930171537
"通常.2",563.369111133101,594.114659586166,-0.571396145301036,-0.422214502406628,36.0033653305325,33.7103820801097,0.115757970933703,0.09106890016643,45,47,30.7455484530648,0.149181642894408
"通知",539.5357543879,497.382956531648,-0.50770499151872,-0.725749801130246,17.2585058059424,22.3892548664145,0.058367264849068,0.0760596305024183,57,46,-42.1527978562513,-0.218044809611527
"通风",584.531973454664,683.843813954426,-0.351344288144595,-0.095417262262514,13.5783042929792,32.9070727157476,0.0598040957710043,0.0992408519812516,113,43,99.3118404997616,0.255927025882081
"速度",538.094199996348,503.917173912303,-0.565297081123455,-0.780192881893029,29.812360563185,17.4045125116279,0.084254567254748,0.0650273831579028,45,46,-34.1770260840455,-0.214895800769573
"逮捕",639.92796157771,652.450041090017,-0.261430714222,-0.154966774765905,24.6223412129406,21.6002159116705,0.076295468790278,0.0722447386233443,52,73,12.522079512307,0.106463939456095
"遇到",573.543287495113,561.892926820485,-0.456580020094131,-0.475005858127155,15.3940578122138,19.2488222913308,0.0606824586191408,0.0701763241117106,80,41,-11.6503606746277,-0.0184258380330237
"遏制",678.392326085934,787.348903217837,0.026697221804099,0.278905226732702,29.8242395223176,37.7027584326408,0.106960675338546,0.10814108730457,46,31,108.956577131903,0.252208004928603
"道路",553.620282602693,557.745155564285,-0.561817194772892,-0.495177343022898,27.4012387915896,20.0135277977221,0.0729922241096373,0.0706645066353338,46,45,4.12487296159225,0.0666398517499933
"那个",603.702299997186,647.502936178008,-0.305486531038931,-0.14641262649788,38.3179307505315,33.2983913477675,0.119696670323829,0.0926528291346589,40,47,43.8006361808216,0.15907390454105
"那儿",557.023674420319,696.536645830814,-0.53124300420281,0.147895652906484,28.8595974494125,28.4489093965271,0.0952969648608194,0.116655101378497,43,48,139.512971410495,0.679138657109295
"部委",691.799829270522,743.49450000792,0.200970942745083,0.310818649513583,31.8575865013073,42.7085516923791,0.136986834796442,0.14327847398432,41,34,51.6946707373971,0.1098477067685
"部长",569.239739137896,595.641749994145,-0.553509020098339,-0.330177603579966,30.195755159003,23.7063338106035,0.0881086655304586,0.0743535408295014,46,48,26.4020108562494,0.223331416518373
"部门",547.587039992952,630.988457617212,-0.547956928103755,-0.326013284826376,22.9051256022364,27.3383863844782,0.0780823629227244,0.0862938728006163,50,59,83.40141762426,0.221943643277378
"部队",563.825285707115,538.62844897541,-0.423140977535873,-0.498944630081186,22.0043262255403,23.7390636788083,0.0914641263900078,0.0956867629238839,49,49,-25.1968367317048,-0.075803652545313
"酒吧",538.610624993365,604.010566042837,-0.641535104943812,-0.267649021576415,15.2772568567106,13.5105745422336,0.0469406117548328,0.0502028057717854,80,53,65.3999410494725,0.373886083367397
"酱汁",557.375884643597,663.484230763419,-0.479421683628647,-0.221574019223115,17.1717162962479,44.3028675266202,0.0570661237073609,0.111754786620376,52,39,106.108346119822,0.257847664405532
"酷刑",631.938446822367,639.186183678104,-0.160398331382303,-0.220715905095313,25.4761329291057,29.0428108692344,0.10089437430603,0.0945168112235821,47,49,7.24773685573757,-0.0603175737130104
"采用",589.33832727977,574.085530615443,-0.301521519638398,-0.385589370085179,19.393147599718,20.0391151685406,0.0776628837282416,0.0618786304754212,55,49,-15.2527966643271,-0.084067850446781
"里面",582.266411756666,616.592181815435,-0.451605351145389,-0.30884813670787,25.32472605647,37.5948078802682,0.0989978872769653,0.110993881360859,51,44,34.3257700587686,0.142757214437519
"重要",541.111062497036,543.430363654344,-0.61333428339133,-0.535560577084725,26.1192505565426,20.5281053959521,0.0810154613638435,0.074861394745265,48,55,2.3193011573079,0.0777737063066055
"重要.1",506.100326925167,492.419413046262,-0.68210301288582,-0.759217687383497,17.9036957472841,15.1823749582588,0.0638028756453198,0.055351167653536,52,46,-13.6809138789052,-0.0771146744976765
"金属",566.436500011166,603.535551017621,-0.508656267380312,-0.324891611692664,26.1564489687432,34.9060499970928,0.0895490866111698,0.10156558825028,42,49,37.0990510064552,0.183764655687648
"金星",571.92921274712,666.907367358761,-0.484212258917207,-0.104719824972551,31.3965428791842,32.4504303464959,0.0879986980382252,0.107451499045824,47,49,94.978154611641,0.379492433944656
"金融",573.432302303836,619.488395822954,-0.494794322477341,-0.245710356465494,24.8414851982817,25.5313637683152,0.0737099800730411,0.0843595772210963,43,48,46.0560935191176,0.249083966011847
"金融业",575.394490194005,621.590954542458,-0.462729210344908,-0.232404447418125,26.402561929215,20.8803028446552,0.0947525350011238,0.0688501783538413,51,44,46.1964643484531,0.230324762926782
"钓鱼",503.04556410235,594.268644453978,-0.690556357894547,-0.392181186487137,21.9417947826365,23.4662274666501,0.069167151880195,0.0931704299563857,39,45,91.2230803516279,0.29837517140741
"钞票",552.79110713992,544.950159080015,-0.555978117987724,-0.527694502684346,16.6987180845604,18.1215935686955,0.0519475501307064,0.0533336589305457,56,44,-7.84094805990446,0.0282836153033778
"钢铁",566.446787885503,573.80875609978,-0.482804945680957,-0.463194807650261,18.356841550127,35.2479677740252,0.0546133580411068,0.0966520867329954,66,41,7.36196821427768,0.0196101380306961
"钱包",510.664500012235,557.179739129495,-0.661055482274226,-0.529844465343293,19.0214531414228,22.3734650947986,0.0778577219312169,0.0701632707613132,62,46,46.5152391172598,0.131211016930933
"银器",621.873599991693,756.568700030891,-0.160402162349199,0.152280436094097,21.6679638458541,41.6139096307973,0.0878620225325546,0.137898019881653,50,40,134.695100039198,0.312682598443296
"销售",578.583914890388,545.256791697292,-0.472910571203416,-0.521690679391868,29.7701398260379,22.1159200153241,0.0809055398718988,0.0697031057370402,47,48,-33.3271231930958,-0.0487801081884523
"锁具",739.218594584271,735.041535723333,0.200893913590498,-0.0491381934282122,45.3901412096744,78.9220954364429,0.158894316471071,0.21288396679504,37,28,-4.17705886093802,-0.250032107018711
"错误",594.912476207084,626.963744181762,-0.36653046584843,-0.307080944064099,32.038198656627,21.9877040323128,0.112296624967786,0.076083623339046,42,86,32.0512679746785,0.0594495217843303
"锤子",567.888217398079,654.298212778096,-0.399296765377464,-0.162808298708607,21.6776325308105,24.2698271668152,0.0813144412286316,0.08168187304163,46,47,86.409995380017,0.236488466668857
"锻炼",564.99663829085,564.07613043389,-0.507675178921246,-0.541004238408686,24.4630811052828,22.1959171814051,0.0840106300927509,0.0599138538347427,47,46,-0.920507856960057,-0.0333290594874401
"镜子",557.518589279822,549.98028570954,-0.433574801788005,-0.578532988924498,24.9376129132543,18.6455338680284,0.0819080579236925,0.0665825173417225,56,49,-7.53830357028244,-0.144958187136493
"长久",535.764304333559,597.136083336612,-0.609170955231043,-0.288026017130314,23.1863670557564,23.4298389213591,0.0903082105699694,0.0940066626155855,46,48,61.371779003053,0.321144938100729
"长度",552.273743590482,536.60833332683,-0.535189292224339,-0.527930317184007,20.476433109833,20.2623443149143,0.0627010580906556,0.0783720018798453,39,48,-15.6654102636517,0.00725897504033202
"问题",524.075701306712,528.278148945964,-0.693652671482759,-0.627090693611079,11.3163051845372,23.8578174938175,0.0449713813652526,0.0859229432716499,77,47,4.20244763925245,0.0665619778716805
"闻到",609.125289464371,713.29795454655,-0.296772749322028,0.160614361123319,43.2093320380711,38.6224687643984,0.104063892430135,0.13617429109196,38,44,104.172665082179,0.457387110445347
"队长",491.370394728179,571.843933324478,-0.836263093207783,-0.505905309122557,13.8464430935523,23.8780323939755,0.0480760080011925,0.0707654336967014,76,75,80.4735385962992,0.330357784085226
"阳具",722.267575750794,893.142111123286,0.0894712336783279,0.78557137652833,41.4667262952434,60.5175130129775,0.142902525796546,0.216918388987317,33,18,170.874535372492,0.696100142850003
"附加",545.222866679453,621.611978251747,-0.553010346735635,-0.255633585427357,19.5271529131028,33.5778655855684,0.0671669667627585,0.0990861788909056,45,46,76.3891115722939,0.297376761308277
"陈述",527.631820007497,598.371707326062,-0.590454656709145,-0.352294391558108,16.4237381194296,26.335679408469,0.0625634523102313,0.0816550816677849,50,41,70.7398873185645,0.238160265151037
"陪伴",579.041409631047,603.544936168352,-0.490047931918091,-0.361152901138163,22.9886392943885,31.890159844889,0.0754288583331095,0.0886041025334271,83,47,24.5035265373053,0.128895030779928
"隐私",552.100357143019,588.575391326273,-0.546501976870465,-0.383471278062402,37.7010915536128,28.0967060266373,0.0674012772374166,0.0824784700164529,42,46,36.4750341832546,0.163030698808063
"隐藏",511.403089266553,587.238866658508,-0.676328304006333,-0.420799623698086,18.4365054450547,27.4508508174081,0.0723387726664313,0.0878585082762746,56,45,75.8357773919553,0.255528680308247
"隧道",588.170803285785,639.172296294426,-0.376980707678088,-0.299469218038184,22.5931550125308,28.9544508872825,0.0745342780673803,0.0550118582955959,61,54,51.0014930086412,0.0775114896399035
"难受",501.806870120763,570.68253488295,-0.774410443324248,-0.447690568141279,9.34951478188357,21.7685682678642,0.0306078890167512,0.0625165773916856,77,43,68.8756647621874,0.326719875182969
"集中",616.767020841269,587.104870367352,-0.353614114675845,-0.448002737718097,25.2149410670531,21.6363393990011,0.0749335306746747,0.0771676775799817,48,54,-29.6621504739172,-0.0943886230422522
"雏形",705.453999977627,713.319846143898,0.0926763342064735,0.0427674540831083,26.9016181134931,26.9098796444181,0.0987565343580674,0.0846932626821051,40,39,7.86584616627158,-0.0499088801233651
"雕像",563.339599991457,626.871260856802,-0.438942641718179,-0.186941693860356,22.1120017123581,26.2557767332085,0.0744333537879576,0.0887619854779959,45,46,63.5316608653451,0.252000947857823
"雪茄",654.26327659599,628.988739138304,-0.148378813236,-0.270067753281379,29.3206504201963,28.210461404155,0.0945079409293515,0.0719620685433139,47,46,-25.2745374576858,-0.12168894004538
"雷鸣",687.636071434845,760.302674441707,-0.162115354851269,0.154896319162895,39.4622344021113,52.6634575763555,0.0933634336676507,0.127696689434217,42,43,72.6666030068626,0.317011674014164
"需要",538.510964293176,608.135944415492,-0.636266622710079,-0.302409557439479,19.7510973780548,28.2221763940759,0.0713564701552176,0.105166182262762,56,54,69.6249801223156,0.3338570652706
"露营",546.232617017516,619.308474569641,-0.541937512271053,-0.161752757828267,23.0638631126366,14.614807365511,0.0795363577154523,0.049172612988063,47,59,73.0758575521244,0.380184754442787
"非凡",569.849593744635,603.77772221658,-0.419823654470106,-0.297286504679118,22.5539245022645,32.4455543700801,0.0693027002706798,0.130650856944291,64,36,33.9281284719444,0.122537149790988
"非常",500.229595732921,531.302591828245,-0.716968614063975,-0.566998521912642,17.7691077517789,22.9283363758953,0.0783190961877668,0.0804550880148342,47,49,31.0729960953235,0.149970092151333
"面粉",622.229340417256,572.475888882974,-0.416953325165747,-0.444053682726005,45.4309636713849,20.1277242113563,0.0954946523391887,0.0738114561579073,47,45,-49.7534515342825,-0.0271003575602582
"音乐",500.808639984282,535.692428567504,-0.710247897414817,-0.694179602786347,17.9537429334272,19.5915037953912,0.0586603089368486,0.0674833060524376,50,77,34.8837885832221,0.0160682946284706
"音乐会",560.744543874016,593.170116266826,-0.504246009516942,-0.469643737644931,21.5280744307434,47.1910885239771,0.0731789488400834,0.065784960390313,57,43,32.4255723928103,0.034602271872011
"项链",563.599549024135,591.906040808968,-0.553328495667321,-0.304137660686845,25.1281406962545,28.1859233597457,0.0623876460287003,0.0983869509780435,51,49,28.3064917848337,0.249190834980477
"颅骨",696.467414643894,693.929682926917,-0.132605530680443,0.0508201330085397,33.8659307774605,22.4793610186049,0.0859882684686303,0.0954647029964747,41,41,-2.53773171697662,0.183425663688982
"领导",509.172072726171,544.982888870455,-0.704940903864886,-0.620771692217557,14.2749941795621,18.5704654984446,0.0476248513956285,0.0741320625863302,55,63,35.8108161442847,0.0841692116473297
"领带",545.864333340637,607.177372086755,-0.50023412666079,-0.358197927055993,18.5941307813162,30.9661471204366,0.0750787143830448,0.0854113435979203,42,43,61.3130387461185,0.142036199604797
"风暴",554.171133324055,598.750277775979,-0.458530367380035,-0.358180199153467,23.0861135757916,29.1923626717733,0.083237559175117,0.0886093134888202,45,54,44.5791444519234,0.100350168226569
"风格",522.514849057462,569.836444454398,-0.667383366042732,-0.459388270637681,22.0925783519708,30.405047238297,0.0812004184912102,0.0984359364576126,53,45,47.3215953969361,0.207995095405051
"飞行员",499.797062518085,589.058734694836,-0.739733477231378,-0.377854378160643,17.1561825330441,26.9366509956468,0.0611611139371536,0.081370443216131,48,49,89.2616721767505,0.361879099070735
"飞鸟",580.26766667293,635.456333320424,-0.396983258212703,-0.231021229273534,23.3027564590578,33.1798605703976,0.0823171099211963,0.0978073437154979,51,51,55.1886666474948,0.165962028939168
"餐厅",521.766458349643,585.398480765162,-0.668288398437671,-0.370932503897158,14.801639457286,35.4451455534497,0.0473905409927384,0.114257234233492,48,52,63.6320224155195,0.297355894540513
"饥饿",545.03076000966,609.201854170041,-0.559610040532425,-0.281482522975903,16.088950706297,32.5909988236304,0.0546736225070821,0.107160873615176,50,48,64.1710941603811,0.278127517556521
"首要",579.749081630727,621.555568183508,-0.442849527134824,-0.221605892199419,32.3786004736873,30.9534303491292,0.0930242097921175,0.0988027612002476,49,44,41.8064865527808,0.221243634935405
"香槟",518.634632636594,613.95392450561,-0.589470625480228,-0.308839582151283,13.9719199992522,17.6866294947773,0.0429213978681077,0.0615786937028611,49,53,95.3192918690155,0.280631043328945
"香水",529.008093032226,599.706771937883,-0.610890210112881,-0.42162184338411,24.1917019009062,34.883056255615,0.0945150831155565,0.0705070580623494,43,57,70.6986789056566,0.18926836672877
"香烟",515.976896557906,600.995133334066,-0.642157522007714,-0.337935087605476,18.1111458845133,28.6773508342048,0.0563208909991608,0.101086931583377,58,45,85.0182367761599,0.304222434402239
"香草",589.878460001612,651.810441847738,-0.464826512350855,-0.170013072221152,25.877697440851,28.6261525636326,0.0775461023266691,0.098282089979161,50,43,61.9319818461254,0.294813440129703
"马儿",605.420162771701,679.424555542686,-0.424039867538701,0.138791313640039,31.8116501926158,29.640054529584,0.083827860651342,0.130942145833955,43,36,74.0043927709849,0.562831181178741
"马戏",628.24167307385,666.944841459212,-0.126447030887463,-0.0652365860308632,22.245193657944,18.5442106729293,0.10292835248058,0.0718397885803453,52,82,38.7031683853627,0.0612104448565999
"驾驭",624.456200003979,649.48804545544,-0.287005984389495,-0.130169761098896,26.1077692558608,37.8767127954745,0.0866713751195728,0.104986602484464,40,44,25.0318454514611,0.156836223290599
"骗子",574.051521730498,556.227711543555,-0.378005986215948,-0.516074532495796,24.917858210356,20.7795688565408,0.0855565521371859,0.0710875334168311,46,52,-17.8238101869434,-0.138068546279848
"高",489.223770808806,565.97244443478,-0.737154495575765,-0.433804536972618,19.3860357655267,19.697626278662,0.0678953471003543,0.0853922863697741,48,45,76.7486736259734,0.303349958603146
"高山",595.428488911782,635.429710527327,-0.356052547042466,-0.250781368484034,29.1226388409678,36.6546362738725,0.0955192916269888,0.10829606438832,45,38,40.0012216155444,0.105271178558432
"高度",544.794106376726,559.862446814864,-0.624197718024241,-0.540534574422104,32.9068635056973,24.7689776762865,0.0883616500229774,0.0857900482467065,47,47,15.0683404381386,0.0836631436021371
"高速",546.547291659339,582.446403855605,-0.574429997105005,-0.431108006988454,24.2353686482509,22.926843971391,0.087109257764164,0.0871442296136263,48,52,35.8991121962661,0.143321990116551
"魔鬼",552.71997674086,594.562853666322,-0.51815969551839,-0.354673681855097,29.6245060115702,30.7867086228679,0.128312730628907,0.0900403570009641,43,41,41.8428769254621,0.163486013663293
"鱼类",621.472688887932,645.607979598189,-0.286845087161659,-0.0837887174463941,32.6487567640473,26.182809593716,0.097866514641954,0.113051510228168,45,49,24.1352907102569,0.203056369715265
"黄油",578.747978707966,623.386043476785,-0.380739211072004,-0.307257564346819,30.6593549692974,26.616436333586,0.111996539274136,0.0850831577766754,47,46,44.6380647688192,0.0734816467251853
"黄色",539.399639990305,593.172313721825,-0.622869795959697,-0.400320240583226,33.620224121304,33.3033909299854,0.0956171075030667,0.0877914820160177,50,51,53.7726737315197,0.222549555376471
"黎明",567.736979178848,603.303244893772,-0.457551124755124,-0.214035525565323,18.7722142854028,18.7954690621984,0.0644950191339527,0.0811831364273929,48,49,35.5662657149237,0.2435155991898
"黑暗",548.90656453032,501.615190464037,-0.485451921189275,-0.663560108277774,26.6704067260531,14.3060470844008,0.0841692919988004,0.0508198453923364,62,42,-47.2913740662831,-0.178108187088499
"黑色",485.079936150523,593.457499993693,-0.749142565718787,-0.43208041822035,20.1384230859451,20.0919961699023,0.0637058892137885,0.0785652601933384,47,66,108.377563843171,0.317062147498437
"鼻子",521.988714277522,541.788428566651,-0.607750349353184,-0.56905887299013,24.7208277793794,14.885880455729,0.0920275125722932,0.0520988798061966,42,49,19.7997142891286,0.0386914763630535
"龙虾",623.960787224367,561.802396825115,-0.193682294670521,-0.450116238138286,24.4138313094193,14.0738958892578,0.0693392406076378,0.0463524246965577,47,63,-62.1583903992521,-0.256433943467765
